2026-09-23 09:54:52.432 [restartedMain] INFO  t.zff06.logging.LoggingApplication [] - Starting LoggingApplication using Java 21.0.12.1 with PID 33992 (D:\Tools\Projects\backend-learning\03-logging\target\classes started by zff06 in D:\Tools\Projects\backend-learning)
2026-09-23 09:54:52.434 [restartedMain] INFO  t.zff06.logging.LoggingApplication [] - The following 1 profile is active: "dev"
2026-09-23 09:54:52.458 [restartedMain] INFO  o.s.b.d.e.DevToolsPropertyDefaultsPostProcessor [] - Devtools property defaults active! Set 'spring.devtools.add-properties' to 'false' to disable
2026-09-23 09:54:52.458 [restartedMain] INFO  o.s.b.d.e.DevToolsPropertyDefaultsPostProcessor [] - For additional web related logging consider setting the 'logging.level.web' property to 'DEBUG'
2026-09-23 09:54:52.828 [restartedMain] INFO  o.s.boot.tomcat.TomcatWebServer [] - Tomcat initialized with port 8003 (http)
2026-09-23 09:54:52.835 [restartedMain] INFO  o.a.coyote.http11.Http11NioProtocol [] - Initializing ProtocolHandler ["http-nio-8003"]
2026-09-23 09:54:52.836 [restartedMain] INFO  o.a.catalina.core.StandardService [] - Starting service [Tomcat]
2026-09-23 09:54:52.837 [restartedMain] INFO  o.a.catalina.core.StandardEngine [] - Starting Servlet engine: [Apache Tomcat/11.0.24]
2026-09-23 09:54:52.858 [restartedMain] INFO  o.s.b.w.c.s.WebApplicationContextInitializer [] - Root WebApplicationContext: initialization completed in 400 ms
2026-09-23 09:54:53.020 [restartedMain] INFO  o.a.coyote.http11.Http11NioProtocol [] - Starting ProtocolHandler ["http-nio-8003"]
2026-09-23 09:54:53.031 [restartedMain] INFO  o.s.boot.tomcat.TomcatWebServer [] - Tomcat started on port 8003 (http) with context path '/'
2026-09-23 09:54:53.035 [restartedMain] INFO  t.zff06.logging.LoggingApplication [] - Started LoggingApplication in 0.883 seconds (process running for 1.243)
2026-09-23 09:57:49.095 [http-nio-8003-exec-4] INFO  o.a.c.c.C.[Tomcat].[localhost].[/] [] - Initializing Spring DispatcherServlet 'dispatcherServlet'
2026-09-23 09:57:49.096 [http-nio-8003-exec-4] INFO  o.s.web.servlet.DispatcherServlet [] - Initializing Servlet 'dispatcherServlet'
2026-09-23 09:57:49.096 [http-nio-8003-exec-4] INFO  o.s.web.servlet.DispatcherServlet [] - Completed initialization in 0 ms
2026-09-23 09:57:52.951 [http-nio-8003-exec-3] INFO  t.z.l.controller.LoggingController [] - 处理 /logging/demo 请求
2026-09-23 09:57:52.951 [http-nio-8003-exec-3] WARN  t.z.l.controller.LoggingController [] - 这是一条警告日志
2026-09-23 09:57:52.951 [http-nio-8003-exec-3] ERROR t.z.l.controller.LoggingController [] - 这是一条错误日志
2026-09-23 09:57:52.951 [http-nio-8003-exec-3] INFO  t.z.l.controller.LoggingController [] - 用户 zff06 登录成功，状态码：200
2026-09-23 09:57:52.952 [http-nio-8003-exec-3] INFO  t.z.l.controller.LoggingController [] - 用户手机号：138****5678
2026-09-23 09:58:27.408 [SpringApplicationShutdownHook] INFO  o.s.boot.tomcat.GracefulShutdown [] - Commencing graceful shutdown. Waiting for active requests to complete
2026-09-23 09:58:27.412 [tomcat-shutdown] INFO  o.s.boot.tomcat.GracefulShutdown [] - Graceful shutdown complete
2026-09-23 09:58:28.898 [restartedMain] INFO  t.zff06.logging.LoggingApplication [] - Starting LoggingApplication using Java 21.0.12.1 with PID 33400 (D:\Tools\Projects\backend-learning\03-logging\target\classes started by zff06 in D:\Tools\Projects\backend-learning)
2026-09-23 09:58:28.900 [restartedMain] INFO  t.zff06.logging.LoggingApplication [] - The following 1 profile is active: "dev"
2026-09-23 09:58:28.925 [restartedMain] INFO  o.s.b.d.e.DevToolsPropertyDefaultsPostProcessor [] - Devtools property defaults active! Set 'spring.devtools.add-properties' to 'false' to disable
2026-09-23 09:58:28.925 [restartedMain] INFO  o.s.b.d.e.DevToolsPropertyDefaultsPostProcessor [] - For additional web related logging consider setting the 'logging.level.web' property to 'DEBUG'
2026-09-23 09:58:29.326 [restartedMain] INFO  o.s.boot.tomcat.TomcatWebServer [] - Tomcat initialized with port 8003 (http)
2026-09-23 09:58:29.334 [restartedMain] INFO  o.a.coyote.http11.Http11NioProtocol [] - Initializing ProtocolHandler ["http-nio-8003"]
2026-09-23 09:58:29.335 [restartedMain] INFO  o.a.catalina.core.StandardService [] - Starting service [Tomcat]
2026-09-23 09:58:29.335 [restartedMain] INFO  o.a.catalina.core.StandardEngine [] - Starting Servlet engine: [Apache Tomcat/11.0.24]
2026-09-23 09:58:29.357 [restartedMain] INFO  o.s.b.w.c.s.WebApplicationContextInitializer [] - Root WebApplicationContext: initialization completed in 432 ms
2026-09-23 09:58:29.530 [restartedMain] INFO  o.a.coyote.http11.Http11NioProtocol [] - Starting ProtocolHandler ["http-nio-8003"]
2026-09-23 09:58:29.542 [restartedMain] INFO  o.s.boot.tomcat.TomcatWebServer [] - Tomcat started on port 8003 (http) with context path '/'
2026-09-23 09:58:29.545 [restartedMain] INFO  t.zff06.logging.LoggingApplication [] - Started LoggingApplication in 0.943 seconds (process running for 1.328)
2026-09-23 09:59:20.698 [http-nio-8003-exec-1] INFO  o.a.c.c.C.[Tomcat].[localhost].[/] [] - Initializing Spring DispatcherServlet 'dispatcherServlet'
2026-09-23 09:59:20.698 [http-nio-8003-exec-1] INFO  o.s.web.servlet.DispatcherServlet [] - Initializing Servlet 'dispatcherServlet'
2026-09-23 09:59:20.699 [http-nio-8003-exec-1] INFO  o.s.web.servlet.DispatcherServlet [] - Completed initialization in 0 ms
2026-09-23 09:59:20.712 [http-nio-8003-exec-1] INFO  t.z.l.controller.LoggingController [] - 处理 /logging/demo 请求
2026-09-23 09:59:20.712 [http-nio-8003-exec-1] WARN  t.z.l.controller.LoggingController [] - 这是一条警告日志
2026-09-23 09:59:20.712 [http-nio-8003-exec-1] ERROR t.z.l.controller.LoggingController [] - 这是一条错误日志
2026-09-23 09:59:20.712 [http-nio-8003-exec-1] INFO  t.z.l.controller.LoggingController [] - 用户 zff06 登录成功，状态码：200
2026-09-23 09:59:20.713 [http-nio-8003-exec-1] INFO  t.z.l.controller.LoggingController [] - 用户手机号：138****5678
2026-09-23 10:00:31.863 [SpringApplicationShutdownHook] INFO  o.s.boot.tomcat.GracefulShutdown [] - Commencing graceful shutdown. Waiting for active requests to complete
2026-09-23 10:00:31.867 [tomcat-shutdown] INFO  o.s.boot.tomcat.GracefulShutdown [] - Graceful shutdown complete
2026-09-23 10:00:33.393 [restartedMain] INFO  t.zff06.logging.LoggingApplication [] - Starting LoggingApplication using Java 21.0.12.1 with PID 35324 (D:\Tools\Projects\backend-learning\03-logging\target\classes started by zff06 in D:\Tools\Projects\backend-learning)
2026-09-23 10:00:33.395 [restartedMain] INFO  t.zff06.logging.LoggingApplication [] - The following 1 profile is active: "dev"
2026-09-23 10:00:33.420 [restartedMain] INFO  o.s.b.d.e.DevToolsPropertyDefaultsPostProcessor [] - Devtools property defaults active! Set 'spring.devtools.add-properties' to 'false' to disable
2026-09-23 10:00:33.421 [restartedMain] INFO  o.s.b.d.e.DevToolsPropertyDefaultsPostProcessor [] - For additional web related logging consider setting the 'logging.level.web' property to 'DEBUG'
2026-09-23 10:00:33.807 [restartedMain] INFO  o.s.boot.tomcat.TomcatWebServer [] - Tomcat initialized with port 8003 (http)
2026-09-23 10:00:33.817 [restartedMain] INFO  o.a.coyote.http11.Http11NioProtocol [] - Initializing ProtocolHandler ["http-nio-8003"]
2026-09-23 10:00:33.818 [restartedMain] INFO  o.a.catalina.core.StandardService [] - Starting service [Tomcat]
2026-09-23 10:00:33.818 [restartedMain] INFO  o.a.catalina.core.StandardEngine [] - Starting Servlet engine: [Apache Tomcat/11.0.24]
2026-09-23 10:00:33.841 [restartedMain] INFO  o.s.b.w.c.s.WebApplicationContextInitializer [] - Root WebApplicationContext: initialization completed in 420 ms
2026-09-23 10:00:34.007 [restartedMain] INFO  o.a.coyote.http11.Http11NioProtocol [] - Starting ProtocolHandler ["http-nio-8003"]
2026-09-23 10:00:34.020 [restartedMain] INFO  o.s.boot.tomcat.TomcatWebServer [] - Tomcat started on port 8003 (http) with context path '/'
2026-09-23 10:00:34.023 [restartedMain] INFO  t.zff06.logging.LoggingApplication [] - Started LoggingApplication in 0.92 seconds (process running for 1.303)
2026-09-23 10:00:40.095 [http-nio-8003-exec-1] INFO  o.a.c.c.C.[Tomcat].[localhost].[/] [] - Initializing Spring DispatcherServlet 'dispatcherServlet'
2026-09-23 10:00:40.095 [http-nio-8003-exec-1] INFO  o.s.web.servlet.DispatcherServlet [] - Initializing Servlet 'dispatcherServlet'
2026-09-23 10:00:40.097 [http-nio-8003-exec-1] INFO  o.s.web.servlet.DispatcherServlet [] - Completed initialization in 2 ms
2026-09-23 10:00:40.109 [http-nio-8003-exec-1] INFO  t.z.l.controller.LoggingController [] - 处理 /logging/demo 请求
2026-09-23 10:00:40.109 [http-nio-8003-exec-1] WARN  t.z.l.controller.LoggingController [] - 这是一条警告日志
2026-09-23 10:00:40.109 [http-nio-8003-exec-1] ERROR t.z.l.controller.LoggingController [] - 这是一条错误日志
2026-09-23 10:00:40.110 [http-nio-8003-exec-1] INFO  t.z.l.controller.LoggingController [] - 用户 zff06 登录成功，状态码：200
2026-09-23 10:00:40.111 [http-nio-8003-exec-1] INFO  t.z.l.controller.LoggingController [] - 用户手机号：138****5678
2026-09-23 10:03:54.882 [File Watcher] INFO  o.s.b.d.a.LocalDevToolsAutoConfiguration$RestartingClassPathChangeChangedEventListener [] - Restarting due to 1 class path change (0 additions, 0 deletions, 1 modification)
2026-09-23 10:03:54.887 [Thread-1] INFO  o.s.boot.tomcat.GracefulShutdown [] - Commencing graceful shutdown. Waiting for active requests to complete
2026-09-23 10:03:54.887 [tomcat-shutdown] INFO  o.a.coyote.http11.Http11NioProtocol [] - Pausing ProtocolHandler ["http-nio-8003"]
2026-09-23 10:03:54.891 [tomcat-shutdown] INFO  o.s.boot.tomcat.GracefulShutdown [] - Graceful shutdown complete
2026-09-23 10:03:54.891 [Thread-1] INFO  o.a.coyote.http11.Http11NioProtocol [] - Stopping ProtocolHandler ["http-nio-8003"]
2026-09-23 10:03:54.950 [restartedMain] INFO  t.zff06.logging.LoggingApplication [] - Starting LoggingApplication using Java 21.0.12.1 with PID 35324 (D:\Tools\Projects\backend-learning\03-logging\target\classes started by zff06 in D:\Tools\Projects\backend-learning)
2026-09-23 10:03:54.952 [restartedMain] DEBUG t.zff06.logging.LoggingApplication [] - Running with Spring Boot v4.1.1, Spring v7.0.9
2026-09-23 10:03:54.952 [restartedMain] INFO  t.zff06.logging.LoggingApplication [] - The following 1 profile is active: "dev"
2026-09-23 10:03:55.034 [restartedMain] INFO  o.s.boot.tomcat.TomcatWebServer [] - Tomcat initialized with port 8003 (http)
2026-09-23 10:03:55.036 [restartedMain] INFO  o.a.coyote.http11.Http11NioProtocol [] - Initializing ProtocolHandler ["http-nio-8003"]
2026-09-23 10:03:55.036 [restartedMain] INFO  o.a.catalina.core.StandardService [] - Starting service [Tomcat]
2026-09-23 10:03:55.036 [restartedMain] INFO  o.a.catalina.core.StandardEngine [] - Starting Servlet engine: [Apache Tomcat/11.0.24]
2026-09-23 10:03:55.046 [restartedMain] INFO  o.s.b.w.c.s.WebApplicationContextInitializer [] - Root WebApplicationContext: initialization completed in 92 ms
2026-09-23 10:03:55.086 [restartedMain] INFO  o.a.coyote.http11.Http11NioProtocol [] - Starting ProtocolHandler ["http-nio-8003"]
2026-09-23 10:03:55.088 [restartedMain] INFO  o.s.boot.tomcat.TomcatWebServer [] - Tomcat started on port 8003 (http) with context path '/'
2026-09-23 10:03:55.089 [restartedMain] INFO  t.zff06.logging.LoggingApplication [] - Started LoggingApplication in 0.166 seconds (process running for 202.37)
2026-09-23 10:03:55.091 [restartedMain] INFO  o.s.b.d.a.ConditionEvaluationDeltaLoggingListener [] - Condition evaluation unchanged
2026-09-23 10:04:55.663 [SpringApplicationShutdownHook] INFO  o.s.boot.tomcat.GracefulShutdown [] - Commencing graceful shutdown. Waiting for active requests to complete
2026-09-23 10:04:55.666 [tomcat-shutdown] INFO  o.s.boot.tomcat.GracefulShutdown [] - Graceful shutdown complete
2026-09-23 10:04:57.251 [restartedMain] INFO  t.zff06.logging.LoggingApplication [] - Starting LoggingApplication using Java 21.0.12.1 with PID 34036 (D:\Tools\Projects\backend-learning\03-logging\target\classes started by zff06 in D:\Tools\Projects\backend-learning)
2026-09-23 10:04:57.254 [restartedMain] DEBUG t.zff06.logging.LoggingApplication [] - Running with Spring Boot v4.1.1, Spring v7.0.9
2026-09-23 10:04:57.254 [restartedMain] INFO  t.zff06.logging.LoggingApplication [] - The following 1 profile is active: "dev"
2026-09-23 10:04:57.286 [restartedMain] INFO  o.s.b.d.e.DevToolsPropertyDefaultsPostProcessor [] - Devtools property defaults active! Set 'spring.devtools.add-properties' to 'false' to disable
2026-09-23 10:04:57.286 [restartedMain] INFO  o.s.b.d.e.DevToolsPropertyDefaultsPostProcessor [] - For additional web related logging consider setting the 'logging.level.web' property to 'DEBUG'
2026-09-23 10:04:57.749 [restartedMain] INFO  o.s.boot.tomcat.TomcatWebServer [] - Tomcat initialized with port 8003 (http)
2026-09-23 10:04:57.758 [restartedMain] INFO  o.a.coyote.http11.Http11NioProtocol [] - Initializing ProtocolHandler ["http-nio-8003"]
2026-09-23 10:04:57.760 [restartedMain] INFO  o.a.catalina.core.StandardService [] - Starting service [Tomcat]
2026-09-23 10:04:57.760 [restartedMain] INFO  o.a.catalina.core.StandardEngine [] - Starting Servlet engine: [Apache Tomcat/11.0.24]
2026-09-23 10:04:57.786 [restartedMain] INFO  o.s.b.w.c.s.WebApplicationContextInitializer [] - Root WebApplicationContext: initialization completed in 498 ms
2026-09-23 10:04:57.976 [restartedMain] INFO  o.a.coyote.http11.Http11NioProtocol [] - Starting ProtocolHandler ["http-nio-8003"]
2026-09-23 10:04:57.989 [restartedMain] INFO  o.s.boot.tomcat.TomcatWebServer [] - Tomcat started on port 8003 (http) with context path '/'
2026-09-23 10:04:57.992 [restartedMain] INFO  t.zff06.logging.LoggingApplication [] - Started LoggingApplication in 1.121 seconds (process running for 1.546)
2026-09-23 10:05:12.970 [http-nio-8003-exec-1] INFO  o.a.c.c.C.[Tomcat].[localhost].[/] [] - Initializing Spring DispatcherServlet 'dispatcherServlet'
2026-09-23 10:05:12.970 [http-nio-8003-exec-1] INFO  o.s.web.servlet.DispatcherServlet [] - Initializing Servlet 'dispatcherServlet'
2026-09-23 10:05:12.970 [http-nio-8003-exec-1] INFO  o.s.web.servlet.DispatcherServlet [] - Completed initialization in 0 ms
2026-09-23 10:05:12.984 [http-nio-8003-exec-1] DEBUG t.z.l.controller.LoggingController [] - 这是 debug 日志，需要调高日志级别才会输出
2026-09-23 10:05:12.984 [http-nio-8003-exec-1] INFO  t.z.l.controller.LoggingController [] - 处理 /logging/demo 请求
2026-09-23 10:05:12.984 [http-nio-8003-exec-1] WARN  t.z.l.controller.LoggingController [] - 这是一条警告日志
2026-09-23 10:05:12.984 [http-nio-8003-exec-1] ERROR t.z.l.controller.LoggingController [] - 这是一条错误日志
2026-09-23 10:05:12.984 [http-nio-8003-exec-1] INFO  t.z.l.controller.LoggingController [] - 用户 zff06 登录成功，状态码：200
2026-09-23 10:05:12.985 [http-nio-8003-exec-1] INFO  t.z.l.controller.LoggingController [] - 用户手机号：138****5678
2026-09-23 10:05:42.890 [File Watcher] INFO  o.s.b.d.a.LocalDevToolsAutoConfiguration$RestartingClassPathChangeChangedEventListener [] - Restarting due to 1 class path change (0 additions, 0 deletions, 1 modification)
2026-09-23 10:05:42.892 [Thread-1] INFO  o.s.boot.tomcat.GracefulShutdown [] - Commencing graceful shutdown. Waiting for active requests to complete
2026-09-23 10:05:42.893 [tomcat-shutdown] INFO  o.a.coyote.http11.Http11NioProtocol [] - Pausing ProtocolHandler ["http-nio-8003"]
2026-09-23 10:05:42.897 [tomcat-shutdown] INFO  o.s.boot.tomcat.GracefulShutdown [] - Graceful shutdown complete
2026-09-23 10:05:42.897 [Thread-1] INFO  o.a.coyote.http11.Http11NioProtocol [] - Stopping ProtocolHandler ["http-nio-8003"]
2026-09-23 10:05:42.943 [restartedMain] INFO  t.zff06.logging.LoggingApplication [] - Starting LoggingApplication using Java 21.0.12.1 with PID 34036 (D:\Tools\Projects\backend-learning\03-logging\target\classes started by zff06 in D:\Tools\Projects\backend-learning)
2026-09-23 10:05:42.943 [restartedMain] DEBUG t.zff06.logging.LoggingApplication [] - Running with Spring Boot v4.1.1, Spring v7.0.9
2026-09-23 10:05:42.943 [restartedMain] INFO  t.zff06.logging.LoggingApplication [] - The following 1 profile is active: "dev"
2026-09-23 10:05:43.016 [restartedMain] INFO  o.s.boot.tomcat.TomcatWebServer [] - Tomcat initialized with port 8003 (http)
2026-09-23 10:05:43.016 [restartedMain] INFO  o.a.coyote.http11.Http11NioProtocol [] - Initializing ProtocolHandler ["http-nio-8003"]
2026-09-23 10:05:43.017 [restartedMain] INFO  o.a.catalina.core.StandardService [] - Starting service [Tomcat]
2026-09-23 10:05:43.017 [restartedMain] INFO  o.a.catalina.core.StandardEngine [] - Starting Servlet engine: [Apache Tomcat/11.0.24]
2026-09-23 10:05:43.027 [restartedMain] INFO  o.s.b.w.c.s.WebApplicationContextInitializer [] - Root WebApplicationContext: initialization completed in 83 ms
2026-09-23 10:05:43.059 [restartedMain] INFO  o.a.coyote.http11.Http11NioProtocol [] - Starting ProtocolHandler ["http-nio-8003"]
2026-09-23 10:05:43.062 [restartedMain] INFO  o.s.boot.tomcat.TomcatWebServer [] - Tomcat started on port 8003 (http) with context path '/'
2026-09-23 10:05:43.063 [restartedMain] INFO  t.zff06.logging.LoggingApplication [] - Started LoggingApplication in 0.139 seconds (process running for 46.617)
2026-09-23 10:05:43.064 [restartedMain] INFO  o.s.b.d.a.ConditionEvaluationDeltaLoggingListener [] - Condition evaluation unchanged
2026-09-23 10:06:22.621 [SpringApplicationShutdownHook] INFO  o.s.boot.tomcat.GracefulShutdown [] - Commencing graceful shutdown. Waiting for active requests to complete
2026-09-23 10:06:22.623 [tomcat-shutdown] INFO  o.s.boot.tomcat.GracefulShutdown [] - Graceful shutdown complete
2026-09-23 10:06:24.150 [restartedMain] INFO  t.zff06.logging.LoggingApplication [] - Starting LoggingApplication using Java 21.0.12.1 with PID 22712 (D:\Tools\Projects\backend-learning\03-logging\target\classes started by zff06 in D:\Tools\Projects\backend-learning)
2026-09-23 10:06:24.152 [restartedMain] DEBUG t.zff06.logging.LoggingApplication [] - Running with Spring Boot v4.1.1, Spring v7.0.9
2026-09-23 10:06:24.153 [restartedMain] INFO  t.zff06.logging.LoggingApplication [] - The following 1 profile is active: "prod"
2026-09-23 10:06:24.177 [restartedMain] INFO  o.s.b.d.e.DevToolsPropertyDefaultsPostProcessor [] - Devtools property defaults active! Set 'spring.devtools.add-properties' to 'false' to disable
2026-09-23 10:06:24.177 [restartedMain] INFO  o.s.b.d.e.DevToolsPropertyDefaultsPostProcessor [] - For additional web related logging consider setting the 'logging.level.web' property to 'DEBUG'
2026-09-23 10:06:24.564 [restartedMain] INFO  o.s.boot.tomcat.TomcatWebServer [] - Tomcat initialized with port 8003 (http)
2026-09-23 10:06:24.572 [restartedMain] INFO  o.a.coyote.http11.Http11NioProtocol [] - Initializing ProtocolHandler ["http-nio-8003"]
2026-09-23 10:06:24.574 [restartedMain] INFO  o.a.catalina.core.StandardService [] - Starting service [Tomcat]
2026-09-23 10:06:24.574 [restartedMain] INFO  o.a.catalina.core.StandardEngine [] - Starting Servlet engine: [Apache Tomcat/11.0.24]
2026-09-23 10:06:24.596 [restartedMain] INFO  o.s.b.w.c.s.WebApplicationContextInitializer [] - Root WebApplicationContext: initialization completed in 419 ms
2026-09-23 10:06:24.762 [restartedMain] INFO  o.a.coyote.http11.Http11NioProtocol [] - Starting ProtocolHandler ["http-nio-8003"]
2026-09-23 10:06:24.775 [restartedMain] INFO  o.s.boot.tomcat.TomcatWebServer [] - Tomcat started on port 8003 (http) with context path '/'
2026-09-23 10:06:24.777 [restartedMain] INFO  t.zff06.logging.LoggingApplication [] - Started LoggingApplication in 0.926 seconds (process running for 1.296)
2026-09-23 10:06:59.711 [http-nio-8003-exec-1] INFO  o.a.c.c.C.[Tomcat].[localhost].[/] [] - Initializing Spring DispatcherServlet 'dispatcherServlet'
2026-09-23 10:06:59.711 [http-nio-8003-exec-1] INFO  o.s.web.servlet.DispatcherServlet [] - Initializing Servlet 'dispatcherServlet'
2026-09-23 10:06:59.711 [http-nio-8003-exec-1] INFO  o.s.web.servlet.DispatcherServlet [] - Completed initialization in 0 ms
2026-09-23 10:06:59.726 [http-nio-8003-exec-1] DEBUG t.z.l.controller.LoggingController [] - 这是 debug 日志，需要调高日志级别才会输出
2026-09-23 10:06:59.726 [http-nio-8003-exec-1] INFO  t.z.l.controller.LoggingController [] - 处理 /logging/demo 请求
2026-09-23 10:06:59.726 [http-nio-8003-exec-1] WARN  t.z.l.controller.LoggingController [] - 这是一条警告日志
2026-09-23 10:06:59.726 [http-nio-8003-exec-1] ERROR t.z.l.controller.LoggingController [] - 这是一条错误日志
2026-09-23 10:06:59.726 [http-nio-8003-exec-1] INFO  t.z.l.controller.LoggingController [] - 用户 zff06 登录成功，状态码：200
2026-09-23 10:06:59.727 [http-nio-8003-exec-1] INFO  t.z.l.controller.LoggingController [] - 用户手机号：138****5678
2026-09-23 10:07:29.988 [File Watcher] INFO  o.s.b.d.a.LocalDevToolsAutoConfiguration$RestartingClassPathChangeChangedEventListener [] - Restarting due to 1 class path change (0 additions, 0 deletions, 1 modification)
2026-09-23 10:07:29.990 [Thread-1] INFO  o.s.boot.tomcat.GracefulShutdown [] - Commencing graceful shutdown. Waiting for active requests to complete
2026-09-23 10:07:29.990 [tomcat-shutdown] INFO  o.a.coyote.http11.Http11NioProtocol [] - Pausing ProtocolHandler ["http-nio-8003"]
2026-09-23 10:07:29.995 [tomcat-shutdown] INFO  o.s.boot.tomcat.GracefulShutdown [] - Graceful shutdown complete
2026-09-23 10:07:29.995 [Thread-1] INFO  o.a.coyote.http11.Http11NioProtocol [] - Stopping ProtocolHandler ["http-nio-8003"]
2026-09-23 10:07:30.041 [restartedMain] INFO  t.zff06.logging.LoggingApplication [] - Starting LoggingApplication using Java 21.0.12.1 with PID 22712 (D:\Tools\Projects\backend-learning\03-logging\target\classes started by zff06 in D:\Tools\Projects\backend-learning)
2026-09-23 10:07:30.041 [restartedMain] DEBUG t.zff06.logging.LoggingApplication [] - Running with Spring Boot v4.1.1, Spring v7.0.9
2026-09-23 10:07:30.041 [restartedMain] INFO  t.zff06.logging.LoggingApplication [] - The following 1 profile is active: "dev"
2026-09-23 10:07:30.110 [restartedMain] INFO  o.s.boot.tomcat.TomcatWebServer [] - Tomcat initialized with port 8003 (http)
2026-09-23 10:07:30.110 [restartedMain] INFO  o.a.coyote.http11.Http11NioProtocol [] - Initializing ProtocolHandler ["http-nio-8003"]
2026-09-23 10:07:30.110 [restartedMain] INFO  o.a.catalina.core.StandardService [] - Starting service [Tomcat]
2026-09-23 10:07:30.111 [restartedMain] INFO  o.a.catalina.core.StandardEngine [] - Starting Servlet engine: [Apache Tomcat/11.0.24]
2026-09-23 10:07:30.120 [restartedMain] INFO  o.s.b.w.c.s.WebApplicationContextInitializer [] - Root WebApplicationContext: initialization completed in 78 ms
2026-09-23 10:07:30.153 [restartedMain] INFO  o.a.coyote.http11.Http11NioProtocol [] - Starting ProtocolHandler ["http-nio-8003"]
2026-09-23 10:07:30.156 [restartedMain] INFO  o.s.boot.tomcat.TomcatWebServer [] - Tomcat started on port 8003 (http) with context path '/'
2026-09-23 10:07:30.157 [restartedMain] INFO  t.zff06.logging.LoggingApplication [] - Started LoggingApplication in 0.139 seconds (process running for 66.675)
2026-09-23 10:07:30.158 [restartedMain] INFO  o.s.b.d.a.ConditionEvaluationDeltaLoggingListener [] - Condition evaluation unchanged
2026-09-23 10:08:12.526 [SpringApplicationShutdownHook] INFO  o.s.boot.tomcat.GracefulShutdown [] - Commencing graceful shutdown. Waiting for active requests to complete
2026-09-23 10:08:12.530 [tomcat-shutdown] INFO  o.s.boot.tomcat.GracefulShutdown [] - Graceful shutdown complete
2026-09-23 10:08:15.093 [restartedMain] INFO  t.zff06.logging.LoggingApplication [] - Starting LoggingApplication using Java 21.0.12.1 with PID 32668 (D:\Tools\Projects\backend-learning\03-logging\target\classes started by zff06 in D:\Tools\Projects\backend-learning)
2026-09-23 10:08:15.096 [restartedMain] DEBUG t.zff06.logging.LoggingApplication [] - Running with Spring Boot v4.1.1, Spring v7.0.9
2026-09-23 10:08:15.096 [restartedMain] INFO  t.zff06.logging.LoggingApplication [] - The following 1 profile is active: "dev"
2026-09-23 10:08:15.118 [restartedMain] INFO  o.s.b.d.e.DevToolsPropertyDefaultsPostProcessor [] - Devtools property defaults active! Set 'spring.devtools.add-properties' to 'false' to disable
2026-09-23 10:08:15.118 [restartedMain] INFO  o.s.b.d.e.DevToolsPropertyDefaultsPostProcessor [] - For additional web related logging consider setting the 'logging.level.web' property to 'DEBUG'
2026-09-23 10:08:15.502 [restartedMain] INFO  o.s.boot.tomcat.TomcatWebServer [] - Tomcat initialized with port 8003 (http)
2026-09-23 10:08:15.510 [restartedMain] INFO  o.a.coyote.http11.Http11NioProtocol [] - Initializing ProtocolHandler ["http-nio-8003"]
2026-09-23 10:08:15.510 [restartedMain] INFO  o.a.catalina.core.StandardService [] - Starting service [Tomcat]
2026-09-23 10:08:15.510 [restartedMain] INFO  o.a.catalina.core.StandardEngine [] - Starting Servlet engine: [Apache Tomcat/11.0.24]
2026-09-23 10:08:15.538 [restartedMain] INFO  o.s.b.w.c.s.WebApplicationContextInitializer [] - Root WebApplicationContext: initialization completed in 420 ms
2026-09-23 10:08:15.711 [restartedMain] INFO  o.a.coyote.http11.Http11NioProtocol [] - Starting ProtocolHandler ["http-nio-8003"]
2026-09-23 10:08:15.722 [restartedMain] INFO  o.s.boot.tomcat.TomcatWebServer [] - Tomcat started on port 8003 (http) with context path '/'
2026-09-23 10:08:15.725 [restartedMain] INFO  t.zff06.logging.LoggingApplication [] - Started LoggingApplication in 0.915 seconds (process running for 1.285)
2026-09-23 10:08:48.855 [SpringApplicationShutdownHook] INFO  o.s.boot.tomcat.GracefulShutdown [] - Commencing graceful shutdown. Waiting for active requests to complete
2026-09-23 10:08:48.859 [tomcat-shutdown] INFO  o.s.boot.tomcat.GracefulShutdown [] - Graceful shutdown complete
2026-09-23 10:08:50.358 [restartedMain] INFO  t.zff06.logging.LoggingApplication [] - Starting LoggingApplication using Java 21.0.12.1 with PID 34612 (D:\Tools\Projects\backend-learning\03-logging\target\classes started by zff06 in D:\Tools\Projects\backend-learning)
2026-09-23 10:08:50.360 [restartedMain] DEBUG t.zff06.logging.LoggingApplication [] - Running with Spring Boot v4.1.1, Spring v7.0.9
2026-09-23 10:08:50.360 [restartedMain] INFO  t.zff06.logging.LoggingApplication [] - The following 1 profile is active: "dev"
2026-09-23 10:08:50.361 [restartedMain] DEBUG o.s.boot.SpringApplication [] - Loading source class top.zff06.logging.LoggingApplication
2026-09-23 10:08:50.384 [restartedMain] DEBUG o.s.b.d.restart.ChangeableUrls [] - Matching URLs for reloading : [file:/D:/Tools/Projects/backend-learning/03-logging/target/classes/]
2026-09-23 10:08:50.384 [restartedMain] DEBUG o.s.b.d.settings.DevToolsSettings [] - Included patterns for restart : []
2026-09-23 10:08:50.384 [restartedMain] DEBUG o.s.b.d.settings.DevToolsSettings [] - Excluded patterns for restart : [/spring-boot-starter-[\w-]+/, /spring-boot/(bin|build|out)/, /spring-boot-starter/(bin|build|out)/, /spring-boot-devtools/(bin|build|out)/, /spring-boot-actuator/(bin|build|out)/, /spring-boot-autoconfigure/(bin|build|out)/]
2026-09-23 10:08:50.386 [restartedMain] INFO  o.s.b.d.e.DevToolsPropertyDefaultsPostProcessor [] - Devtools property defaults active! Set 'spring.devtools.add-properties' to 'false' to disable
2026-09-23 10:08:50.386 [restartedMain] INFO  o.s.b.d.e.DevToolsPropertyDefaultsPostProcessor [] - For additional web related logging consider setting the 'logging.level.web' property to 'DEBUG'
2026-09-23 10:08:50.388 [restartedMain] DEBUG o.s.b.w.s.s.c.AnnotationConfigServletWebServerApplicationContext [] - Refreshing org.springframework.boot.web.server.servlet.context.AnnotationConfigServletWebServerApplicationContext@356dfaae
2026-09-23 10:08:50.399 [restartedMain] DEBUG o.s.b.f.s.DefaultListableBeanFactory [] - Creating shared instance of singleton bean 'org.springframework.context.annotation.internalConfigurationAnnotationProcessor'
2026-09-23 10:08:50.405 [restartedMain] DEBUG o.s.b.f.s.DefaultListableBeanFactory [] - Creating shared instance of singleton bean 'org.springframework.boot.autoconfigure.internalCachingMetadataReaderFactory'
2026-09-23 10:08:50.439 [RMI TCP Connection(1)-192.168.208.1] DEBUG sun.rmi.transport.tcp [] - RMI TCP Connection(1)-192.168.208.1: (port 64300) op = 80
2026-09-23 10:08:50.440 [RMI TCP Connection(1)-192.168.208.1] DEBUG sun.rmi.loader [] - RMI TCP Connection(1)-192.168.208.1: name = "javax.management.ObjectName", codebase = ""
2026-09-23 10:08:50.440 [restartedMain] DEBUG o.s.c.a.ClassPathBeanDefinitionScanner [] - Identified candidate component class: file [D:\Tools\Projects\backend-learning\03-logging\target\classes\top\zff06\logging\controller\LoggingController.class]
2026-09-23 10:08:50.440 [RMI TCP Connection(1)-192.168.208.1] DEBUG javax.management.remote.rmi [] - connectionId=rmi://192.168.208.1  1, name=java.lang:type=Memory, className=java.lang.management.MemoryMXBean
2026-09-23 10:08:50.440 [RMI TCP Connection(1)-192.168.208.1] DEBUG sun.rmi.transport.tcp [] - RMI TCP Connection(1)-192.168.208.1: (port 64300) op = 80
2026-09-23 10:08:50.440 [RMI TCP Connection(1)-192.168.208.1] DEBUG sun.rmi.loader [] - RMI TCP Connection(1)-192.168.208.1: name = "javax.management.ObjectName", codebase = ""
2026-09-23 10:08:50.440 [RMI TCP Connection(1)-192.168.208.1] DEBUG javax.management.remote.rmi [] - connectionId=rmi://192.168.208.1  1, name=java.lang:type=Memory, className=javax.management.NotificationEmitter
2026-09-23 10:08:50.440 [RMI TCP Connection(1)-192.168.208.1] DEBUG sun.rmi.transport.tcp [] - RMI TCP Connection(1)-192.168.208.1: (port 64300) op = 80
2026-09-23 10:08:50.441 [RMI TCP Connection(1)-192.168.208.1] DEBUG sun.rmi.loader [] - RMI TCP Connection(1)-192.168.208.1: name = "javax.management.ObjectName", codebase = ""
2026-09-23 10:08:50.441 [RMI TCP Connection(1)-192.168.208.1] DEBUG javax.management.remote.rmi [] - connectionId=rmi://192.168.208.1  1, name=java.lang:type=Memory, attribute=HeapMemoryUsage
2026-09-23 10:08:50.444 [RMI TCP Connection(1)-192.168.208.1] DEBUG sun.rmi.transport.tcp [] - RMI TCP Connection(1)-192.168.208.1: (port 64300) op = 80
2026-09-23 10:08:50.445 [RMI TCP Connection(1)-192.168.208.1] DEBUG sun.rmi.loader [] - RMI TCP Connection(1)-192.168.208.1: name = "javax.management.ObjectName", codebase = ""
2026-09-23 10:08:50.445 [RMI TCP Connection(1)-192.168.208.1] DEBUG javax.management.remote.rmi [] - connectionId=rmi://192.168.208.1  1, name=java.lang:type=Memory, attribute=HeapMemoryUsage
2026-09-23 10:08:50.616 [restartedMain] DEBUG o.s.b.f.s.DefaultListableBeanFactory [] - Creating shared instance of singleton bean 'propertySourcesPlaceholderConfigurer'
2026-09-23 10:08:50.619 [restartedMain] DEBUG o.s.b.f.s.DefaultListableBeanFactory [] - Creating shared instance of singleton bean 'org.springframework.context.event.internalEventListenerProcessor'
2026-09-23 10:08:50.620 [restartedMain] DEBUG o.s.b.f.s.DefaultListableBeanFactory [] - Creating shared instance of singleton bean 'bootstrapExecutorAliasPostProcessor'
2026-09-23 10:08:50.621 [restartedMain] DEBUG o.s.b.f.s.DefaultListableBeanFactory [] - Creating shared instance of singleton bean 'preserveErrorControllerTargetClassPostProcessor'
2026-09-23 10:08:50.621 [restartedMain] DEBUG o.s.b.f.s.DefaultListableBeanFactory [] - Creating shared instance of singleton bean 'forceAutoProxyCreatorToUseClassProxying'
2026-09-23 10:08:50.621 [restartedMain] DEBUG o.s.b.f.s.DefaultListableBeanFactory [] - Creating shared instance of singleton bean 'org.springframework.context.event.internalEventListenerFactory'
2026-09-23 10:08:50.623 [restartedMain] DEBUG o.s.b.f.s.DefaultListableBeanFactory [] - Creating shared instance of singleton bean 'org.springframework.context.annotation.internalAutowiredAnnotationProcessor'
2026-09-23 10:08:50.624 [restartedMain] DEBUG o.s.b.f.s.DefaultListableBeanFactory [] - Creating shared instance of singleton bean 'org.springframework.context.annotation.internalCommonAnnotationProcessor'
2026-09-23 10:08:50.626 [restartedMain] DEBUG o.s.b.f.s.DefaultListableBeanFactory [] - Creating shared instance of singleton bean 'org.springframework.boot.context.properties.ConfigurationPropertiesBindingPostProcessor'
2026-09-23 10:08:50.626 [restartedMain] DEBUG o.s.b.f.s.DefaultListableBeanFactory [] - Creating shared instance of singleton bean 'org.springframework.boot.context.internalConfigurationPropertiesBinder'
2026-09-23 10:08:50.626 [restartedMain] DEBUG o.s.b.f.s.DefaultListableBeanFactory [] - Creating shared instance of singleton bean 'org.springframework.aop.config.internalAutoProxyCreator'
2026-09-23 10:08:50.632 [restartedMain] DEBUG o.s.b.f.s.DefaultListableBeanFactory [] - Creating shared instance of singleton bean 'org.springframework.aop.framework.autoproxy.defaultProxyConfig'
2026-09-23 10:08:50.632 [restartedMain] DEBUG o.s.b.f.s.DefaultListableBeanFactory [] - Creating shared instance of singleton bean 'webServerFactoryCustomizerBeanPostProcessor'
2026-09-23 10:08:50.632 [restartedMain] DEBUG o.s.b.f.s.DefaultListableBeanFactory [] - Creating shared instance of singleton bean 'errorPageRegistrarBeanPostProcessor'
2026-09-23 10:08:50.643 [restartedMain] DEBUG o.s.b.f.s.DefaultListableBeanFactory [] - Creating shared instance of singleton bean 'tomcatServletWebServerFactory'
2026-09-23 10:08:50.643 [restartedMain] DEBUG o.s.b.f.s.DefaultListableBeanFactory [] - Creating shared instance of singleton bean 'org.springframework.boot.tomcat.autoconfigure.servlet.TomcatServletWebServerAutoConfiguration'
2026-09-23 10:08:50.646 [restartedMain] DEBUG o.s.b.f.s.DefaultListableBeanFactory [] - Creating shared instance of singleton bean 'server.tomcat-org.springframework.boot.tomcat.autoconfigure.TomcatServerProperties'
2026-09-23 10:08:50.647 [restartedMain] DEBUG o.s.b.f.s.DefaultListableBeanFactory [] - Creating shared instance of singleton bean 'org.springframework.boot.context.properties.BoundConfigurationProperties'
2026-09-23 10:08:50.652 [restartedMain] DEBUG o.s.b.f.s.DefaultListableBeanFactory [] - Autowiring by type from bean name 'org.springframework.boot.tomcat.autoconfigure.servlet.TomcatServletWebServerAutoConfiguration' via constructor to bean named 'server.tomcat-org.springframework.boot.tomcat.autoconfigure.TomcatServerProperties'
2026-09-23 10:08:50.668 [restartedMain] DEBUG o.s.b.f.s.DefaultListableBeanFactory [] - Creating shared instance of singleton bean 'servletWebServerFactoryCustomizer'
2026-09-23 10:08:50.668 [restartedMain] DEBUG o.s.b.f.s.DefaultListableBeanFactory [] - Creating shared instance of singleton bean 'org.springframework.boot.web.server.autoconfigure.servlet.ServletWebServerConfiguration'
2026-09-23 10:08:50.668 [restartedMain] DEBUG o.s.b.f.s.DefaultListableBeanFactory [] - Creating shared instance of singleton bean 'server-org.springframework.boot.web.server.autoconfigure.ServerProperties'
2026-09-23 10:08:50.673 [restartedMain] DEBUG o.s.b.f.s.DefaultListableBeanFactory [] - Autowiring by type from bean name 'servletWebServerFactoryCustomizer' via factory method to bean named 'server-org.springframework.boot.web.server.autoconfigure.ServerProperties'
2026-09-23 10:08:50.674 [restartedMain] DEBUG o.s.b.f.s.DefaultListableBeanFactory [] - Creating shared instance of singleton bean 'sslBundleRegistry'
2026-09-23 10:08:50.674 [restartedMain] DEBUG o.s.b.f.s.DefaultListableBeanFactory [] - Creating shared instance of singleton bean 'org.springframework.boot.autoconfigure.ssl.SslAutoConfiguration'
2026-09-23 10:08:50.674 [restartedMain] DEBUG o.s.b.f.s.DefaultListableBeanFactory [] - Creating shared instance of singleton bean 'spring.ssl-org.springframework.boot.autoconfigure.ssl.SslProperties'
2026-09-23 10:08:50.675 [restartedMain] DEBUG o.s.b.f.s.DefaultListableBeanFactory [] - Autowiring by type from bean name 'org.springframework.boot.autoconfigure.ssl.SslAutoConfiguration' via constructor to bean named 'org.springframework.boot.web.server.servlet.context.AnnotationConfigServletWebServerApplicationContext@356dfaae'
2026-09-23 10:08:50.675 [restartedMain] DEBUG o.s.b.f.s.DefaultListableBeanFactory [] - Autowiring by type from bean name 'org.springframework.boot.autoconfigure.ssl.SslAutoConfiguration' via constructor to bean named 'spring.ssl-org.springframework.boot.autoconfigure.ssl.SslProperties'
2026-09-23 10:08:50.676 [restartedMain] DEBUG o.s.b.f.s.DefaultListableBeanFactory [] - Creating shared instance of singleton bean 'sslPropertiesSslBundleRegistrar'
2026-09-23 10:08:50.676 [restartedMain] DEBUG o.s.b.f.s.DefaultListableBeanFactory [] - Creating shared instance of singleton bean 'fileWatcher'
2026-09-23 10:08:50.677 [restartedMain] DEBUG o.s.b.f.s.DefaultListableBeanFactory [] - Autowiring by type from bean name 'sslPropertiesSslBundleRegistrar' via factory method to bean named 'fileWatcher'
2026-09-23 10:08:50.680 [restartedMain] DEBUG o.s.b.f.s.DefaultListableBeanFactory [] - Creating shared instance of singleton bean 'webSocketWebServerCustomizer'
2026-09-23 10:08:50.680 [restartedMain] DEBUG o.s.b.f.s.DefaultListableBeanFactory [] - Creating shared instance of singleton bean 'org.springframework.boot.tomcat.autoconfigure.TomcatWebServerConfiguration$TomcatWebSocketConfiguration'
2026-09-23 10:08:50.680 [restartedMain] DEBUG o.s.b.f.s.DefaultListableBeanFactory [] - Creating shared instance of singleton bean 'tomcatWebServerFactoryCustomizer'
2026-09-23 10:08:50.680 [restartedMain] DEBUG o.s.b.f.s.DefaultListableBeanFactory [] - Creating shared instance of singleton bean 'org.springframework.boot.tomcat.autoconfigure.TomcatWebServerConfiguration'
2026-09-23 10:08:50.681 [restartedMain] DEBUG o.s.b.f.s.DefaultListableBeanFactory [] - Creating shared instance of singleton bean 'spring.web-org.springframework.boot.autoconfigure.web.WebProperties'
2026-09-23 10:08:50.687 [restartedMain] DEBUG o.s.b.f.s.DefaultListableBeanFactory [] - Autowiring by type from bean name 'tomcatWebServerFactoryCustomizer' via factory method to bean named 'environment'
2026-09-23 10:08:50.687 [restartedMain] DEBUG o.s.b.f.s.DefaultListableBeanFactory [] - Autowiring by type from bean name 'tomcatWebServerFactoryCustomizer' via factory method to bean named 'server-org.springframework.boot.web.server.autoconfigure.ServerProperties'
2026-09-23 10:08:50.688 [restartedMain] DEBUG o.s.b.f.s.DefaultListableBeanFactory [] - Autowiring by type from bean name 'tomcatWebServerFactoryCustomizer' via factory method to bean named 'server.tomcat-org.springframework.boot.tomcat.autoconfigure.TomcatServerProperties'
2026-09-23 10:08:50.688 [restartedMain] DEBUG o.s.b.f.s.DefaultListableBeanFactory [] - Autowiring by type from bean name 'tomcatWebServerFactoryCustomizer' via factory method to bean named 'spring.web-org.springframework.boot.autoconfigure.web.WebProperties'
2026-09-23 10:08:50.688 [restartedMain] DEBUG o.s.b.f.s.DefaultListableBeanFactory [] - Creating shared instance of singleton bean 'tomcatServletWebServerFactoryCustomizer'
2026-09-23 10:08:50.689 [restartedMain] DEBUG o.s.b.f.s.DefaultListableBeanFactory [] - Autowiring by type from bean name 'tomcatServletWebServerFactoryCustomizer' via factory method to bean named 'server.tomcat-org.springframework.boot.tomcat.autoconfigure.TomcatServerProperties'
2026-09-23 10:08:50.699 [restartedMain] DEBUG o.s.b.f.s.DefaultListableBeanFactory [] - Creating shared instance of singleton bean 'errorPageCustomizer'
2026-09-23 10:08:50.700 [restartedMain] DEBUG o.s.b.f.s.DefaultListableBeanFactory [] - Creating shared instance of singleton bean 'org.springframework.boot.webmvc.autoconfigure.error.ErrorMvcAutoConfiguration'
2026-09-23 10:08:50.700 [restartedMain] DEBUG o.s.b.f.s.DefaultListableBeanFactory [] - Autowiring by type from bean name 'org.springframework.boot.webmvc.autoconfigure.error.ErrorMvcAutoConfiguration' via constructor to bean named 'spring.web-org.springframework.boot.autoconfigure.web.WebProperties'
2026-09-23 10:08:50.700 [restartedMain] DEBUG o.s.b.f.s.DefaultListableBeanFactory [] - Creating shared instance of singleton bean 'dispatcherServletRegistration'
2026-09-23 10:08:50.700 [restartedMain] DEBUG o.s.b.f.s.DefaultListableBeanFactory [] - Creating shared instance of singleton bean 'org.springframework.boot.webmvc.autoconfigure.DispatcherServletAutoConfiguration$DispatcherServletRegistrationConfiguration'
2026-09-23 10:08:50.700 [restartedMain] DEBUG o.s.b.f.s.DefaultListableBeanFactory [] - Creating shared instance of singleton bean 'dispatcherServlet'
2026-09-23 10:08:50.700 [restartedMain] DEBUG o.s.b.f.s.DefaultListableBeanFactory [] - Creating shared instance of singleton bean 'org.springframework.boot.webmvc.autoconfigure.DispatcherServletAutoConfiguration$DispatcherServletConfiguration'
2026-09-23 10:08:50.700 [restartedMain] DEBUG o.s.b.f.s.DefaultListableBeanFactory [] - Creating shared instance of singleton bean 'spring.mvc-org.springframework.boot.webmvc.autoconfigure.WebMvcProperties'
2026-09-23 10:08:50.703 [restartedMain] DEBUG o.s.b.f.s.DefaultListableBeanFactory [] - Autowiring by type from bean name 'dispatcherServlet' via factory method to bean named 'spring.mvc-org.springframework.boot.webmvc.autoconfigure.WebMvcProperties'
2026-09-23 10:08:50.707 [restartedMain] DEBUG o.s.b.f.s.DefaultListableBeanFactory [] - Autowiring by type from bean name 'dispatcherServletRegistration' via factory method to bean named 'dispatcherServlet'
2026-09-23 10:08:50.707 [restartedMain] DEBUG o.s.b.f.s.DefaultListableBeanFactory [] - Autowiring by type from bean name 'dispatcherServletRegistration' via factory method to bean named 'spring.mvc-org.springframework.boot.webmvc.autoconfigure.WebMvcProperties'
2026-09-23 10:08:50.709 [restartedMain] DEBUG o.s.b.f.s.DefaultListableBeanFactory [] - Creating shared instance of singleton bean 'multipartConfigElement'
2026-09-23 10:08:50.709 [restartedMain] DEBUG o.s.b.f.s.DefaultListableBeanFactory [] - Creating shared instance of singleton bean 'org.springframework.boot.servlet.autoconfigure.MultipartAutoConfiguration'
2026-09-23 10:08:50.709 [restartedMain] DEBUG o.s.b.f.s.DefaultListableBeanFactory [] - Creating shared instance of singleton bean 'spring.servlet.multipart-org.springframework.boot.servlet.autoconfigure.MultipartProperties'
2026-09-23 10:08:50.710 [restartedMain] DEBUG o.s.b.f.s.DefaultListableBeanFactory [] - Autowiring by type from bean name 'org.springframework.boot.servlet.autoconfigure.MultipartAutoConfiguration' via constructor to bean named 'spring.servlet.multipart-org.springframework.boot.servlet.autoconfigure.MultipartProperties'
2026-09-23 10:08:50.711 [restartedMain] DEBUG o.s.b.f.s.DefaultListableBeanFactory [] - Autowiring by type from bean name 'errorPageCustomizer' via factory method to bean named 'dispatcherServletRegistration'
2026-09-23 10:08:50.718 [RMI TCP Connection(1)-192.168.208.1] DEBUG sun.rmi.transport.tcp [] - RMI TCP Connection(1)-192.168.208.1: (port 64300) op = 82
2026-09-23 10:08:50.718 [RMI TCP Connection(1)-192.168.208.1] DEBUG sun.rmi.transport.tcp [] - RMI TCP Connection(1)-192.168.208.1: (port 64300) op = 80
2026-09-23 10:08:50.720 [RMI TCP Connection(1)-192.168.208.1] DEBUG sun.rmi.transport.tcp [] - RMI TCP Connection(1)-192.168.208.1: (port 64300) op = 82
2026-09-23 10:08:50.720 [RMI TCP Connection(1)-192.168.208.1] DEBUG sun.rmi.transport.tcp [] - RMI TCP Connection(1)-192.168.208.1: (port 64300) op = 80
2026-09-23 10:08:50.720 [RMI TCP Connection(1)-192.168.208.1] DEBUG sun.rmi.loader [] - RMI TCP Connection(1)-192.168.208.1: name = "[Ljava.rmi.server.ObjID;", codebase = "", defaultLoader = jdk.internal.loader.ClassLoaders$PlatformClassLoader@5702d950
2026-09-23 10:08:50.720 [RMI TCP Connection(1)-192.168.208.1] DEBUG sun.rmi.loader [] - RMI TCP Connection(1)-192.168.208.1: name = "java.rmi.server.ObjID", codebase = "", defaultLoader = jdk.internal.loader.ClassLoaders$PlatformClassLoader@5702d950
2026-09-23 10:08:50.720 [RMI TCP Connection(1)-192.168.208.1] DEBUG sun.rmi.loader [] - RMI TCP Connection(1)-192.168.208.1: name = "java.rmi.server.UID", codebase = "", defaultLoader = jdk.internal.loader.ClassLoaders$PlatformClassLoader@5702d950
2026-09-23 10:08:50.720 [RMI TCP Connection(1)-192.168.208.1] DEBUG sun.rmi.loader [] - RMI TCP Connection(1)-192.168.208.1: name = "java.rmi.dgc.Lease", codebase = "", defaultLoader = jdk.internal.loader.ClassLoaders$PlatformClassLoader@5702d950
2026-09-23 10:08:50.720 [RMI TCP Connection(1)-192.168.208.1] DEBUG sun.rmi.loader [] - RMI TCP Connection(1)-192.168.208.1: name = "java.rmi.dgc.VMID", codebase = "", defaultLoader = jdk.internal.loader.ClassLoaders$PlatformClassLoader@5702d950
2026-09-23 10:08:50.720 [RMI TCP Connection(1)-192.168.208.1] DEBUG sun.rmi.loader [] - RMI TCP Connection(1)-192.168.208.1: name = "[B", codebase = "", defaultLoader = jdk.internal.loader.ClassLoaders$PlatformClassLoader@5702d950
2026-09-23 10:08:50.720 [RMI TCP Connection(1)-192.168.208.1] DEBUG sun.rmi.transport.tcp [] - RMI TCP Connection(1)-192.168.208.1: (port 64300) op = 82
2026-09-23 10:08:50.721 [RMI TCP Connection(1)-192.168.208.1] DEBUG sun.rmi.transport.tcp [] - RMI TCP Connection(1)-192.168.208.1: (port 64300) op = 84
2026-09-23 10:08:50.721 [RMI TCP Connection(1)-192.168.208.1] DEBUG sun.rmi.transport.tcp [] - RMI TCP Connection(1)-192.168.208.1: (port 64300) op = 82
2026-09-23 10:08:50.721 [RMI TCP Connection(1)-192.168.208.1] DEBUG sun.rmi.transport.tcp [] - RMI TCP Connection(1)-192.168.208.1: (port 64300) op = 80
2026-09-23 10:08:50.722 [RMI TCP Connection(1)-192.168.208.1] DEBUG sun.rmi.transport.tcp [] - RMI TCP Connection(1)-192.168.208.1: (port 64300) op = 82
2026-09-23 10:08:50.722 [RMI TCP Connection(1)-192.168.208.1] DEBUG sun.rmi.transport.tcp [] - RMI TCP Connection(1)-192.168.208.1: (port 64300) op = 80
2026-09-23 10:08:50.722 [RMI TCP Connection(1)-192.168.208.1] DEBUG sun.rmi.loader [] - RMI TCP Connection(1)-192.168.208.1: name = "javax.management.ObjectName", codebase = ""
2026-09-23 10:08:50.722 [RMI TCP Connection(1)-192.168.208.1] DEBUG javax.management.remote.rmi [] - connectionId=rmi://192.168.208.1  2, name=org.springframework.boot:type=Admin,name=SpringApplication, attribute=Ready
2026-09-23 10:08:50.722 [RMI TCP Connection(1)-192.168.208.1] DEBUG sun.rmi.server.call [] - RMI TCP Connection(1)-192.168.208.1: [192.168.208.1] exception: 
javax.management.InstanceNotFoundException: org.springframework.boot:type=Admin,name=SpringApplication
	at java.management/com.sun.jmx.interceptor.DefaultMBeanServerInterceptor.getMBean(DefaultMBeanServerInterceptor.java:1073)
	at java.management/com.sun.jmx.interceptor.DefaultMBeanServerInterceptor.getAttribute(DefaultMBeanServerInterceptor.java:632)
	at java.management/com.sun.jmx.mbeanserver.JmxMBeanServer.getAttribute(JmxMBeanServer.java:679)
	at java.management.rmi/javax.management.remote.rmi.RMIConnectionImpl.doOperation(RMIConnectionImpl.java:1449)
	at java.management.rmi/javax.management.remote.rmi.RMIConnectionImpl$PrivilegedOperation.run(RMIConnectionImpl.java:1310)
	at java.management.rmi/javax.management.remote.rmi.RMIConnectionImpl.doPrivilegedOperation(RMIConnectionImpl.java:1405)
	at java.management.rmi/javax.management.remote.rmi.RMIConnectionImpl.getAttribute(RMIConnectionImpl.java:639)
	at java.base/jdk.internal.reflect.DirectMethodHandleAccessor.invoke(DirectMethodHandleAccessor.java:103)
	at java.base/java.lang.reflect.Method.invoke(Method.java:580)
	at java.rmi/sun.rmi.server.UnicastServerRef.dispatch(UnicastServerRef.java:360)
	at java.rmi/sun.rmi.transport.Transport$1.run(Transport.java:200)
	at java.rmi/sun.rmi.transport.Transport$1.run(Transport.java:197)
	at java.base/java.security.AccessController.doPrivileged(AccessController.java:714)
	at java.rmi/sun.rmi.transport.Transport.serviceCall(Transport.java:196)
	at java.rmi/sun.rmi.transport.tcp.TCPTransport.handleMessages(TCPTransport.java:598)
	at java.rmi/sun.rmi.transport.tcp.TCPTransport$ConnectionHandler.run0(TCPTransport.java:844)
	at java.rmi/sun.rmi.transport.tcp.TCPTransport$ConnectionHandler.lambda$run$0(TCPTransport.java:721)
	at java.base/java.security.AccessController.doPrivileged(AccessController.java:400)
	at java.rmi/sun.rmi.transport.tcp.TCPTransport$ConnectionHandler.run(TCPTransport.java:720)
	at java.base/java.util.concurrent.ThreadPoolExecutor.runWorker(ThreadPoolExecutor.java:1144)
	at java.base/java.util.concurrent.ThreadPoolExecutor$Worker.run(ThreadPoolExecutor.java:642)
	at java.base/java.lang.Thread.run(Thread.java:1583)
2026-09-23 10:08:50.726 [RMI TCP Connection(1)-192.168.208.1] DEBUG sun.rmi.transport.tcp [] - RMI TCP Connection(1)-192.168.208.1: (port 64300) op = 82
2026-09-23 10:08:50.726 [RMI TCP Connection(1)-192.168.208.1] DEBUG sun.rmi.transport.tcp [] - RMI TCP Connection(1)-192.168.208.1: (port 64300) op = 80
2026-09-23 10:08:50.727 [RMI TCP Connection(1)-192.168.208.1] DEBUG javax.management.remote.rmi [] - [javax.management.remote.rmi.RMIConnectionImpl@6f76683c: connectionId=rmi://192.168.208.1  2] closing.
2026-09-23 10:08:50.727 [RMI TCP Connection(1)-192.168.208.1] DEBUG javax.management.remote.rmi [] - [javax.management.remote.rmi.RMIConnectionImpl@6f76683c: connectionId=rmi://192.168.208.1  2] closed.
2026-09-23 10:08:50.747 [restartedMain] DEBUG o.apache.catalina.core.ContainerBase [] - Add container child [StandardHost[localhost]] to container [StandardEngine[Tomcat]]
2026-09-23 10:08:50.747 [restartedMain] DEBUG o.s.b.t.s.TomcatServletWebServerFactory [] - Code archive: D:\Tools\maven_jar\org\springframework\boot\spring-boot-web-server\4.1.1\spring-boot-web-server-4.1.1.jar
2026-09-23 10:08:50.747 [restartedMain] DEBUG o.s.b.t.s.TomcatServletWebServerFactory [] - Code archive: D:\Tools\maven_jar\org\springframework\boot\spring-boot-web-server\4.1.1\spring-boot-web-server-4.1.1.jar
2026-09-23 10:08:50.747 [restartedMain] DEBUG o.s.b.t.s.TomcatServletWebServerFactory [] - None of the document roots [src/main/webapp, public, static] point to a directory and will be ignored.
2026-09-23 10:08:50.758 [restartedMain] DEBUG o.apache.catalina.core.ContainerBase [] - Add container child [TomcatEmbeddedContext[]] to container [StandardEngine[Tomcat].StandardHost[localhost]]
2026-09-23 10:08:50.769 [restartedMain] INFO  o.s.boot.tomcat.TomcatWebServer [] - Tomcat initialized with port 8003 (http)
2026-09-23 10:08:50.771 [restartedMain] DEBUG o.apache.catalina.util.LifecycleBase [] - Setting state for [StandardServer[-1]] to [INITIALIZING]
2026-09-23 10:08:50.773 [restartedMain] DEBUG o.apache.catalina.util.LifecycleBase [] - Setting state for [org.apache.catalina.deploy.NamingResourcesImpl@477de9f6] to [INITIALIZING]
2026-09-23 10:08:50.773 [restartedMain] DEBUG o.apache.catalina.util.LifecycleBase [] - Setting state for [org.apache.catalina.deploy.NamingResourcesImpl@477de9f6] to [INITIALIZED]
2026-09-23 10:08:50.774 [restartedMain] DEBUG o.apache.catalina.util.LifecycleBase [] - Setting state for [StandardService[Tomcat]] to [INITIALIZING]
2026-09-23 10:08:50.774 [restartedMain] DEBUG o.apache.catalina.util.LifecycleBase [] - Setting state for [StandardEngine[Tomcat]] to [INITIALIZING]
2026-09-23 10:08:50.774 [restartedMain] DEBUG o.apache.catalina.util.LifecycleBase [] - Setting state for [StandardEngine[Tomcat]] to [INITIALIZED]
2026-09-23 10:08:50.774 [restartedMain] DEBUG o.apache.catalina.util.LifecycleBase [] - Setting state for [org.apache.catalina.mapper.MapperListener@32a7ab60] to [INITIALIZING]
2026-09-23 10:08:50.774 [restartedMain] DEBUG o.apache.catalina.util.LifecycleBase [] - Setting state for [org.apache.catalina.mapper.MapperListener@32a7ab60] to [INITIALIZED]
2026-09-23 10:08:50.774 [restartedMain] DEBUG o.apache.catalina.util.LifecycleBase [] - Setting state for [Connector["http-nio-8003"]] to [INITIALIZING]
2026-09-23 10:08:50.777 [restartedMain] INFO  o.a.coyote.http11.Http11NioProtocol [] - Initializing ProtocolHandler ["http-nio-8003"]
2026-09-23 10:08:50.778 [restartedMain] DEBUG o.apache.catalina.util.LifecycleBase [] - Setting state for [Connector["http-nio-8003"]] to [INITIALIZED]
2026-09-23 10:08:50.778 [restartedMain] DEBUG o.apache.catalina.util.LifecycleBase [] - Setting state for [StandardService[Tomcat]] to [INITIALIZED]
2026-09-23 10:08:50.778 [restartedMain] DEBUG o.apache.catalina.util.LifecycleBase [] - Setting state for [StandardServer[-1]] to [INITIALIZED]
2026-09-23 10:08:50.778 [restartedMain] DEBUG o.apache.catalina.util.LifecycleBase [] - Setting state for [StandardServer[-1]] to [STARTING_PREP]
2026-09-23 10:08:50.778 [restartedMain] DEBUG o.apache.catalina.util.LifecycleBase [] - Setting state for [StandardServer[-1]] to [STARTING]
2026-09-23 10:08:50.778 [restartedMain] DEBUG o.apache.catalina.util.LifecycleBase [] - Setting state for [org.apache.catalina.deploy.NamingResourcesImpl@477de9f6] to [STARTING_PREP]
2026-09-23 10:08:50.780 [restartedMain] DEBUG o.apache.catalina.util.LifecycleBase [] - Setting state for [org.apache.catalina.deploy.NamingResourcesImpl@477de9f6] to [STARTING]
2026-09-23 10:08:50.780 [restartedMain] DEBUG o.apache.catalina.util.LifecycleBase [] - Setting state for [org.apache.catalina.deploy.NamingResourcesImpl@477de9f6] to [STARTED]
2026-09-23 10:08:50.780 [restartedMain] DEBUG o.apache.catalina.util.LifecycleBase [] - Setting state for [StandardService[Tomcat]] to [STARTING_PREP]
2026-09-23 10:08:50.780 [restartedMain] INFO  o.a.catalina.core.StandardService [] - Starting service [Tomcat]
2026-09-23 10:08:50.780 [restartedMain] DEBUG o.apache.catalina.util.LifecycleBase [] - Setting state for [StandardService[Tomcat]] to [STARTING]
2026-09-23 10:08:50.780 [restartedMain] DEBUG o.apache.catalina.util.LifecycleBase [] - Setting state for [StandardEngine[Tomcat]] to [STARTING_PREP]
2026-09-23 10:08:50.780 [restartedMain] INFO  o.a.catalina.core.StandardEngine [] - Starting Servlet engine: [Apache Tomcat/11.0.24]
2026-09-23 10:08:50.781 [restartedMain] DEBUG o.apache.catalina.util.LifecycleBase [] - Setting state for [SimpleRealm[StandardEngine[Tomcat]]] to [INITIALIZING]
2026-09-23 10:08:50.782 [restartedMain] DEBUG o.apache.catalina.util.LifecycleBase [] - Setting state for [SimpleRealm[StandardEngine[Tomcat]]] to [INITIALIZED]
2026-09-23 10:08:50.782 [restartedMain] DEBUG o.apache.catalina.util.LifecycleBase [] - Setting state for [SimpleRealm[StandardEngine[Tomcat]]] to [STARTING_PREP]
2026-09-23 10:08:50.782 [restartedMain] DEBUG o.apache.catalina.util.LifecycleBase [] - Setting state for [SimpleRealm[StandardEngine[Tomcat]]] to [STARTING]
2026-09-23 10:08:50.782 [restartedMain] DEBUG o.apache.catalina.util.LifecycleBase [] - Setting state for [SimpleRealm[StandardEngine[Tomcat]]] to [STARTED]
2026-09-23 10:08:50.782 [restartedMain] DEBUG o.apache.catalina.util.LifecycleBase [] - Setting state for [StandardEngine[Tomcat].StandardHost[localhost]] to [INITIALIZING]
2026-09-23 10:08:50.782 [restartedMain] DEBUG o.apache.catalina.util.LifecycleBase [] - Setting state for [StandardEngine[Tomcat].StandardHost[localhost]] to [INITIALIZED]
2026-09-23 10:08:50.782 [restartedMain] DEBUG o.apache.catalina.util.LifecycleBase [] - Setting state for [StandardEngine[Tomcat].StandardHost[localhost]] to [STARTING_PREP]
2026-09-23 10:08:50.783 [restartedMain] DEBUG o.apache.catalina.util.LifecycleBase [] - Setting state for [StandardEngine[Tomcat].StandardHost[localhost].TomcatEmbeddedContext[]] to [INITIALIZING]
2026-09-23 10:08:50.787 [restartedMain] DEBUG o.apache.catalina.util.LifecycleBase [] - Setting state for [StandardEngine[Tomcat].StandardHost[localhost].TomcatEmbeddedContext[]] to [INITIALIZED]
2026-09-23 10:08:50.787 [restartedMain] DEBUG o.apache.catalina.util.LifecycleBase [] - Setting state for [StandardEngine[Tomcat].StandardHost[localhost].TomcatEmbeddedContext[]] to [STARTING_PREP]
2026-09-23 10:08:50.793 [restartedMain] DEBUG o.apache.catalina.util.LifecycleBase [] - Setting state for [org.apache.catalina.webresources.StandardRoot@1bcccbb5] to [INITIALIZING]
2026-09-23 10:08:50.795 [restartedMain] DEBUG o.apache.catalina.util.LifecycleBase [] - Setting state for [org.apache.catalina.webresources.StandardRoot@1bcccbb5] to [INITIALIZED]
2026-09-23 10:08:50.795 [restartedMain] DEBUG o.apache.catalina.util.LifecycleBase [] - Setting state for [org.apache.catalina.webresources.StandardRoot@1bcccbb5] to [STARTING_PREP]
2026-09-23 10:08:50.796 [restartedMain] DEBUG o.apache.catalina.util.LifecycleBase [] - Setting state for [org.apache.catalina.webresources.DirResourceSet@873b50f] to [INITIALIZING]
2026-09-23 10:08:50.798 [restartedMain] DEBUG o.apache.catalina.util.LifecycleBase [] - Setting state for [org.apache.catalina.webresources.DirResourceSet@873b50f] to [INITIALIZED]
2026-09-23 10:08:50.798 [restartedMain] DEBUG o.apache.catalina.util.LifecycleBase [] - Setting state for [org.apache.catalina.webresources.DirResourceSet@873b50f] to [STARTING_PREP]
2026-09-23 10:08:50.798 [restartedMain] DEBUG o.apache.catalina.util.LifecycleBase [] - Setting state for [org.apache.catalina.webresources.DirResourceSet@873b50f] to [STARTING]
2026-09-23 10:08:50.798 [restartedMain] DEBUG o.apache.catalina.util.LifecycleBase [] - Setting state for [org.apache.catalina.webresources.DirResourceSet@873b50f] to [STARTED]
2026-09-23 10:08:50.798 [restartedMain] DEBUG o.apache.catalina.util.LifecycleBase [] - Setting state for [org.apache.catalina.webresources.StandardRoot@1bcccbb5] to [STARTING]
2026-09-23 10:08:50.798 [restartedMain] DEBUG o.apache.catalina.util.LifecycleBase [] - Setting state for [org.apache.catalina.webresources.StandardRoot@1bcccbb5] to [STARTED]
2026-09-23 10:08:50.798 [restartedMain] DEBUG o.apache.catalina.util.LifecycleBase [] - Setting state for [WebappLoader[StandardEngine[Tomcat].StandardHost[localhost].TomcatEmbeddedContext[]]] to [INITIALIZING]
2026-09-23 10:08:50.798 [restartedMain] DEBUG o.apache.catalina.util.LifecycleBase [] - Setting state for [WebappLoader[StandardEngine[Tomcat].StandardHost[localhost].TomcatEmbeddedContext[]]] to [INITIALIZED]
2026-09-23 10:08:50.798 [restartedMain] DEBUG o.apache.catalina.util.LifecycleBase [] - Setting state for [WebappLoader[StandardEngine[Tomcat].StandardHost[localhost].TomcatEmbeddedContext[]]] to [STARTING_PREP]
2026-09-23 10:08:50.798 [restartedMain] DEBUG o.a.catalina.loader.WebappLoader [] - Starting this Loader
2026-09-23 10:08:50.801 [restartedMain] DEBUG o.apache.catalina.webresources.Cache [] - Increased cache size by [531] for item [org.apache.catalina.webresources.CachedResource@a582396] at [/WEB-INF/classes] making total cache size [531]
2026-09-23 10:08:50.802 [restartedMain] DEBUG o.apache.catalina.util.LifecycleBase [] - Setting state for [WebappLoader[StandardEngine[Tomcat].StandardHost[localhost].TomcatEmbeddedContext[]]] to [STARTING]
2026-09-23 10:08:50.802 [restartedMain] DEBUG o.apache.catalina.util.LifecycleBase [] - Setting state for [WebappLoader[StandardEngine[Tomcat].StandardHost[localhost].TomcatEmbeddedContext[]]] to [STARTED]
2026-09-23 10:08:50.804 [restartedMain] DEBUG o.apache.catalina.util.LifecycleBase [] - Setting state for [StandardPipeline[StandardEngine[Tomcat].StandardHost[localhost].TomcatEmbeddedContext[]]] to [INITIALIZING]
2026-09-23 10:08:50.804 [restartedMain] DEBUG o.apache.catalina.util.LifecycleBase [] - Setting state for [StandardPipeline[StandardEngine[Tomcat].StandardHost[localhost].TomcatEmbeddedContext[]]] to [INITIALIZED]
2026-09-23 10:08:50.804 [restartedMain] DEBUG o.apache.catalina.util.LifecycleBase [] - Setting state for [StandardPipeline[StandardEngine[Tomcat].StandardHost[localhost].TomcatEmbeddedContext[]]] to [STARTING_PREP]
2026-09-23 10:08:50.804 [restartedMain] DEBUG o.apache.catalina.util.LifecycleBase [] - Setting state for [NonLoginAuthenticator[StandardEngine[Tomcat].StandardHost[localhost].TomcatEmbeddedContext[]]] to [INITIALIZING]
2026-09-23 10:08:50.804 [restartedMain] DEBUG o.apache.catalina.util.LifecycleBase [] - Setting state for [NonLoginAuthenticator[StandardEngine[Tomcat].StandardHost[localhost].TomcatEmbeddedContext[]]] to [INITIALIZED]
2026-09-23 10:08:50.804 [restartedMain] DEBUG o.apache.catalina.util.LifecycleBase [] - Setting state for [NonLoginAuthenticator[StandardEngine[Tomcat].StandardHost[localhost].TomcatEmbeddedContext[]]] to [STARTING_PREP]
2026-09-23 10:08:50.804 [restartedMain] DEBUG o.apache.catalina.util.LifecycleBase [] - Setting state for [NonLoginAuthenticator[StandardEngine[Tomcat].StandardHost[localhost].TomcatEmbeddedContext[]]] to [STARTING]
2026-09-23 10:08:50.804 [restartedMain] DEBUG o.apache.catalina.util.LifecycleBase [] - Setting state for [NonLoginAuthenticator[StandardEngine[Tomcat].StandardHost[localhost].TomcatEmbeddedContext[]]] to [STARTED]
2026-09-23 10:08:50.804 [restartedMain] DEBUG o.apache.catalina.util.LifecycleBase [] - Setting state for [StandardContextValve[StandardEngine[Tomcat].StandardHost[localhost].TomcatEmbeddedContext[]]] to [INITIALIZING]
2026-09-23 10:08:50.804 [restartedMain] DEBUG o.apache.catalina.util.LifecycleBase [] - Setting state for [StandardContextValve[StandardEngine[Tomcat].StandardHost[localhost].TomcatEmbeddedContext[]]] to [INITIALIZED]
2026-09-23 10:08:50.805 [restartedMain] DEBUG o.apache.catalina.util.LifecycleBase [] - Setting state for [StandardContextValve[StandardEngine[Tomcat].StandardHost[localhost].TomcatEmbeddedContext[]]] to [STARTING_PREP]
2026-09-23 10:08:50.805 [restartedMain] DEBUG o.apache.catalina.util.LifecycleBase [] - Setting state for [StandardContextValve[StandardEngine[Tomcat].StandardHost[localhost].TomcatEmbeddedContext[]]] to [STARTING]
2026-09-23 10:08:50.805 [restartedMain] DEBUG o.apache.catalina.util.LifecycleBase [] - Setting state for [StandardContextValve[StandardEngine[Tomcat].StandardHost[localhost].TomcatEmbeddedContext[]]] to [STARTED]
2026-09-23 10:08:50.805 [restartedMain] DEBUG o.apache.catalina.util.LifecycleBase [] - Setting state for [StandardPipeline[StandardEngine[Tomcat].StandardHost[localhost].TomcatEmbeddedContext[]]] to [STARTING]
2026-09-23 10:08:50.805 [restartedMain] DEBUG o.apache.catalina.util.LifecycleBase [] - Setting state for [StandardPipeline[StandardEngine[Tomcat].StandardHost[localhost].TomcatEmbeddedContext[]]] to [STARTED]
2026-09-23 10:08:50.805 [restartedMain] DEBUG o.apache.catalina.util.LifecycleBase [] - Setting state for [org.apache.catalina.deploy.NamingResourcesImpl@19023ec0] to [INITIALIZING]
2026-09-23 10:08:50.805 [restartedMain] DEBUG o.apache.catalina.util.LifecycleBase [] - Setting state for [org.apache.catalina.deploy.NamingResourcesImpl@19023ec0] to [INITIALIZED]
2026-09-23 10:08:50.805 [restartedMain] DEBUG o.apache.catalina.util.LifecycleBase [] - Setting state for [org.apache.catalina.deploy.NamingResourcesImpl@19023ec0] to [STARTING_PREP]
2026-09-23 10:08:50.805 [restartedMain] DEBUG o.apache.catalina.util.LifecycleBase [] - Setting state for [org.apache.catalina.deploy.NamingResourcesImpl@19023ec0] to [STARTING]
2026-09-23 10:08:50.805 [restartedMain] DEBUG o.apache.catalina.util.LifecycleBase [] - Setting state for [org.apache.catalina.deploy.NamingResourcesImpl@19023ec0] to [STARTED]
2026-09-23 10:08:50.807 [restartedMain] DEBUG o.s.b.w.c.s.WebApplicationContextInitializer [] - Published root WebApplicationContext as ServletContext attribute with name [org.springframework.web.context.WebApplicationContext.ROOT]
2026-09-23 10:08:50.809 [restartedMain] INFO  o.s.b.w.c.s.WebApplicationContextInitializer [] - Root WebApplicationContext: initialization completed in 421 ms
2026-09-23 10:08:50.810 [restartedMain] DEBUG o.s.b.f.s.DefaultListableBeanFactory [] - Creating shared instance of singleton bean 'requestContextFilter'
2026-09-23 10:08:50.812 [restartedMain] DEBUG o.s.b.f.s.DefaultListableBeanFactory [] - Creating shared instance of singleton bean 'formContentFilter'
2026-09-23 10:08:50.812 [restartedMain] DEBUG o.s.b.f.s.DefaultListableBeanFactory [] - Creating shared instance of singleton bean 'org.springframework.boot.webmvc.autoconfigure.WebMvcAutoConfiguration'
2026-09-23 10:08:50.812 [restartedMain] DEBUG o.s.b.f.s.DefaultListableBeanFactory [] - Creating shared instance of singleton bean 'characterEncodingFilter'
2026-09-23 10:08:50.812 [restartedMain] DEBUG o.s.b.f.s.DefaultListableBeanFactory [] - Creating shared instance of singleton bean 'org.springframework.boot.servlet.autoconfigure.HttpEncodingAutoConfiguration'
2026-09-23 10:08:50.814 [restartedMain] DEBUG o.s.b.f.s.DefaultListableBeanFactory [] - Creating shared instance of singleton bean 'spring.servlet.encoding-org.springframework.boot.servlet.autoconfigure.ServletEncodingProperties'
2026-09-23 10:08:50.814 [restartedMain] DEBUG o.s.b.f.s.DefaultListableBeanFactory [] - Autowiring by type from bean name 'characterEncodingFilter' via factory method to bean named 'spring.servlet.encoding-org.springframework.boot.servlet.autoconfigure.ServletEncodingProperties'
2026-09-23 10:08:50.817 [restartedMain] DEBUG o.s.b.w.s.ServletContextInitializerBeans [] - Mapping filters: characterEncodingFilter urls=[/*] order=-2147483648, formContentFilter urls=[/*] order=-9900, requestContextFilter urls=[/*] order=-105
2026-09-23 10:08:50.817 [restartedMain] DEBUG o.s.b.w.s.ServletContextInitializerBeans [] - Mapping servlets: dispatcherServlet urls=[/]
2026-09-23 10:08:50.818 [restartedMain] DEBUG o.apache.catalina.core.ContainerBase [] - Add container child [StandardWrapper[dispatcherServlet]] to container [StandardEngine[Tomcat].StandardHost[localhost].TomcatEmbeddedContext[]]
2026-09-23 10:08:50.818 [restartedMain] DEBUG o.apache.catalina.util.LifecycleBase [] - Setting state for [StandardEngine[Tomcat].StandardHost[localhost].TomcatEmbeddedContext[].StandardWrapper[dispatcherServlet]] to [INITIALIZING]
2026-09-23 10:08:50.818 [restartedMain] DEBUG o.apache.catalina.util.LifecycleBase [] - Setting state for [StandardEngine[Tomcat].StandardHost[localhost].TomcatEmbeddedContext[].StandardWrapper[dispatcherServlet]] to [INITIALIZED]
2026-09-23 10:08:50.818 [restartedMain] DEBUG o.apache.catalina.util.LifecycleBase [] - Setting state for [StandardEngine[Tomcat].StandardHost[localhost].TomcatEmbeddedContext[].StandardWrapper[dispatcherServlet]] to [STARTING_PREP]
2026-09-23 10:08:50.818 [restartedMain] DEBUG o.apache.catalina.util.LifecycleBase [] - Setting state for [StandardPipeline[StandardEngine[Tomcat].StandardHost[localhost].TomcatEmbeddedContext[].StandardWrapper[dispatcherServlet]]] to [INITIALIZING]
2026-09-23 10:08:50.818 [restartedMain] DEBUG o.apache.catalina.util.LifecycleBase [] - Setting state for [StandardPipeline[StandardEngine[Tomcat].StandardHost[localhost].TomcatEmbeddedContext[].StandardWrapper[dispatcherServlet]]] to [INITIALIZED]
2026-09-23 10:08:50.818 [restartedMain] DEBUG o.apache.catalina.util.LifecycleBase [] - Setting state for [StandardPipeline[StandardEngine[Tomcat].StandardHost[localhost].TomcatEmbeddedContext[].StandardWrapper[dispatcherServlet]]] to [STARTING_PREP]
2026-09-23 10:08:50.818 [restartedMain] DEBUG o.apache.catalina.util.LifecycleBase [] - Setting state for [StandardWrapperValve[StandardEngine[Tomcat].StandardHost[localhost].TomcatEmbeddedContext[].StandardWrapper[dispatcherServlet]]] to [INITIALIZING]
2026-09-23 10:08:50.820 [restartedMain] DEBUG o.apache.catalina.util.LifecycleBase [] - Setting state for [StandardWrapperValve[StandardEngine[Tomcat].StandardHost[localhost].TomcatEmbeddedContext[].StandardWrapper[dispatcherServlet]]] to [INITIALIZED]
2026-09-23 10:08:50.820 [restartedMain] DEBUG o.apache.catalina.util.LifecycleBase [] - Setting state for [StandardWrapperValve[StandardEngine[Tomcat].StandardHost[localhost].TomcatEmbeddedContext[].StandardWrapper[dispatcherServlet]]] to [STARTING_PREP]
2026-09-23 10:08:50.820 [restartedMain] DEBUG o.apache.catalina.util.LifecycleBase [] - Setting state for [StandardWrapperValve[StandardEngine[Tomcat].StandardHost[localhost].TomcatEmbeddedContext[].StandardWrapper[dispatcherServlet]]] to [STARTING]
2026-09-23 10:08:50.820 [restartedMain] DEBUG o.apache.catalina.util.LifecycleBase [] - Setting state for [StandardWrapperValve[StandardEngine[Tomcat].StandardHost[localhost].TomcatEmbeddedContext[].StandardWrapper[dispatcherServlet]]] to [STARTED]
2026-09-23 10:08:50.820 [restartedMain] DEBUG o.apache.catalina.util.LifecycleBase [] - Setting state for [StandardPipeline[StandardEngine[Tomcat].StandardHost[localhost].TomcatEmbeddedContext[].StandardWrapper[dispatcherServlet]]] to [STARTING]
2026-09-23 10:08:50.820 [restartedMain] DEBUG o.apache.catalina.util.LifecycleBase [] - Setting state for [StandardPipeline[StandardEngine[Tomcat].StandardHost[localhost].TomcatEmbeddedContext[].StandardWrapper[dispatcherServlet]]] to [STARTED]
2026-09-23 10:08:50.820 [restartedMain] DEBUG o.apache.catalina.util.LifecycleBase [] - Setting state for [StandardEngine[Tomcat].StandardHost[localhost].TomcatEmbeddedContext[].StandardWrapper[dispatcherServlet]] to [STARTING]
2026-09-23 10:08:50.820 [restartedMain] DEBUG o.apache.catalina.util.LifecycleBase [] - Setting state for [StandardEngine[Tomcat].StandardHost[localhost].TomcatEmbeddedContext[].StandardWrapper[dispatcherServlet]] to [STARTED]
2026-09-23 10:08:50.831 [restartedMain] DEBUG o.apache.catalina.util.LifecycleBase [] - Setting state for [StandardManager[StandardEngine[Tomcat].StandardHost[localhost].TomcatEmbeddedContext[]]] to [INITIALIZING]
2026-09-23 10:08:50.831 [restartedMain] DEBUG o.apache.catalina.util.LifecycleBase [] - Setting state for [StandardManager[StandardEngine[Tomcat].StandardHost[localhost].TomcatEmbeddedContext[]]] to [INITIALIZED]
2026-09-23 10:08:50.831 [restartedMain] DEBUG o.apache.catalina.util.LifecycleBase [] - Setting state for [StandardManager[StandardEngine[Tomcat].StandardHost[localhost].TomcatEmbeddedContext[]]] to [STARTING_PREP]
2026-09-23 10:08:50.831 [restartedMain] DEBUG o.apache.catalina.util.LifecycleBase [] - Setting state for [org.springframework.boot.tomcat.LazySessionIdGenerator@211ea121] to [INITIALIZING]
2026-09-23 10:08:50.831 [restartedMain] DEBUG o.apache.catalina.util.LifecycleBase [] - Setting state for [org.springframework.boot.tomcat.LazySessionIdGenerator@211ea121] to [INITIALIZED]
2026-09-23 10:08:50.832 [restartedMain] DEBUG o.apache.catalina.util.LifecycleBase [] - Setting state for [org.springframework.boot.tomcat.LazySessionIdGenerator@211ea121] to [STARTING_PREP]
2026-09-23 10:08:50.832 [restartedMain] DEBUG o.apache.catalina.util.LifecycleBase [] - Setting state for [org.springframework.boot.tomcat.LazySessionIdGenerator@211ea121] to [STARTING]
2026-09-23 10:08:50.832 [restartedMain] DEBUG o.apache.catalina.util.LifecycleBase [] - Setting state for [org.springframework.boot.tomcat.LazySessionIdGenerator@211ea121] to [STARTED]
2026-09-23 10:08:50.832 [restartedMain] DEBUG o.a.catalina.session.StandardManager [] - Persisted data file [C:\Users\zff06\AppData\Local\Temp\1E156B3D13D52CB8BCE045945FDCCDCFF4D52EA3\servlet-sessions\SESSIONS.ser] was not found
java.io.FileNotFoundException: C:\Users\zff06\AppData\Local\Temp\1E156B3D13D52CB8BCE045945FDCCDCFF4D52EA3\servlet-sessions\SESSIONS.ser (系统找不到指定的文件。)
	at java.base/java.io.FileInputStream.open0(Native Method)
	at java.base/java.io.FileInputStream.open(FileInputStream.java:213)
	at java.base/java.io.FileInputStream.<init>(FileInputStream.java:152)
	at java.base/java.io.FileInputStream.<init>(FileInputStream.java:106)
	at org.apache.catalina.session.StandardManager.load(StandardManager.java:132)
	at org.apache.catalina.session.StandardManager.startInternal(StandardManager.java:265)
	at org.apache.catalina.util.LifecycleBase.start(LifecycleBase.java:170)
	at org.apache.catalina.core.StandardContext.startInternal(StandardContext.java:4600)
	at org.apache.catalina.util.LifecycleBase.start(LifecycleBase.java:170)
	at org.apache.catalina.core.ContainerBase$StartChild.call(ContainerBase.java:1204)
	at org.apache.catalina.core.ContainerBase$StartChild.call(ContainerBase.java:1200)
	at java.base/java.util.concurrent.FutureTask.run(FutureTask.java:317)
	at org.apache.tomcat.util.threads.InlineExecutorService.execute(InlineExecutorService.java:92)
	at java.base/java.util.concurrent.AbstractExecutorService.submit(AbstractExecutorService.java:145)
	at org.apache.catalina.core.ContainerBase.startInternal(ContainerBase.java:732)
	at org.apache.catalina.core.StandardHost.startInternal(StandardHost.java:794)
	at org.apache.catalina.util.LifecycleBase.start(LifecycleBase.java:170)
	at org.apache.catalina.core.ContainerBase$StartChild.call(ContainerBase.java:1204)
	at org.apache.catalina.core.ContainerBase$StartChild.call(ContainerBase.java:1200)
	at java.base/java.util.concurrent.FutureTask.run(FutureTask.java:317)
	at org.apache.tomcat.util.threads.InlineExecutorService.execute(InlineExecutorService.java:92)
	at java.base/java.util.concurrent.AbstractExecutorService.submit(AbstractExecutorService.java:145)
	at org.apache.catalina.core.ContainerBase.startInternal(ContainerBase.java:732)
	at org.apache.catalina.core.StandardEngine.startInternal(StandardEngine.java:201)
	at org.apache.catalina.util.LifecycleBase.start(LifecycleBase.java:170)
	at org.apache.catalina.core.StandardService.startInternal(StandardService.java:433)
	at org.apache.catalina.util.LifecycleBase.start(LifecycleBase.java:170)
	at org.apache.catalina.core.StandardServer.startInternal(StandardServer.java:871)
	at org.apache.catalina.util.LifecycleBase.start(LifecycleBase.java:170)
	at org.apache.catalina.startup.Tomcat.start(Tomcat.java:452)
	at org.springframework.boot.tomcat.TomcatWebServer.initialize(TomcatWebServer.java:131)
	at org.springframework.boot.tomcat.TomcatWebServer.<init>(TomcatWebServer.java:110)
	at org.springframework.boot.tomcat.servlet.TomcatServletWebServerFactory.getTomcatWebServer(TomcatServletWebServerFactory.java:429)
	at org.springframework.boot.tomcat.servlet.TomcatServletWebServerFactory.getWebServer(TomcatServletWebServerFactory.java:167)
	at org.springframework.boot.web.server.servlet.context.ServletWebServerApplicationContext.createWebServer(ServletWebServerApplicationContext.java:190)
	at org.springframework.boot.web.server.servlet.context.ServletWebServerApplicationContext.onRefresh(ServletWebServerApplicationContext.java:164)
	at org.springframework.context.support.AbstractApplicationContext.refresh(AbstractApplicationContext.java:615)
	at org.springframework.boot.web.server.servlet.context.ServletWebServerApplicationContext.refresh(ServletWebServerApplicationContext.java:143)
	at org.springframework.boot.SpringApplication.refresh(SpringApplication.java:756)
	at org.springframework.boot.SpringApplication.refreshContext(SpringApplication.java:445)
	at org.springframework.boot.SpringApplication.run(SpringApplication.java:321)
	at org.springframework.boot.SpringApplication.run(SpringApplication.java:1365)
	at org.springframework.boot.SpringApplication.run(SpringApplication.java:1354)
	at top.zff06.logging.LoggingApplication.main(LoggingApplication.java:14)
	at java.base/jdk.internal.reflect.DirectMethodHandleAccessor.invoke(DirectMethodHandleAccessor.java:103)
	at java.base/java.lang.reflect.Method.invoke(Method.java:580)
	at org.springframework.boot.devtools.restart.RestartLauncher.run(RestartLauncher.java:52)
2026-09-23 10:08:50.833 [restartedMain] DEBUG o.apache.catalina.util.LifecycleBase [] - Setting state for [StandardManager[StandardEngine[Tomcat].StandardHost[localhost].TomcatEmbeddedContext[]]] to [STARTING]
2026-09-23 10:08:50.833 [restartedMain] DEBUG o.apache.catalina.util.LifecycleBase [] - Setting state for [StandardManager[StandardEngine[Tomcat].StandardHost[localhost].TomcatEmbeddedContext[]]] to [STARTED]
2026-09-23 10:08:50.836 [restartedMain] DEBUG o.s.b.s.f.OrderedRequestContextFilter [] - Filter 'requestContextFilter' configured for use
2026-09-23 10:08:50.836 [restartedMain] DEBUG o.s.b.s.f.OrderedCharacterEncodingFilter [] - Filter 'characterEncodingFilter' configured for use
2026-09-23 10:08:50.836 [restartedMain] DEBUG o.s.b.s.f.OrderedFormContentFilter [] - Filter 'formContentFilter' configured for use
2026-09-23 10:08:50.837 [restartedMain] DEBUG o.apache.catalina.util.LifecycleBase [] - Setting state for [StandardEngine[Tomcat].StandardHost[localhost].TomcatEmbeddedContext[]] to [STARTING]
2026-09-23 10:08:50.837 [restartedMain] DEBUG o.apache.catalina.util.LifecycleBase [] - Setting state for [StandardEngine[Tomcat].StandardHost[localhost].TomcatEmbeddedContext[]] to [STARTED]
2026-09-23 10:08:50.837 [restartedMain] DEBUG o.apache.catalina.util.LifecycleBase [] - Setting state for [StandardPipeline[StandardEngine[Tomcat].StandardHost[localhost]]] to [INITIALIZING]
2026-09-23 10:08:50.837 [restartedMain] DEBUG o.apache.catalina.util.LifecycleBase [] - Setting state for [StandardPipeline[StandardEngine[Tomcat].StandardHost[localhost]]] to [INITIALIZED]
2026-09-23 10:08:50.837 [restartedMain] DEBUG o.apache.catalina.util.LifecycleBase [] - Setting state for [StandardPipeline[StandardEngine[Tomcat].StandardHost[localhost]]] to [STARTING_PREP]
2026-09-23 10:08:50.837 [restartedMain] DEBUG o.apache.catalina.util.LifecycleBase [] - Setting state for [ErrorReportValve[StandardEngine[Tomcat].StandardHost[localhost]]] to [INITIALIZING]
2026-09-23 10:08:50.837 [restartedMain] DEBUG o.apache.catalina.util.LifecycleBase [] - Setting state for [ErrorReportValve[StandardEngine[Tomcat].StandardHost[localhost]]] to [INITIALIZED]
2026-09-23 10:08:50.837 [restartedMain] DEBUG o.apache.catalina.util.LifecycleBase [] - Setting state for [ErrorReportValve[StandardEngine[Tomcat].StandardHost[localhost]]] to [STARTING_PREP]
2026-09-23 10:08:50.837 [restartedMain] DEBUG o.apache.catalina.util.LifecycleBase [] - Setting state for [ErrorReportValve[StandardEngine[Tomcat].StandardHost[localhost]]] to [STARTING]
2026-09-23 10:08:50.837 [restartedMain] DEBUG o.apache.catalina.util.LifecycleBase [] - Setting state for [ErrorReportValve[StandardEngine[Tomcat].StandardHost[localhost]]] to [STARTED]
2026-09-23 10:08:50.837 [restartedMain] DEBUG o.apache.catalina.util.LifecycleBase [] - Setting state for [StandardHostValve[StandardEngine[Tomcat].StandardHost[localhost]]] to [INITIALIZING]
2026-09-23 10:08:50.837 [restartedMain] DEBUG o.apache.catalina.util.LifecycleBase [] - Setting state for [StandardHostValve[StandardEngine[Tomcat].StandardHost[localhost]]] to [INITIALIZED]
2026-09-23 10:08:50.837 [restartedMain] DEBUG o.apache.catalina.util.LifecycleBase [] - Setting state for [StandardHostValve[StandardEngine[Tomcat].StandardHost[localhost]]] to [STARTING_PREP]
2026-09-23 10:08:50.837 [restartedMain] DEBUG o.apache.catalina.util.LifecycleBase [] - Setting state for [StandardHostValve[StandardEngine[Tomcat].StandardHost[localhost]]] to [STARTING]
2026-09-23 10:08:50.838 [restartedMain] DEBUG o.apache.catalina.util.LifecycleBase [] - Setting state for [StandardHostValve[StandardEngine[Tomcat].StandardHost[localhost]]] to [STARTED]
2026-09-23 10:08:50.838 [restartedMain] DEBUG o.apache.catalina.util.LifecycleBase [] - Setting state for [StandardPipeline[StandardEngine[Tomcat].StandardHost[localhost]]] to [STARTING]
2026-09-23 10:08:50.838 [restartedMain] DEBUG o.apache.catalina.util.LifecycleBase [] - Setting state for [StandardPipeline[StandardEngine[Tomcat].StandardHost[localhost]]] to [STARTED]
2026-09-23 10:08:50.838 [restartedMain] DEBUG o.apache.catalina.util.LifecycleBase [] - Setting state for [StandardEngine[Tomcat].StandardHost[localhost]] to [STARTING]
2026-09-23 10:08:50.838 [restartedMain] DEBUG o.apache.catalina.util.LifecycleBase [] - Setting state for [StandardEngine[Tomcat].StandardHost[localhost]] to [STARTED]
2026-09-23 10:08:50.838 [restartedMain] DEBUG o.apache.catalina.util.LifecycleBase [] - Setting state for [StandardPipeline[StandardEngine[Tomcat]]] to [INITIALIZING]
2026-09-23 10:08:50.838 [restartedMain] DEBUG o.apache.catalina.util.LifecycleBase [] - Setting state for [StandardPipeline[StandardEngine[Tomcat]]] to [INITIALIZED]
2026-09-23 10:08:50.838 [restartedMain] DEBUG o.apache.catalina.util.LifecycleBase [] - Setting state for [StandardPipeline[StandardEngine[Tomcat]]] to [STARTING_PREP]
2026-09-23 10:08:50.838 [restartedMain] DEBUG o.apache.catalina.util.LifecycleBase [] - Setting state for [StandardEngineValve[StandardEngine[Tomcat]]] to [INITIALIZING]
2026-09-23 10:08:50.838 [restartedMain] DEBUG o.apache.catalina.util.LifecycleBase [] - Setting state for [StandardEngineValve[StandardEngine[Tomcat]]] to [INITIALIZED]
2026-09-23 10:08:50.838 [restartedMain] DEBUG o.apache.catalina.util.LifecycleBase [] - Setting state for [StandardEngineValve[StandardEngine[Tomcat]]] to [STARTING_PREP]
2026-09-23 10:08:50.838 [restartedMain] DEBUG o.apache.catalina.util.LifecycleBase [] - Setting state for [StandardEngineValve[StandardEngine[Tomcat]]] to [STARTING]
2026-09-23 10:08:50.838 [restartedMain] DEBUG o.apache.catalina.util.LifecycleBase [] - Setting state for [StandardEngineValve[StandardEngine[Tomcat]]] to [STARTED]
2026-09-23 10:08:50.839 [restartedMain] DEBUG o.apache.catalina.util.LifecycleBase [] - Setting state for [StandardPipeline[StandardEngine[Tomcat]]] to [STARTING]
2026-09-23 10:08:50.839 [restartedMain] DEBUG o.apache.catalina.util.LifecycleBase [] - Setting state for [StandardPipeline[StandardEngine[Tomcat]]] to [STARTED]
2026-09-23 10:08:50.839 [restartedMain] DEBUG o.apache.catalina.util.LifecycleBase [] - Setting state for [StandardEngine[Tomcat]] to [STARTING]
2026-09-23 10:08:50.840 [restartedMain] DEBUG o.apache.catalina.util.LifecycleBase [] - Setting state for [StandardEngine[Tomcat]] to [STARTED]
2026-09-23 10:08:50.840 [restartedMain] DEBUG o.apache.catalina.util.LifecycleBase [] - Setting state for [org.apache.catalina.mapper.MapperListener@32a7ab60] to [STARTING_PREP]
2026-09-23 10:08:50.840 [restartedMain] DEBUG o.apache.catalina.util.LifecycleBase [] - Setting state for [org.apache.catalina.mapper.MapperListener@32a7ab60] to [STARTING]
2026-09-23 10:08:50.841 [restartedMain] DEBUG org.apache.catalina.mapper.Mapper [] - Registered host [localhost]
2026-09-23 10:08:50.842 [restartedMain] DEBUG o.a.catalina.mapper.MapperListener [] - Register Wrapper [dispatcherServlet] in Context [] for service [StandardService[Tomcat]]
2026-09-23 10:08:50.842 [restartedMain] DEBUG o.a.catalina.mapper.MapperListener [] - Register Context [] for service [StandardService[Tomcat]]
2026-09-23 10:08:50.842 [restartedMain] DEBUG o.a.catalina.mapper.MapperListener [] - Register host [localhost] at domain [Tomcat] for service [StandardService[Tomcat]]
2026-09-23 10:08:50.842 [restartedMain] DEBUG o.apache.catalina.util.LifecycleBase [] - Setting state for [org.apache.catalina.mapper.MapperListener@32a7ab60] to [STARTED]
2026-09-23 10:08:50.842 [restartedMain] DEBUG o.apache.catalina.util.LifecycleBase [] - Setting state for [StandardService[Tomcat]] to [STARTED]
2026-09-23 10:08:50.843 [restartedMain] DEBUG o.apache.catalina.util.LifecycleBase [] - Setting state for [StandardServer[-1]] to [STARTED]
2026-09-23 10:08:50.845 [restartedMain] DEBUG o.s.b.f.s.DefaultListableBeanFactory [] - Creating shared instance of singleton bean 'applicationTaskExecutor'
2026-09-23 10:08:50.846 [restartedMain] DEBUG o.s.b.f.s.DefaultListableBeanFactory [] - Creating shared instance of singleton bean 'org.springframework.boot.autoconfigure.task.TaskExecutorConfigurations$TaskExecutorConfiguration'
2026-09-23 10:08:50.846 [restartedMain] DEBUG o.s.b.f.s.DefaultListableBeanFactory [] - Creating shared instance of singleton bean 'threadPoolTaskExecutorBuilder'
2026-09-23 10:08:50.846 [restartedMain] DEBUG o.s.b.f.s.DefaultListableBeanFactory [] - Creating shared instance of singleton bean 'org.springframework.boot.autoconfigure.task.TaskExecutorConfigurations$ThreadPoolTaskExecutorBuilderConfiguration'
2026-09-23 10:08:50.847 [restartedMain] DEBUG o.s.b.f.s.DefaultListableBeanFactory [] - Creating shared instance of singleton bean 'spring.task.execution-org.springframework.boot.autoconfigure.task.TaskExecutionProperties'
2026-09-23 10:08:50.848 [restartedMain] DEBUG o.s.b.f.s.DefaultListableBeanFactory [] - Autowiring by type from bean name 'threadPoolTaskExecutorBuilder' via factory method to bean named 'spring.task.execution-org.springframework.boot.autoconfigure.task.TaskExecutionProperties'
2026-09-23 10:08:50.849 [restartedMain] DEBUG o.s.b.f.s.DefaultListableBeanFactory [] - Autowiring by type from bean name 'applicationTaskExecutor' via factory method to bean named 'threadPoolTaskExecutorBuilder'
2026-09-23 10:08:50.856 [RMI TCP Connection(1)-192.168.208.1] DEBUG sun.rmi.transport.tcp [] - RMI TCP Connection(1)-192.168.208.1: (port 64300) op = 82
2026-09-23 10:08:50.856 [RMI TCP Connection(1)-192.168.208.1] DEBUG sun.rmi.transport.tcp [] - RMI TCP Connection(1)-192.168.208.1: (port 64300) op = 80
2026-09-23 10:08:50.856 [RMI TCP Connection(1)-192.168.208.1] DEBUG sun.rmi.loader [] - RMI TCP Connection(1)-192.168.208.1: name = "[Ljava.rmi.server.ObjID;", codebase = "", defaultLoader = jdk.internal.loader.ClassLoaders$PlatformClassLoader@5702d950
2026-09-23 10:08:50.856 [RMI TCP Connection(1)-192.168.208.1] DEBUG sun.rmi.loader [] - RMI TCP Connection(1)-192.168.208.1: name = "java.rmi.server.ObjID", codebase = "", defaultLoader = jdk.internal.loader.ClassLoaders$PlatformClassLoader@5702d950
2026-09-23 10:08:50.857 [RMI TCP Connection(1)-192.168.208.1] DEBUG sun.rmi.loader [] - RMI TCP Connection(1)-192.168.208.1: name = "java.rmi.server.UID", codebase = "", defaultLoader = jdk.internal.loader.ClassLoaders$PlatformClassLoader@5702d950
2026-09-23 10:08:50.857 [RMI TCP Connection(1)-192.168.208.1] DEBUG sun.rmi.loader [] - RMI TCP Connection(1)-192.168.208.1: name = "java.rmi.dgc.VMID", codebase = "", defaultLoader = jdk.internal.loader.ClassLoaders$PlatformClassLoader@5702d950
2026-09-23 10:08:50.857 [RMI TCP Connection(1)-192.168.208.1] DEBUG sun.rmi.loader [] - RMI TCP Connection(1)-192.168.208.1: name = "[B", codebase = "", defaultLoader = jdk.internal.loader.ClassLoaders$PlatformClassLoader@5702d950
2026-09-23 10:08:50.858 [restartedMain] DEBUG o.s.s.c.ThreadPoolTaskExecutor [] - Initializing ExecutorService 'applicationTaskExecutor'
2026-09-23 10:08:50.860 [restartedMain] DEBUG o.s.b.f.s.DefaultListableBeanFactory [] - Creating shared instance of singleton bean 'loggingApplication'
2026-09-23 10:08:50.860 [restartedMain] DEBUG o.s.b.f.s.DefaultListableBeanFactory [] - Creating shared instance of singleton bean 'loggingController'
2026-09-23 10:08:50.862 [restartedMain] DEBUG o.s.b.f.s.DefaultListableBeanFactory [] - Creating shared instance of singleton bean 'org.springframework.boot.autoconfigure.AutoConfigurationPackages'
2026-09-23 10:08:50.863 [restartedMain] DEBUG o.s.b.f.s.DefaultListableBeanFactory [] - Creating shared instance of singleton bean 'org.springframework.boot.autoconfigure.context.PropertyPlaceholderAutoConfiguration'
2026-09-23 10:08:50.863 [restartedMain] DEBUG o.s.b.f.s.DefaultListableBeanFactory [] - Creating shared instance of singleton bean 'org.springframework.boot.context.properties.EnableConfigurationPropertiesRegistrar.methodValidationExcludeFilter'
2026-09-23 10:08:50.866 [restartedMain] DEBUG o.s.b.f.s.DefaultListableBeanFactory [] - Creating shared instance of singleton bean 'org.springframework.boot.webmvc.autoconfigure.DispatcherServletAutoConfiguration'
2026-09-23 10:08:50.866 [restartedMain] DEBUG o.s.b.f.s.DefaultListableBeanFactory [] - Creating shared instance of singleton bean 'org.springframework.boot.autoconfigure.task.TaskExecutorConfigurations$SimpleAsyncTaskExecutorBuilderConfiguration'
2026-09-23 10:08:50.869 [restartedMain] DEBUG o.s.b.f.s.DefaultListableBeanFactory [] - Autowiring by type from bean name 'org.springframework.boot.autoconfigure.task.TaskExecutorConfigurations$SimpleAsyncTaskExecutorBuilderConfiguration' via constructor to bean named 'spring.task.execution-org.springframework.boot.autoconfigure.task.TaskExecutionProperties'
2026-09-23 10:08:50.869 [restartedMain] DEBUG o.s.b.f.s.DefaultListableBeanFactory [] - Creating shared instance of singleton bean 'simpleAsyncTaskExecutorBuilder'
2026-09-23 10:08:50.870 [restartedMain] DEBUG o.s.b.f.s.DefaultListableBeanFactory [] - Creating shared instance of singleton bean 'org.springframework.boot.autoconfigure.task.TaskExecutorConfigurations$AsyncConfigurerConfiguration'
2026-09-23 10:08:50.870 [restartedMain] DEBUG o.s.b.f.s.DefaultListableBeanFactory [] - Creating shared instance of singleton bean 'applicationTaskExecutorAsyncConfigurer'
2026-09-23 10:08:50.870 [restartedMain] DEBUG o.s.b.f.s.DefaultListableBeanFactory [] - Autowiring by type from bean name 'applicationTaskExecutorAsyncConfigurer' via factory method to bean named 'org.springframework.beans.factory.support.DefaultListableBeanFactory@4f3d4c75'
2026-09-23 10:08:50.872 [restartedMain] DEBUG o.s.b.f.s.DefaultListableBeanFactory [] - Creating shared instance of singleton bean 'org.springframework.boot.autoconfigure.task.TaskExecutorConfigurations$BootstrapExecutorConfiguration'
2026-09-23 10:08:50.872 [restartedMain] DEBUG o.s.b.f.s.DefaultListableBeanFactory [] - Creating shared instance of singleton bean 'org.springframework.boot.autoconfigure.task.TaskExecutionAutoConfiguration'
2026-09-23 10:08:50.872 [restartedMain] DEBUG o.s.b.f.s.DefaultListableBeanFactory [] - Creating shared instance of singleton bean 'org.springframework.boot.webmvc.autoconfigure.error.ErrorMvcAutoConfiguration$WhitelabelErrorViewConfiguration'
2026-09-23 10:08:50.874 [restartedMain] DEBUG o.s.b.f.s.DefaultListableBeanFactory [] - Creating shared instance of singleton bean 'error'
2026-09-23 10:08:50.874 [restartedMain] DEBUG o.s.b.f.s.DefaultListableBeanFactory [] - Creating shared instance of singleton bean 'beanNameViewResolver'
2026-09-23 10:08:50.875 [restartedMain] DEBUG o.s.b.f.s.DefaultListableBeanFactory [] - Creating shared instance of singleton bean 'org.springframework.boot.webmvc.autoconfigure.error.ErrorMvcAutoConfiguration$DefaultErrorViewResolverConfiguration'
2026-09-23 10:08:50.875 [restartedMain] DEBUG o.s.b.f.s.DefaultListableBeanFactory [] - Autowiring by type from bean name 'org.springframework.boot.webmvc.autoconfigure.error.ErrorMvcAutoConfiguration$DefaultErrorViewResolverConfiguration' via constructor to bean named 'org.springframework.boot.web.server.servlet.context.AnnotationConfigServletWebServerApplicationContext@356dfaae'
2026-09-23 10:08:50.875 [restartedMain] DEBUG o.s.b.f.s.DefaultListableBeanFactory [] - Autowiring by type from bean name 'org.springframework.boot.webmvc.autoconfigure.error.ErrorMvcAutoConfiguration$DefaultErrorViewResolverConfiguration' via constructor to bean named 'spring.web-org.springframework.boot.autoconfigure.web.WebProperties'
2026-09-23 10:08:50.875 [restartedMain] DEBUG o.s.b.f.s.DefaultListableBeanFactory [] - Creating shared instance of singleton bean 'conventionErrorViewResolver'
2026-09-23 10:08:50.875 [restartedMain] DEBUG o.s.b.f.s.DefaultListableBeanFactory [] - Creating shared instance of singleton bean 'errorAttributes'
2026-09-23 10:08:50.877 [restartedMain] DEBUG o.s.b.f.s.DefaultListableBeanFactory [] - Creating shared instance of singleton bean 'basicErrorController'
2026-09-23 10:08:50.877 [restartedMain] DEBUG o.s.b.f.s.DefaultListableBeanFactory [] - Autowiring by type from bean name 'basicErrorController' via factory method to bean named 'errorAttributes'
2026-09-23 10:08:50.882 [restartedMain] DEBUG o.s.b.f.s.DefaultListableBeanFactory [] - Creating shared instance of singleton bean 'org.springframework.boot.webmvc.autoconfigure.WebMvcAutoConfiguration$EnableWebMvcConfiguration'
2026-09-23 10:08:50.884 [restartedMain] DEBUG o.s.b.f.s.DefaultListableBeanFactory [] - Autowiring by type from bean name 'org.springframework.boot.webmvc.autoconfigure.WebMvcAutoConfiguration$EnableWebMvcConfiguration' via constructor to bean named 'spring.mvc-org.springframework.boot.webmvc.autoconfigure.WebMvcProperties'
2026-09-23 10:08:50.884 [restartedMain] DEBUG o.s.b.f.s.DefaultListableBeanFactory [] - Autowiring by type from bean name 'org.springframework.boot.webmvc.autoconfigure.WebMvcAutoConfiguration$EnableWebMvcConfiguration' via constructor to bean named 'spring.web-org.springframework.boot.autoconfigure.web.WebProperties'
2026-09-23 10:08:50.884 [restartedMain] DEBUG o.s.b.f.s.DefaultListableBeanFactory [] - Autowiring by type from bean name 'org.springframework.boot.webmvc.autoconfigure.WebMvcAutoConfiguration$EnableWebMvcConfiguration' via constructor to bean named 'org.springframework.beans.factory.support.DefaultListableBeanFactory@4f3d4c75'
2026-09-23 10:08:50.891 [restartedMain] DEBUG o.s.b.f.s.DefaultListableBeanFactory [] - Creating shared instance of singleton bean 'org.springframework.boot.webmvc.autoconfigure.WebMvcAutoConfiguration$WebMvcAutoConfigurationAdapter'
2026-09-23 10:08:50.892 [restartedMain] DEBUG o.s.b.f.s.DefaultListableBeanFactory [] - Autowiring by type from bean name 'org.springframework.boot.webmvc.autoconfigure.WebMvcAutoConfiguration$WebMvcAutoConfigurationAdapter' via constructor to bean named 'spring.web-org.springframework.boot.autoconfigure.web.WebProperties'
2026-09-23 10:08:50.892 [restartedMain] DEBUG o.s.b.f.s.DefaultListableBeanFactory [] - Autowiring by type from bean name 'org.springframework.boot.webmvc.autoconfigure.WebMvcAutoConfiguration$WebMvcAutoConfigurationAdapter' via constructor to bean named 'spring.mvc-org.springframework.boot.webmvc.autoconfigure.WebMvcProperties'
2026-09-23 10:08:50.892 [restartedMain] DEBUG o.s.b.f.s.DefaultListableBeanFactory [] - Autowiring by type from bean name 'org.springframework.boot.webmvc.autoconfigure.WebMvcAutoConfiguration$WebMvcAutoConfigurationAdapter' via constructor to bean named 'org.springframework.beans.factory.support.DefaultListableBeanFactory@4f3d4c75'
2026-09-23 10:08:50.895 [restartedMain] DEBUG o.s.b.f.s.DefaultListableBeanFactory [] - Creating shared instance of singleton bean 'welcomePageHandlerMapping'
2026-09-23 10:08:50.896 [restartedMain] DEBUG o.s.b.f.s.DefaultListableBeanFactory [] - Creating shared instance of singleton bean 'mvcConversionService'
2026-09-23 10:08:50.897 [restartedMain] DEBUG o.s.b.f.s.DefaultListableBeanFactory [] - Creating shared instance of singleton bean 'mvcResourceUrlProvider'
2026-09-23 10:08:50.898 [restartedMain] DEBUG o.s.b.f.s.DefaultListableBeanFactory [] - Autowiring by type from bean name 'welcomePageHandlerMapping' via factory method to bean named 'org.springframework.boot.web.server.servlet.context.AnnotationConfigServletWebServerApplicationContext@356dfaae'
2026-09-23 10:08:50.898 [restartedMain] DEBUG o.s.b.f.s.DefaultListableBeanFactory [] - Autowiring by type from bean name 'welcomePageHandlerMapping' via factory method to bean named 'mvcConversionService'
2026-09-23 10:08:50.898 [restartedMain] DEBUG o.s.b.f.s.DefaultListableBeanFactory [] - Autowiring by type from bean name 'welcomePageHandlerMapping' via factory method to bean named 'mvcResourceUrlProvider'
2026-09-23 10:08:50.901 [restartedMain] DEBUG o.apache.catalina.webresources.Cache [] - Increased cache size by [521] for item [org.apache.catalina.webresources.CachedResource@243a37be] at [/index.html] making total cache size [1052]
2026-09-23 10:08:50.908 [restartedMain] DEBUG o.s.b.f.s.DefaultListableBeanFactory [] - Creating shared instance of singleton bean 'welcomePageNotAcceptableHandlerMapping'
2026-09-23 10:08:50.908 [restartedMain] DEBUG o.s.b.f.s.DefaultListableBeanFactory [] - Autowiring by type from bean name 'welcomePageNotAcceptableHandlerMapping' via factory method to bean named 'org.springframework.boot.web.server.servlet.context.AnnotationConfigServletWebServerApplicationContext@356dfaae'
2026-09-23 10:08:50.908 [restartedMain] DEBUG o.s.b.f.s.DefaultListableBeanFactory [] - Autowiring by type from bean name 'welcomePageNotAcceptableHandlerMapping' via factory method to bean named 'mvcConversionService'
2026-09-23 10:08:50.908 [restartedMain] DEBUG o.s.b.f.s.DefaultListableBeanFactory [] - Autowiring by type from bean name 'welcomePageNotAcceptableHandlerMapping' via factory method to bean named 'mvcResourceUrlProvider'
2026-09-23 10:08:50.910 [restartedMain] DEBUG o.s.b.f.s.DefaultListableBeanFactory [] - Creating shared instance of singleton bean 'localeResolver'
2026-09-23 10:08:50.911 [restartedMain] DEBUG o.s.b.f.s.DefaultListableBeanFactory [] - Creating shared instance of singleton bean 'flashMapManager'
2026-09-23 10:08:50.912 [restartedMain] DEBUG o.s.b.f.s.DefaultListableBeanFactory [] - Creating shared instance of singleton bean 'viewNameTranslator'
2026-09-23 10:08:50.912 [restartedMain] DEBUG o.s.b.f.s.DefaultListableBeanFactory [] - Creating shared instance of singleton bean 'mvcValidator'
2026-09-23 10:08:50.912 [restartedMain] DEBUG o.s.b.f.s.DefaultListableBeanFactory [] - Creating shared instance of singleton bean 'requestMappingHandlerMapping'
2026-09-23 10:08:50.914 [restartedMain] DEBUG o.s.b.f.s.DefaultListableBeanFactory [] - Creating shared instance of singleton bean 'mvcContentNegotiationManager'
2026-09-23 10:08:50.915 [restartedMain] DEBUG o.s.b.f.s.DefaultListableBeanFactory [] - Creating shared instance of singleton bean 'stringHttpMessageConvertersCustomizer'
2026-09-23 10:08:50.916 [restartedMain] DEBUG o.s.b.f.s.DefaultListableBeanFactory [] - Creating shared instance of singleton bean 'org.springframework.boot.http.converter.autoconfigure.HttpMessageConvertersAutoConfiguration$StringHttpMessageConverterConfiguration'
2026-09-23 10:08:50.916 [restartedMain] DEBUG o.s.b.f.s.DefaultListableBeanFactory [] - Creating shared instance of singleton bean 'spring.http.converters-org.springframework.boot.http.converter.autoconfigure.HttpMessageConvertersProperties'
2026-09-23 10:08:50.916 [restartedMain] DEBUG o.s.b.f.s.DefaultListableBeanFactory [] - Autowiring by type from bean name 'stringHttpMessageConvertersCustomizer' via factory method to bean named 'spring.http.converters-org.springframework.boot.http.converter.autoconfigure.HttpMessageConvertersProperties'
2026-09-23 10:08:50.918 [restartedMain] DEBUG o.s.b.f.s.DefaultListableBeanFactory [] - Creating shared instance of singleton bean 'jacksonJsonHttpMessageConvertersCustomizer'
2026-09-23 10:08:50.918 [restartedMain] DEBUG o.s.b.f.s.DefaultListableBeanFactory [] - Creating shared instance of singleton bean 'org.springframework.boot.http.converter.autoconfigure.JacksonHttpMessageConvertersConfiguration$JacksonJsonHttpMessageConverterConfiguration'
2026-09-23 10:08:50.919 [restartedMain] DEBUG o.s.b.f.s.DefaultListableBeanFactory [] - Creating shared instance of singleton bean 'jacksonJsonMapper'
2026-09-23 10:08:50.919 [restartedMain] DEBUG o.s.b.f.s.DefaultListableBeanFactory [] - Creating shared instance of singleton bean 'org.springframework.boot.jackson.autoconfigure.JacksonAutoConfiguration'
2026-09-23 10:08:50.920 [restartedMain] DEBUG o.s.b.f.s.DefaultListableBeanFactory [] - Creating shared instance of singleton bean 'jsonFactory'
2026-09-23 10:08:50.920 [restartedMain] DEBUG o.s.b.f.s.DefaultListableBeanFactory [] - Creating shared instance of singleton bean 'standardJsonFactoryBuilderCustomizer'
2026-09-23 10:08:50.920 [restartedMain] DEBUG o.s.b.f.s.DefaultListableBeanFactory [] - Creating shared instance of singleton bean 'org.springframework.boot.jackson.autoconfigure.JacksonAutoConfiguration$JacksonJsonCustomizerConfiguration'
2026-09-23 10:08:50.920 [restartedMain] DEBUG o.s.b.f.s.DefaultListableBeanFactory [] - Creating shared instance of singleton bean 'spring.jackson-org.springframework.boot.jackson.autoconfigure.JacksonProperties'
2026-09-23 10:08:50.923 [restartedMain] DEBUG o.s.b.f.s.DefaultListableBeanFactory [] - Autowiring by type from bean name 'org.springframework.boot.jackson.autoconfigure.JacksonAutoConfiguration$JacksonJsonCustomizerConfiguration' via constructor to bean named 'spring.jackson-org.springframework.boot.jackson.autoconfigure.JacksonProperties'
2026-09-23 10:08:50.927 [restartedMain] DEBUG o.s.b.f.s.DefaultListableBeanFactory [] - Autowiring by type from bean name 'jsonMapperBuilder' via factory method to bean named 'jsonFactory'
2026-09-23 10:08:50.929 [restartedMain] DEBUG o.s.b.f.s.DefaultListableBeanFactory [] - Creating shared instance of singleton bean 'problemDetailJsonMapperBuilderCustomizer'
2026-09-23 10:08:50.929 [restartedMain] DEBUG o.s.b.f.s.DefaultListableBeanFactory [] - Creating shared instance of singleton bean 'org.springframework.boot.jackson.autoconfigure.JacksonAutoConfiguration$JsonProblemDetailsConfiguration'
2026-09-23 10:08:50.930 [restartedMain] DEBUG o.s.b.f.s.DefaultListableBeanFactory [] - Creating shared instance of singleton bean 'standardJsonMapperBuilderCustomizer'
2026-09-23 10:08:50.930 [restartedMain] DEBUG o.s.b.f.s.DefaultListableBeanFactory [] - Autowiring by type from bean name 'standardJsonMapperBuilderCustomizer' via factory method to bean named 'org.springframework.beans.factory.support.DefaultListableBeanFactory@4f3d4c75'
2026-09-23 10:08:50.931 [restartedMain] DEBUG o.s.b.f.s.DefaultListableBeanFactory [] - Creating shared instance of singleton bean 'jacksonMixinModule'
2026-09-23 10:08:50.931 [restartedMain] DEBUG o.s.b.f.s.DefaultListableBeanFactory [] - Creating shared instance of singleton bean 'org.springframework.boot.jackson.autoconfigure.JacksonAutoConfiguration$JacksonMixinConfiguration'
2026-09-23 10:08:50.931 [restartedMain] DEBUG o.s.b.f.s.DefaultListableBeanFactory [] - Creating shared instance of singleton bean 'jacksonMixinModuleEntries'
2026-09-23 10:08:50.931 [restartedMain] DEBUG o.s.b.f.s.DefaultListableBeanFactory [] - Autowiring by type from bean name 'jacksonMixinModuleEntries' via factory method to bean named 'org.springframework.boot.web.server.servlet.context.AnnotationConfigServletWebServerApplicationContext@356dfaae'
2026-09-23 10:08:50.931 [restartedMain] DEBUG o.s.b.a.AutoConfigurationPackages [] - @EnableAutoConfiguration was declared on a class in the package 'top.zff06.logging'. Automatic @Repository and @Entity scanning is enabled.
2026-09-23 10:08:50.935 [restartedMain] DEBUG o.s.b.f.s.DefaultListableBeanFactory [] - Autowiring by type from bean name 'jacksonMixinModule' via factory method to bean named 'org.springframework.boot.web.server.servlet.context.AnnotationConfigServletWebServerApplicationContext@356dfaae'
2026-09-23 10:08:50.935 [restartedMain] DEBUG o.s.b.f.s.DefaultListableBeanFactory [] - Autowiring by type from bean name 'jacksonMixinModule' via factory method to bean named 'jacksonMixinModuleEntries'
2026-09-23 10:08:50.946 [restartedMain] DEBUG o.s.b.f.s.DefaultListableBeanFactory [] - Creating shared instance of singleton bean 'jsonComponentModule'
2026-09-23 10:08:50.953 [restartedMain] DEBUG o.s.b.f.s.DefaultListableBeanFactory [] - Autowiring by type from bean name 'jacksonJsonMapper' via factory method to bean named 'jsonMapperBuilder'
2026-09-23 10:08:50.959 [restartedMain] DEBUG o.s.b.f.s.DefaultListableBeanFactory [] - Autowiring by type from bean name 'jacksonJsonHttpMessageConvertersCustomizer' via factory method to bean named 'jacksonJsonMapper'
2026-09-23 10:08:50.960 [restartedMain] DEBUG o.s.b.f.s.DefaultListableBeanFactory [] - Creating shared instance of singleton bean 'serverConvertersCustomizer'
2026-09-23 10:08:50.960 [restartedMain] DEBUG o.s.b.f.s.DefaultListableBeanFactory [] - Creating shared instance of singleton bean 'org.springframework.boot.http.converter.autoconfigure.HttpMessageConvertersAutoConfiguration'
2026-09-23 10:08:50.964 [restartedMain] DEBUG o.s.b.f.s.DefaultListableBeanFactory [] - Creating shared instance of singleton bean 'mvcApiVersionStrategy'
2026-09-23 10:08:50.968 [restartedMain] DEBUG o.s.b.f.s.DefaultListableBeanFactory [] - Autowiring by type from bean name 'requestMappingHandlerMapping' via factory method to bean named 'mvcContentNegotiationManager'
2026-09-23 10:08:50.968 [restartedMain] DEBUG o.s.b.f.s.DefaultListableBeanFactory [] - Autowiring by type from bean name 'requestMappingHandlerMapping' via factory method to bean named 'mvcApiVersionStrategy'
2026-09-23 10:08:50.968 [restartedMain] DEBUG o.s.b.f.s.DefaultListableBeanFactory [] - Autowiring by type from bean name 'requestMappingHandlerMapping' via factory method to bean named 'mvcConversionService'
2026-09-23 10:08:50.968 [restartedMain] DEBUG o.s.b.f.s.DefaultListableBeanFactory [] - Autowiring by type from bean name 'requestMappingHandlerMapping' via factory method to bean named 'mvcResourceUrlProvider'
2026-09-23 10:08:50.986 [restartedMain] DEBUG _.s.w.s.HandlerMapping.Mappings [] - 
	t.z.l.c.LoggingController:
	{GET [/logging/demo]}: demo()
	{GET [/logging/hello]}: hello()
2026-09-23 10:08:50.988 [restartedMain] DEBUG _.s.w.s.HandlerMapping.Mappings [] - 
	o.s.b.w.a.e.BasicErrorController:
	{ [/error]}: error(HttpServletRequest)
	{ [/error], produces [text/html]}: errorHtml(HttpServletRequest,HttpServletResponse)
2026-09-23 10:08:50.990 [restartedMain] DEBUG o.s.w.s.m.m.a.RequestMappingHandlerMapping [] - 4 mappings in 'requestMappingHandlerMapping'
2026-09-23 10:08:50.990 [restartedMain] DEBUG o.s.b.f.s.DefaultListableBeanFactory [] - Creating shared instance of singleton bean 'mvcPatternParser'
2026-09-23 10:08:50.991 [restartedMain] DEBUG o.s.b.f.s.DefaultListableBeanFactory [] - Creating shared instance of singleton bean 'mvcUrlPathHelper'
2026-09-23 10:08:50.991 [restartedMain] DEBUG o.s.b.f.s.DefaultListableBeanFactory [] - Creating shared instance of singleton bean 'mvcPathMatcher'
2026-09-23 10:08:50.992 [restartedMain] DEBUG o.s.b.f.s.DefaultListableBeanFactory [] - Creating shared instance of singleton bean 'viewControllerHandlerMapping'
2026-09-23 10:08:50.992 [restartedMain] DEBUG o.s.b.f.s.DefaultListableBeanFactory [] - Autowiring by type from bean name 'viewControllerHandlerMapping' via factory method to bean named 'mvcConversionService'
2026-09-23 10:08:50.992 [restartedMain] DEBUG o.s.b.f.s.DefaultListableBeanFactory [] - Autowiring by type from bean name 'viewControllerHandlerMapping' via factory method to bean named 'mvcResourceUrlProvider'
2026-09-23 10:08:50.992 [restartedMain] DEBUG o.s.b.f.s.DefaultListableBeanFactory [] - Creating shared instance of singleton bean 'beanNameHandlerMapping'
2026-09-23 10:08:50.992 [restartedMain] DEBUG o.s.b.f.s.DefaultListableBeanFactory [] - Autowiring by type from bean name 'beanNameHandlerMapping' via factory method to bean named 'mvcConversionService'
2026-09-23 10:08:50.992 [restartedMain] DEBUG o.s.b.f.s.DefaultListableBeanFactory [] - Autowiring by type from bean name 'beanNameHandlerMapping' via factory method to bean named 'mvcResourceUrlProvider'
2026-09-23 10:08:50.993 [restartedMain] DEBUG _.s.w.s.HandlerMapping.Mappings [] - 'beanNameHandlerMapping' {}
2026-09-23 10:08:50.993 [restartedMain] DEBUG o.s.b.f.s.DefaultListableBeanFactory [] - Creating shared instance of singleton bean 'routerFunctionMapping'
2026-09-23 10:08:50.993 [restartedMain] DEBUG o.s.b.f.s.DefaultListableBeanFactory [] - Autowiring by type from bean name 'routerFunctionMapping' via factory method to bean named 'mvcConversionService'
2026-09-23 10:08:50.993 [restartedMain] DEBUG o.s.b.f.s.DefaultListableBeanFactory [] - Autowiring by type from bean name 'routerFunctionMapping' via factory method to bean named 'mvcResourceUrlProvider'
2026-09-23 10:08:50.993 [restartedMain] DEBUG o.s.b.f.s.DefaultListableBeanFactory [] - Autowiring by type from bean name 'routerFunctionMapping' via factory method to bean named 'mvcApiVersionStrategy'
2026-09-23 10:08:50.995 [restartedMain] DEBUG o.s.b.f.s.DefaultListableBeanFactory [] - Creating shared instance of singleton bean 'resourceHandlerMapping'
2026-09-23 10:08:50.995 [restartedMain] DEBUG o.s.b.f.s.DefaultListableBeanFactory [] - Autowiring by type from bean name 'resourceHandlerMapping' via factory method to bean named 'mvcContentNegotiationManager'
2026-09-23 10:08:50.995 [restartedMain] DEBUG o.s.b.f.s.DefaultListableBeanFactory [] - Autowiring by type from bean name 'resourceHandlerMapping' via factory method to bean named 'mvcConversionService'
2026-09-23 10:08:50.995 [restartedMain] DEBUG o.s.b.f.s.DefaultListableBeanFactory [] - Autowiring by type from bean name 'resourceHandlerMapping' via factory method to bean named 'mvcResourceUrlProvider'
2026-09-23 10:08:51.000 [restartedMain] DEBUG _.s.w.s.HandlerMapping.Mappings [] - 'resourceHandlerMapping' {/webjars/**=ResourceHttpRequestHandler [classpath [META-INF/resources/webjars/]], /**=ResourceHttpRequestHandler [classpath [META-INF/resources/], classpath [resources/], classpath [static/], classpath [public/], ServletContext [/]]}
2026-09-23 10:08:51.000 [restartedMain] DEBUG o.s.b.f.s.DefaultListableBeanFactory [] - Creating shared instance of singleton bean 'defaultServletHandlerMapping'
2026-09-23 10:08:51.000 [restartedMain] DEBUG o.s.b.f.s.DefaultListableBeanFactory [] - Creating shared instance of singleton bean 'requestMappingHandlerAdapter'
2026-09-23 10:08:51.002 [restartedMain] DEBUG o.s.b.f.s.DefaultListableBeanFactory [] - Autowiring by type from bean name 'requestMappingHandlerAdapter' via factory method to bean named 'mvcContentNegotiationManager'
2026-09-23 10:08:51.002 [restartedMain] DEBUG o.s.b.f.s.DefaultListableBeanFactory [] - Autowiring by type from bean name 'requestMappingHandlerAdapter' via factory method to bean named 'mvcConversionService'
2026-09-23 10:08:51.002 [restartedMain] DEBUG o.s.b.f.s.DefaultListableBeanFactory [] - Autowiring by type from bean name 'requestMappingHandlerAdapter' via factory method to bean named 'mvcValidator'
2026-09-23 10:08:51.010 [restartedMain] DEBUG o.s.w.s.m.m.a.RequestMappingHandlerAdapter [] - ControllerAdvice beans: 0 @ModelAttribute, 0 @InitBinder, 2 RequestBodyAdvice, 1 ResponseBodyAdvice
2026-09-23 10:08:51.020 [restartedMain] DEBUG o.s.b.f.s.DefaultListableBeanFactory [] - Creating shared instance of singleton bean 'mvcViewResolver'
2026-09-23 10:08:51.020 [restartedMain] DEBUG o.s.b.f.s.DefaultListableBeanFactory [] - Autowiring by type from bean name 'mvcViewResolver' via factory method to bean named 'mvcContentNegotiationManager'
2026-09-23 10:08:51.020 [restartedMain] DEBUG o.s.b.f.s.DefaultListableBeanFactory [] - Creating shared instance of singleton bean 'defaultViewResolver'
2026-09-23 10:08:51.023 [restartedMain] DEBUG o.s.b.f.s.DefaultListableBeanFactory [] - Creating shared instance of singleton bean 'viewResolver'
2026-09-23 10:08:51.023 [restartedMain] DEBUG o.s.b.f.s.DefaultListableBeanFactory [] - Autowiring by type from bean name 'viewResolver' via factory method to bean named 'org.springframework.beans.factory.support.DefaultListableBeanFactory@4f3d4c75'
2026-09-23 10:08:51.024 [restartedMain] DEBUG o.s.b.f.s.DefaultListableBeanFactory [] - Creating shared instance of singleton bean 'viewResolver'
2026-09-23 10:08:51.026 [restartedMain] DEBUG o.s.b.f.s.DefaultListableBeanFactory [] - Creating shared instance of singleton bean 'handlerFunctionAdapter'
2026-09-23 10:08:51.026 [restartedMain] DEBUG o.s.b.f.s.DefaultListableBeanFactory [] - Creating shared instance of singleton bean 'mvcUriComponentsContributor'
2026-09-23 10:08:51.027 [restartedMain] DEBUG o.s.b.f.s.DefaultListableBeanFactory [] - Autowiring by type from bean name 'mvcUriComponentsContributor' via factory method to bean named 'mvcConversionService'
2026-09-23 10:08:51.027 [restartedMain] DEBUG o.s.b.f.s.DefaultListableBeanFactory [] - Autowiring by type from bean name 'mvcUriComponentsContributor' via factory method to bean named 'requestMappingHandlerAdapter'
2026-09-23 10:08:51.029 [restartedMain] DEBUG o.s.b.f.s.DefaultListableBeanFactory [] - Creating shared instance of singleton bean 'httpRequestHandlerAdapter'
2026-09-23 10:08:51.029 [restartedMain] DEBUG o.s.b.f.s.DefaultListableBeanFactory [] - Creating shared instance of singleton bean 'simpleControllerHandlerAdapter'
2026-09-23 10:08:51.029 [restartedMain] DEBUG o.s.b.f.s.DefaultListableBeanFactory [] - Creating shared instance of singleton bean 'handlerExceptionResolver'
2026-09-23 10:08:51.029 [restartedMain] DEBUG o.s.b.f.s.DefaultListableBeanFactory [] - Autowiring by type from bean name 'handlerExceptionResolver' via factory method to bean named 'mvcContentNegotiationManager'
2026-09-23 10:08:51.030 [restartedMain] DEBUG o.s.w.s.m.m.a.ExceptionHandlerExceptionResolver [] - ControllerAdvice beans: 0 @ExceptionHandler, 1 ResponseBodyAdvice
2026-09-23 10:08:51.031 [restartedMain] DEBUG o.s.b.f.s.DefaultListableBeanFactory [] - Creating shared instance of singleton bean 'org.springframework.boot.autoconfigure.jmx.JmxAutoConfiguration'
2026-09-23 10:08:51.032 [restartedMain] DEBUG o.s.b.f.s.DefaultListableBeanFactory [] - Creating shared instance of singleton bean 'spring.jmx-org.springframework.boot.autoconfigure.jmx.JmxProperties'
2026-09-23 10:08:51.032 [restartedMain] DEBUG o.s.b.f.s.DefaultListableBeanFactory [] - Autowiring by type from bean name 'org.springframework.boot.autoconfigure.jmx.JmxAutoConfiguration' via constructor to bean named 'spring.jmx-org.springframework.boot.autoconfigure.jmx.JmxProperties'
2026-09-23 10:08:51.032 [restartedMain] DEBUG o.s.b.f.s.DefaultListableBeanFactory [] - Creating shared instance of singleton bean 'mbeanExporter'
2026-09-23 10:08:51.033 [restartedMain] DEBUG o.s.b.f.s.DefaultListableBeanFactory [] - Creating shared instance of singleton bean 'objectNamingStrategy'
2026-09-23 10:08:51.033 [restartedMain] DEBUG o.s.b.f.s.DefaultListableBeanFactory [] - Autowiring by type from bean name 'mbeanExporter' via factory method to bean named 'objectNamingStrategy'
2026-09-23 10:08:51.033 [restartedMain] DEBUG o.s.b.f.s.DefaultListableBeanFactory [] - Autowiring by type from bean name 'mbeanExporter' via factory method to bean named 'org.springframework.beans.factory.support.DefaultListableBeanFactory@4f3d4c75'
2026-09-23 10:08:51.036 [restartedMain] DEBUG o.s.b.f.s.DefaultListableBeanFactory [] - Creating shared instance of singleton bean 'mbeanServer'
2026-09-23 10:08:51.037 [restartedMain] DEBUG o.s.jmx.support.JmxUtils [] - Found MBeanServer: com.sun.jmx.mbeanserver.JmxMBeanServer@43903d8e
2026-09-23 10:08:51.038 [restartedMain] DEBUG o.s.b.f.s.DefaultListableBeanFactory [] - Creating shared instance of singleton bean 'org.springframework.boot.autoconfigure.admin.SpringApplicationAdminJmxAutoConfiguration'
2026-09-23 10:08:51.038 [restartedMain] DEBUG o.s.b.f.s.DefaultListableBeanFactory [] - Creating shared instance of singleton bean 'springApplicationAdminRegistrar'
2026-09-23 10:08:51.039 [restartedMain] DEBUG o.s.b.f.s.DefaultListableBeanFactory [] - Autowiring by type from bean name 'springApplicationAdminRegistrar' via factory method to bean named 'environment'
2026-09-23 10:08:51.040 [restartedMain] DEBUG o.s.b.a.SpringApplicationAdminMXBeanRegistrar$SpringApplicationAdmin [] - Application Admin MBean registered with name 'org.springframework.boot:type=Admin,name=SpringApplication'
2026-09-23 10:08:51.040 [restartedMain] DEBUG o.s.b.f.s.DefaultListableBeanFactory [] - Creating shared instance of singleton bean 'org.springframework.boot.autoconfigure.aop.AopAutoConfiguration$ClassProxyingConfiguration'
2026-09-23 10:08:51.040 [restartedMain] DEBUG o.s.b.f.s.DefaultListableBeanFactory [] - Creating shared instance of singleton bean 'org.springframework.boot.autoconfigure.aop.AopAutoConfiguration'
2026-09-23 10:08:51.040 [restartedMain] DEBUG o.s.b.f.s.DefaultListableBeanFactory [] - Creating shared instance of singleton bean 'org.springframework.boot.autoconfigure.availability.ApplicationAvailabilityAutoConfiguration'
2026-09-23 10:08:51.040 [restartedMain] DEBUG o.s.b.f.s.DefaultListableBeanFactory [] - Creating shared instance of singleton bean 'applicationAvailability'
2026-09-23 10:08:51.041 [restartedMain] DEBUG o.s.b.f.s.DefaultListableBeanFactory [] - Creating shared instance of singleton bean 'org.springframework.boot.autoconfigure.context.ConfigurationPropertiesAutoConfiguration'
2026-09-23 10:08:51.041 [restartedMain] DEBUG o.s.b.f.s.DefaultListableBeanFactory [] - Creating shared instance of singleton bean 'org.springframework.boot.autoconfigure.context.LifecycleAutoConfiguration'
2026-09-23 10:08:51.041 [restartedMain] DEBUG o.s.b.f.s.DefaultListableBeanFactory [] - Creating shared instance of singleton bean 'lifecycleProcessor'
2026-09-23 10:08:51.042 [restartedMain] DEBUG o.s.b.f.s.DefaultListableBeanFactory [] - Creating shared instance of singleton bean 'spring.lifecycle-org.springframework.boot.autoconfigure.context.LifecycleProperties'
2026-09-23 10:08:51.042 [restartedMain] DEBUG o.s.b.f.s.DefaultListableBeanFactory [] - Autowiring by type from bean name 'lifecycleProcessor' via factory method to bean named 'spring.lifecycle-org.springframework.boot.autoconfigure.context.LifecycleProperties'
2026-09-23 10:08:51.043 [restartedMain] DEBUG o.s.b.f.s.DefaultListableBeanFactory [] - Creating shared instance of singleton bean 'org.springframework.boot.autoconfigure.info.ProjectInfoAutoConfiguration'
2026-09-23 10:08:51.045 [restartedMain] DEBUG o.s.b.f.s.DefaultListableBeanFactory [] - Creating shared instance of singleton bean 'spring.info-org.springframework.boot.autoconfigure.info.ProjectInfoProperties'
2026-09-23 10:08:51.045 [restartedMain] DEBUG o.s.b.f.s.DefaultListableBeanFactory [] - Autowiring by type from bean name 'org.springframework.boot.autoconfigure.info.ProjectInfoAutoConfiguration' via constructor to bean named 'spring.info-org.springframework.boot.autoconfigure.info.ProjectInfoProperties'
2026-09-23 10:08:51.045 [restartedMain] DEBUG o.s.b.f.s.DefaultListableBeanFactory [] - Creating shared instance of singleton bean 'org.springframework.boot.autoconfigure.task.TaskSchedulingConfigurations$ThreadPoolTaskSchedulerBuilderConfiguration'
2026-09-23 10:08:51.045 [restartedMain] DEBUG o.s.b.f.s.DefaultListableBeanFactory [] - Creating shared instance of singleton bean 'threadPoolTaskSchedulerBuilder'
2026-09-23 10:08:51.045 [restartedMain] DEBUG o.s.b.f.s.DefaultListableBeanFactory [] - Creating shared instance of singleton bean 'spring.task.scheduling-org.springframework.boot.autoconfigure.task.TaskSchedulingProperties'
2026-09-23 10:08:51.046 [restartedMain] DEBUG o.s.b.f.s.DefaultListableBeanFactory [] - Autowiring by type from bean name 'threadPoolTaskSchedulerBuilder' via factory method to bean named 'spring.task.scheduling-org.springframework.boot.autoconfigure.task.TaskSchedulingProperties'
2026-09-23 10:08:51.047 [restartedMain] DEBUG o.s.b.f.s.DefaultListableBeanFactory [] - Creating shared instance of singleton bean 'org.springframework.boot.autoconfigure.task.TaskSchedulingConfigurations$SimpleAsyncTaskSchedulerBuilderConfiguration'
2026-09-23 10:08:51.047 [restartedMain] DEBUG o.s.b.f.s.DefaultListableBeanFactory [] - Autowiring by type from bean name 'org.springframework.boot.autoconfigure.task.TaskSchedulingConfigurations$SimpleAsyncTaskSchedulerBuilderConfiguration' via constructor to bean named 'spring.task.scheduling-org.springframework.boot.autoconfigure.task.TaskSchedulingProperties'
2026-09-23 10:08:51.047 [restartedMain] DEBUG o.s.b.f.s.DefaultListableBeanFactory [] - Creating shared instance of singleton bean 'simpleAsyncTaskSchedulerBuilder'
2026-09-23 10:08:51.048 [restartedMain] DEBUG o.s.b.f.s.DefaultListableBeanFactory [] - Creating shared instance of singleton bean 'org.springframework.boot.autoconfigure.task.TaskSchedulingAutoConfiguration'
2026-09-23 10:08:51.050 [restartedMain] DEBUG o.s.b.f.s.DefaultListableBeanFactory [] - Creating shared instance of singleton bean 'org.springframework.boot.devtools.autoconfigure.LocalDevToolsAutoConfiguration$RestartConfiguration'
2026-09-23 10:08:51.050 [restartedMain] DEBUG o.s.b.f.s.DefaultListableBeanFactory [] - Creating shared instance of singleton bean 'spring.devtools-org.springframework.boot.devtools.autoconfigure.DevToolsProperties'
2026-09-23 10:08:51.050 [restartedMain] DEBUG o.s.b.f.s.DefaultListableBeanFactory [] - Autowiring by type from bean name 'org.springframework.boot.devtools.autoconfigure.LocalDevToolsAutoConfiguration$RestartConfiguration' via constructor to bean named 'spring.devtools-org.springframework.boot.devtools.autoconfigure.DevToolsProperties'
2026-09-23 10:08:51.050 [restartedMain] DEBUG o.s.b.f.s.DefaultListableBeanFactory [] - Creating shared instance of singleton bean 'restartingClassPathChangedEventListener'
2026-09-23 10:08:51.050 [restartedMain] DEBUG o.s.b.f.s.DefaultListableBeanFactory [] - Creating shared instance of singleton bean 'fileSystemWatcherFactory'
2026-09-23 10:08:51.050 [restartedMain] DEBUG o.s.b.f.s.DefaultListableBeanFactory [] - Autowiring by type from bean name 'restartingClassPathChangedEventListener' via factory method to bean named 'fileSystemWatcherFactory'
2026-09-23 10:08:51.051 [restartedMain] DEBUG o.s.b.f.s.DefaultListableBeanFactory [] - Creating shared instance of singleton bean 'classPathFileSystemWatcher'
2026-09-23 10:08:51.052 [restartedMain] DEBUG o.s.b.f.s.DefaultListableBeanFactory [] - Creating shared instance of singleton bean 'classPathRestartStrategy'
2026-09-23 10:08:51.052 [restartedMain] DEBUG o.s.b.f.s.DefaultListableBeanFactory [] - Autowiring by type from bean name 'classPathFileSystemWatcher' via factory method to bean named 'fileSystemWatcherFactory'
2026-09-23 10:08:51.052 [restartedMain] DEBUG o.s.b.f.s.DefaultListableBeanFactory [] - Autowiring by type from bean name 'classPathFileSystemWatcher' via factory method to bean named 'classPathRestartStrategy'
2026-09-23 10:08:51.058 [restartedMain] DEBUG o.s.b.f.s.DefaultListableBeanFactory [] - Creating shared instance of singleton bean 'conditionEvaluationDeltaLoggingListener'
2026-09-23 10:08:51.059 [restartedMain] DEBUG o.s.b.f.s.DefaultListableBeanFactory [] - Creating shared instance of singleton bean 'org.springframework.boot.devtools.autoconfigure.LocalDevToolsAutoConfiguration'
2026-09-23 10:08:51.059 [restartedMain] DEBUG o.s.b.f.s.DefaultListableBeanFactory [] - Creating shared instance of singleton bean 'org.springframework.boot.http.converter.autoconfigure.JacksonHttpMessageConvertersConfiguration'
2026-09-23 10:08:51.059 [restartedMain] DEBUG o.s.b.f.s.DefaultListableBeanFactory [] - Creating shared instance of singleton bean 'org.springframework.boot.http.converter.autoconfigure.Jackson2HttpMessageConvertersConfiguration'
2026-09-23 10:08:51.059 [restartedMain] DEBUG o.s.b.f.s.DefaultListableBeanFactory [] - Creating shared instance of singleton bean 'clientConvertersCustomizer'
2026-09-23 10:08:51.060 [restartedMain] DEBUG o.s.b.f.s.DefaultListableBeanFactory [] - Creating shared instance of singleton bean 'multipartResolver'
2026-09-23 10:08:51.066 [restartedMain] DEBUG o.s.j.e.a.AnnotationMBeanExporter [] - Registering beans for JMX exposure on startup
2026-09-23 10:08:51.066 [restartedMain] DEBUG o.s.j.e.a.AnnotationMBeanExporter [] - Auto-detecting user-defined JMX MBeans
2026-09-23 10:08:51.069 [restartedMain] DEBUG o.s.c.s.DefaultLifecycleProcessor [] - Starting beans in phase -2147483647
2026-09-23 10:08:51.070 [restartedMain] DEBUG o.s.c.s.DefaultLifecycleProcessor [] - Successfully started bean 'springBootLoggingLifecycle'
2026-09-23 10:08:51.070 [restartedMain] DEBUG o.s.c.s.DefaultLifecycleProcessor [] - Starting beans in phase 1073741823
2026-09-23 10:08:51.070 [restartedMain] DEBUG o.s.c.s.DefaultLifecycleProcessor [] - Starting beans in phase 2147481599
2026-09-23 10:08:51.070 [restartedMain] DEBUG o.apache.catalina.util.LifecycleBase [] - Setting state for [Connector["http-nio-8003"]] to [STARTING_PREP]
2026-09-23 10:08:51.070 [restartedMain] DEBUG o.apache.catalina.util.LifecycleBase [] - Setting state for [Connector["http-nio-8003"]] to [STARTING]
2026-09-23 10:08:51.070 [restartedMain] INFO  o.a.coyote.http11.Http11NioProtocol [] - Starting ProtocolHandler ["http-nio-8003"]
2026-09-23 10:08:51.082 [restartedMain] DEBUG o.apache.catalina.util.LifecycleBase [] - Setting state for [Connector["http-nio-8003"]] to [STARTED]
2026-09-23 10:08:51.083 [restartedMain] INFO  o.s.boot.tomcat.TomcatWebServer [] - Tomcat started on port 8003 (http) with context path '/'
2026-09-23 10:08:51.083 [restartedMain] DEBUG o.s.c.s.DefaultLifecycleProcessor [] - Successfully started bean 'webServerStartStop'
2026-09-23 10:08:51.083 [restartedMain] DEBUG o.s.c.s.DefaultLifecycleProcessor [] - Starting beans in phase 2147482623
2026-09-23 10:08:51.083 [restartedMain] DEBUG o.s.c.s.DefaultLifecycleProcessor [] - Successfully started bean 'webServerGracefulShutdown'
2026-09-23 10:08:51.087 [restartedMain] DEBUG o.s.b.a.l.ConditionEvaluationReportLogger [] - 


============================
CONDITIONS EVALUATION REPORT
============================


Positive matches:
-----------------

   AopAutoConfiguration matched:
      - @ConditionalOnBooleanProperty (spring.aop.auto=true) matched (OnPropertyCondition)

   AopAutoConfiguration.ClassProxyingConfiguration matched:
      - @ConditionalOnMissingClass did not find unwanted class 'org.aspectj.weaver.Advice' (OnClassCondition)
      - @ConditionalOnBooleanProperty (spring.aop.proxy-target-class=true) matched (OnPropertyCondition)

   ApplicationAvailabilityAutoConfiguration#applicationAvailability matched:
      - @ConditionalOnMissingBean (types: org.springframework.boot.availability.ApplicationAvailability; SearchStrategy: all) did not find any beans (OnBeanCondition)

   DispatcherServletAutoConfiguration matched:
      - @ConditionalOnClass found required class 'org.springframework.web.servlet.DispatcherServlet' (OnClassCondition)
      - found 'session' scope (OnWebApplicationCondition)

   DispatcherServletAutoConfiguration.DispatcherServletConfiguration matched:
      - @ConditionalOnClass found required class 'jakarta.servlet.ServletRegistration' (OnClassCondition)
      - Default DispatcherServlet did not find dispatcher servlet beans (DispatcherServletAutoConfiguration.DefaultDispatcherServletCondition)

   DispatcherServletAutoConfiguration.DispatcherServletRegistrationConfiguration matched:
      - @ConditionalOnClass found required class 'jakarta.servlet.ServletRegistration' (OnClassCondition)
      - DispatcherServlet Registration did not find servlet registration bean (DispatcherServletAutoConfiguration.DispatcherServletRegistrationCondition)

   DispatcherServletAutoConfiguration.DispatcherServletRegistrationConfiguration#dispatcherServletRegistration matched:
      - @ConditionalOnBean (names: dispatcherServlet types: org.springframework.web.servlet.DispatcherServlet; SearchStrategy: all) found bean 'dispatcherServlet' (OnBeanCondition)

   ErrorMvcAutoConfiguration matched:
      - @ConditionalOnClass found required classes 'jakarta.servlet.Servlet', 'org.springframework.web.servlet.DispatcherServlet' (OnClassCondition)
      - found 'session' scope (OnWebApplicationCondition)

   ErrorMvcAutoConfiguration#basicErrorController matched:
      - @ConditionalOnMissingBean (types: org.springframework.boot.webmvc.error.ErrorController; SearchStrategy: current) did not find any beans (OnBeanCondition)

   ErrorMvcAutoConfiguration#errorAttributes matched:
      - @ConditionalOnMissingBean (types: org.springframework.boot.webmvc.error.ErrorAttributes; SearchStrategy: current) did not find any beans (OnBeanCondition)

   ErrorMvcAutoConfiguration.DefaultErrorViewResolverConfiguration#conventionErrorViewResolver matched:
      - @ConditionalOnBean (types: org.springframework.web.servlet.DispatcherServlet; SearchStrategy: all) found bean 'dispatcherServlet'; @ConditionalOnMissingBean (types: org.springframework.boot.webmvc.autoconfigure.error.ErrorViewResolver; SearchStrategy: all) did not find any beans (OnBeanCondition)

   ErrorMvcAutoConfiguration.WhitelabelErrorViewConfiguration matched:
      - @ConditionalOnBooleanProperty (spring.web.error.whitelabel.enabled=true) matched (OnPropertyCondition)
      - ErrorTemplate Missing did not find error template view (ErrorMvcAutoConfiguration.ErrorTemplateMissingCondition)

   ErrorMvcAutoConfiguration.WhitelabelErrorViewConfiguration#beanNameViewResolver matched:
      - @ConditionalOnMissingBean (types: org.springframework.web.servlet.view.BeanNameViewResolver; SearchStrategy: all) did not find any beans (OnBeanCondition)

   ErrorMvcAutoConfiguration.WhitelabelErrorViewConfiguration#defaultErrorView matched:
      - @ConditionalOnMissingBean (names: error; SearchStrategy: all) did not find any beans (OnBeanCondition)

   HttpEncodingAutoConfiguration matched:
      - @ConditionalOnClass found required class 'org.springframework.web.filter.CharacterEncodingFilter' (OnClassCondition)
      - found 'session' scope (OnWebApplicationCondition)
      - @ConditionalOnBooleanProperty (spring.servlet.encoding.enabled=true) matched (OnPropertyCondition)

   HttpEncodingAutoConfiguration#characterEncodingFilter matched:
      - @ConditionalOnMissingBean (types: org.springframework.web.filter.CharacterEncodingFilter; SearchStrategy: all) did not find any beans (OnBeanCondition)

   HttpMessageConvertersAutoConfiguration matched:
      - @ConditionalOnClass found required class 'org.springframework.http.converter.HttpMessageConverter' (OnClassCondition)
      - NoneNestedConditions 0 matched 1 did not; NestedCondition on HttpMessageConvertersAutoConfiguration.NotReactiveWebApplicationCondition.ReactiveWebApplication did not find reactive web application classes (HttpMessageConvertersAutoConfiguration.NotReactiveWebApplicationCondition)

   HttpMessageConvertersAutoConfiguration.StringHttpMessageConverterConfiguration#stringHttpMessageConvertersCustomizer matched:
      - @ConditionalOnMissingBean (types: org.springframework.http.converter.StringHttpMessageConverter; SearchStrategy: all) did not find any beans (OnBeanCondition)

   JacksonAutoConfiguration matched:
      - @ConditionalOnClass found required class 'tools.jackson.databind.json.JsonMapper' (OnClassCondition)

   JacksonAutoConfiguration#jacksonJsonMapper matched:
      - @ConditionalOnMissingBean (types: tools.jackson.databind.json.JsonMapper; SearchStrategy: all) did not find any beans (OnBeanCondition)

   JacksonAutoConfiguration#jsonFactory matched:
      - @ConditionalOnMissingBean (types: tools.jackson.core.json.JsonFactory; SearchStrategy: all) did not find any beans (OnBeanCondition)

   JacksonAutoConfiguration#jsonMapperBuilder matched:
      - @ConditionalOnMissingBean (types: tools.jackson.databind.json.JsonMapper$Builder; SearchStrategy: all) did not find any beans (OnBeanCondition)

   JacksonAutoConfiguration.JsonProblemDetailsConfiguration matched:
      - @ConditionalOnClass found required class 'org.springframework.http.ProblemDetail' (OnClassCondition)

   JacksonHttpMessageConvertersConfiguration.JacksonJsonHttpMessageConverterConfiguration matched:
      - @ConditionalOnClass found required class 'tools.jackson.databind.json.JsonMapper' (OnClassCondition)
      - @ConditionalOnProperty (spring.http.converters.preferred-json-mapper=jackson) matched (OnPropertyCondition)
      - @ConditionalOnBean (types: tools.jackson.databind.json.JsonMapper; SearchStrategy: all) found bean 'jacksonJsonMapper' (OnBeanCondition)

   JacksonHttpMessageConvertersConfiguration.JacksonJsonHttpMessageConverterConfiguration#jacksonJsonHttpMessageConvertersCustomizer matched:
      - @ConditionalOnMissingBean (types: org.springframework.http.converter.json.JacksonJsonHttpMessageConverter ignored: org.springframework.hateoas.server.mvc.TypeConstrainedJacksonJsonHttpMessageConverter,org.springframework.data.rest.webmvc.alps.AlpsJacksonJsonHttpMessageConverter; SearchStrategy: all) did not find any beans (OnBeanCondition)

   JmxAutoConfiguration matched:
      - @ConditionalOnClass found required class 'org.springframework.jmx.export.MBeanExporter' (OnClassCondition)
      - @ConditionalOnBooleanProperty (spring.jmx.enabled=true) matched (OnPropertyCondition)

   JmxAutoConfiguration#mbeanExporter matched:
      - @ConditionalOnMissingBean (types: org.springframework.jmx.export.MBeanExporter; SearchStrategy: current) did not find any beans (OnBeanCondition)

   JmxAutoConfiguration#mbeanServer matched:
      - @ConditionalOnMissingBean (types: javax.management.MBeanServer; SearchStrategy: all) did not find any beans (OnBeanCondition)

   JmxAutoConfiguration#objectNamingStrategy matched:
      - @ConditionalOnMissingBean (types: org.springframework.jmx.export.naming.ObjectNamingStrategy; SearchStrategy: current) did not find any beans (OnBeanCondition)

   LifecycleAutoConfiguration#defaultLifecycleProcessor matched:
      - @ConditionalOnMissingBean (names: lifecycleProcessor; SearchStrategy: current) did not find any beans (OnBeanCondition)

   LocalDevToolsAutoConfiguration matched:
      - Initialized Restarter Condition available and initialized (OnInitializedRestarterCondition)

   LocalDevToolsAutoConfiguration.RestartConfiguration matched:
      - @ConditionalOnBooleanProperty (spring.devtools.restart.enabled=true) matched (OnPropertyCondition)

   LocalDevToolsAutoConfiguration.RestartConfiguration#classPathFileSystemWatcher matched:
      - @ConditionalOnMissingBean (types: org.springframework.boot.devtools.classpath.ClassPathFileSystemWatcher; SearchStrategy: all) did not find any beans (OnBeanCondition)

   LocalDevToolsAutoConfiguration.RestartConfiguration#classPathRestartStrategy matched:
      - @ConditionalOnMissingBean (types: org.springframework.boot.devtools.classpath.ClassPathRestartStrategy; SearchStrategy: all) did not find any beans (OnBeanCondition)

   LocalDevToolsAutoConfiguration.RestartConfiguration#conditionEvaluationDeltaLoggingListener matched:
      - @ConditionalOnBooleanProperty (spring.devtools.restart.log-condition-evaluation-delta=true) matched (OnPropertyCondition)

   MultipartAutoConfiguration matched:
      - @ConditionalOnClass found required classes 'jakarta.servlet.Servlet', 'org.springframework.web.multipart.support.StandardServletMultipartResolver', 'jakarta.servlet.MultipartConfigElement' (OnClassCondition)
      - found 'session' scope (OnWebApplicationCondition)
      - @ConditionalOnBooleanProperty (spring.servlet.multipart.enabled=true) matched (OnPropertyCondition)

   MultipartAutoConfiguration#multipartConfigElement matched:
      - @ConditionalOnMissingBean (types: jakarta.servlet.MultipartConfigElement; SearchStrategy: all) did not find any beans (OnBeanCondition)

   MultipartAutoConfiguration#multipartResolver matched:
      - @ConditionalOnMissingBean (types: org.springframework.web.multipart.MultipartResolver; SearchStrategy: all) did not find any beans (OnBeanCondition)

   PropertyPlaceholderAutoConfiguration#propertySourcesPlaceholderConfigurer matched:
      - @ConditionalOnMissingBean (types: org.springframework.context.support.PropertySourcesPlaceholderConfigurer; SearchStrategy: current) did not find any beans (OnBeanCondition)

   SpringApplicationAdminJmxAutoConfiguration matched:
      - @ConditionalOnBooleanProperty (spring.application.admin.enabled=true) matched (OnPropertyCondition)

   SpringApplicationAdminJmxAutoConfiguration#springApplicationAdminRegistrar matched:
      - @ConditionalOnMissingBean (types: org.springframework.boot.admin.SpringApplicationAdminMXBeanRegistrar; SearchStrategy: all) did not find any beans (OnBeanCondition)

   SslAutoConfiguration#sslBundleRegistry matched:
      - @ConditionalOnMissingBean (types: org.springframework.boot.ssl.SslBundleRegistry,org.springframework.boot.ssl.SslBundles; SearchStrategy: all) did not find any beans (OnBeanCondition)

   TaskExecutionAutoConfiguration matched:
      - @ConditionalOnClass found required class 'org.springframework.scheduling.concurrent.ThreadPoolTaskExecutor' (OnClassCondition)

   TaskExecutorConfigurations.AsyncConfigurerConfiguration matched:
      - @ConditionalOnMissingBean (types: org.springframework.scheduling.annotation.AsyncConfigurer; SearchStrategy: all) did not find any beans (OnBeanCondition)

   TaskExecutorConfigurations.SimpleAsyncTaskExecutorBuilderConfiguration#simpleAsyncTaskExecutorBuilder matched:
      - @ConditionalOnMissingBean (types: org.springframework.boot.task.SimpleAsyncTaskExecutorBuilder; SearchStrategy: all) did not find any beans (OnBeanCondition)
      - @ConditionalOnThreading found PLATFORM (OnThreadingCondition)

   TaskExecutorConfigurations.TaskExecutorConfiguration matched:
      - AnyNestedCondition 1 matched 1 did not; NestedCondition on TaskExecutorConfigurations.OnExecutorCondition.ModelCondition @ConditionalOnProperty (spring.task.execution.mode=force) did not find property 'spring.task.execution.mode'; NestedCondition on TaskExecutorConfigurations.OnExecutorCondition.ExecutorBeanCondition @ConditionalOnMissingBean (types: java.util.concurrent.Executor; SearchStrategy: all) did not find any beans (TaskExecutorConfigurations.OnExecutorCondition)

   TaskExecutorConfigurations.TaskExecutorConfiguration#applicationTaskExecutor matched:
      - @ConditionalOnThreading found PLATFORM (OnThreadingCondition)

   TaskExecutorConfigurations.ThreadPoolTaskExecutorBuilderConfiguration#threadPoolTaskExecutorBuilder matched:
      - @ConditionalOnMissingBean (types: org.springframework.boot.task.ThreadPoolTaskExecutorBuilder; SearchStrategy: all) did not find any beans (OnBeanCondition)

   TaskSchedulingAutoConfiguration matched:
      - @ConditionalOnClass found required class 'org.springframework.scheduling.concurrent.ThreadPoolTaskScheduler' (OnClassCondition)

   TaskSchedulingConfigurations.SimpleAsyncTaskSchedulerBuilderConfiguration#simpleAsyncTaskSchedulerBuilder matched:
      - @ConditionalOnMissingBean (types: org.springframework.boot.task.SimpleAsyncTaskSchedulerBuilder; SearchStrategy: all) did not find any beans (OnBeanCondition)
      - @ConditionalOnThreading found PLATFORM (OnThreadingCondition)

   TaskSchedulingConfigurations.ThreadPoolTaskSchedulerBuilderConfiguration#threadPoolTaskSchedulerBuilder matched:
      - @ConditionalOnMissingBean (types: org.springframework.boot.task.ThreadPoolTaskSchedulerBuilder; SearchStrategy: all) did not find any beans (OnBeanCondition)

   TomcatServletWebServerAutoConfiguration matched:
      - @ConditionalOnClass found required classes 'jakarta.servlet.ServletRequest', 'org.apache.catalina.startup.Tomcat', 'org.apache.coyote.UpgradeProtocol', 'org.springframework.boot.tomcat.servlet.TomcatServletWebServerFactory' (OnClassCondition)
      - found 'session' scope (OnWebApplicationCondition)

   TomcatServletWebServerAutoConfiguration#tomcatServletWebServerFactory matched:
      - @ConditionalOnMissingBean (types: org.springframework.boot.web.server.servlet.ServletWebServerFactory; SearchStrategy: current) did not find any beans (OnBeanCondition)

   TomcatWebServerConfiguration matched:
      - @ConditionalOnWarDeployment the application is not deployed as a WAR file. (OnWarDeploymentCondition)

   TomcatWebServerConfiguration.TomcatWebSocketConfiguration matched:
      - @ConditionalOnClass found required class 'org.apache.tomcat.websocket.server.WsSci' (OnClassCondition)

   WebMvcAutoConfiguration matched:
      - @ConditionalOnClass found required classes 'jakarta.servlet.Servlet', 'org.springframework.web.servlet.DispatcherServlet', 'org.springframework.web.servlet.config.annotation.WebMvcConfigurer' (OnClassCondition)
      - found 'session' scope (OnWebApplicationCondition)
      - @ConditionalOnMissingBean (types: org.springframework.web.servlet.config.annotation.WebMvcConfigurationSupport; SearchStrategy: all) did not find any beans (OnBeanCondition)

   WebMvcAutoConfiguration#formContentFilter matched:
      - @ConditionalOnBooleanProperty (spring.mvc.formcontent.filter.enabled=true) matched (OnPropertyCondition)
      - @ConditionalOnMissingBean (types: org.springframework.web.filter.FormContentFilter; SearchStrategy: all) did not find any beans (OnBeanCondition)

   WebMvcAutoConfiguration.EnableWebMvcConfiguration#flashMapManager matched:
      - @ConditionalOnMissingBean (names: flashMapManager; SearchStrategy: all) did not find any beans (OnBeanCondition)

   WebMvcAutoConfiguration.EnableWebMvcConfiguration#localeResolver matched:
      - @ConditionalOnMissingBean (names: localeResolver; SearchStrategy: all) did not find any beans (OnBeanCondition)

   WebMvcAutoConfiguration.EnableWebMvcConfiguration#viewNameTranslator matched:
      - @ConditionalOnMissingBean (names: viewNameTranslator; SearchStrategy: all) did not find any beans (OnBeanCondition)

   WebMvcAutoConfiguration.WebMvcAutoConfigurationAdapter#defaultViewResolver matched:
      - @ConditionalOnMissingBean (types: org.springframework.web.servlet.view.InternalResourceViewResolver; SearchStrategy: all) did not find any beans (OnBeanCondition)

   WebMvcAutoConfiguration.WebMvcAutoConfigurationAdapter#requestContextFilter matched:
      - @ConditionalOnMissingBean (types: org.springframework.web.context.request.RequestContextListener,org.springframework.web.filter.RequestContextFilter; SearchStrategy: all) did not find any beans (OnBeanCondition)

   WebMvcAutoConfiguration.WebMvcAutoConfigurationAdapter#viewResolver matched:
      - @ConditionalOnBean (types: org.springframework.web.servlet.ViewResolver; SearchStrategy: all) found beans 'defaultViewResolver', 'beanNameViewResolver', 'mvcViewResolver'; @ConditionalOnMissingBean (names: viewResolver types: org.springframework.web.servlet.view.ContentNegotiatingViewResolver; SearchStrategy: all) did not find any beans (OnBeanCondition)


Negative matches:
-----------------

   AopAutoConfiguration.AspectJAutoProxyingConfiguration:
      Did not match:
         - @ConditionalOnClass did not find required class 'org.aspectj.weaver.Advice' (OnClassCondition)

   DevToolsDataSourceAutoConfiguration:
      Did not match:
         - DevTools DataSource Condition did not find a single DataSource bean (DevToolsDataSourceAutoConfiguration.DevToolsDataSourceCondition)
      Matched:
         - @ConditionalOnClass found required class 'javax.sql.DataSource' (OnClassCondition)
         - Devtools devtools enabled. (OnEnabledDevToolsCondition)

   DevToolsDataSourceAutoConfiguration.DatabaseShutdownExecutorEntityManagerFactoryDependsOnConfiguration:
      Did not match:
         - @ConditionalOnClass did not find required classes 'org.springframework.boot.jpa.autoconfigure.EntityManagerFactoryDependsOnPostProcessor', 'org.springframework.orm.jpa.LocalContainerEntityManagerFactoryBean' (OnClassCondition)
         - Ancestor org.springframework.boot.devtools.autoconfigure.DevToolsDataSourceAutoConfiguration did not match (ConditionEvaluationReport.AncestorsMatchedCondition)

   DevToolsR2dbcAutoConfiguration:
      Did not match:
         - @ConditionalOnClass did not find required class 'io.r2dbc.spi.ConnectionFactory' (OnClassCondition)

   DispatcherServletAutoConfiguration.DispatcherServletConfiguration#multipartResolver:
      Did not match:
         - @ConditionalOnBean (types: org.springframework.web.multipart.MultipartResolver; SearchStrategy: all) did not find any beans of type org.springframework.web.multipart.MultipartResolver (OnBeanCondition)

   GsonHttpMessageConvertersConfiguration:
      Did not match:
         - @ConditionalOnClass did not find required class 'com.google.gson.Gson' (OnClassCondition)

   Jackson2HttpMessageConvertersConfiguration.MappingJackson2HttpMessageConverterConfiguration:
      Did not match:
         - @ConditionalOnClass did not find required class 'com.fasterxml.jackson.databind.ObjectMapper' (OnClassCondition)

   Jackson2HttpMessageConvertersConfiguration.MappingJackson2XmlHttpMessageConverterConfiguration:
      Did not match:
         - @ConditionalOnClass did not find required class 'com.fasterxml.jackson.dataformat.xml.XmlMapper' (OnClassCondition)

   JacksonAutoConfiguration.CborConfiguration:
      Did not match:
         - @ConditionalOnClass did not find required class 'tools.jackson.dataformat.cbor.CBORMapper' (OnClassCondition)

   JacksonAutoConfiguration.XmlConfiguration:
      Did not match:
         - @ConditionalOnClass did not find required class 'tools.jackson.dataformat.xml.XmlMapper' (OnClassCondition)

   JacksonHttpMessageConvertersConfiguration.JacksonXmlHttpMessageConverterConfiguration:
      Did not match:
         - @ConditionalOnClass did not find required class 'tools.jackson.dataformat.xml.XmlMapper' (OnClassCondition)

   JsonbHttpMessageConvertersConfiguration:
      Did not match:
         - @ConditionalOnClass did not find required class 'jakarta.json.bind.Jsonb' (OnClassCondition)

   KotlinSerializationHttpMessageConvertersConfiguration:
      Did not match:
         - @ConditionalOnClass did not find required classes 'kotlinx.serialization.Serializable', 'kotlinx.serialization.json.Json' (OnClassCondition)

   LocalDevToolsAutoConfiguration.LiveReloadConfiguration:
      Did not match:
         - @ConditionalOnBooleanProperty (spring.devtools.livereload.enabled=true) did not find property 'spring.devtools.livereload.enabled' (OnPropertyCondition)

   MessageSourceAutoConfiguration:
      Did not match:
         - ResourceBundle did not find bundle with basename messages (MessageSourceAutoConfiguration.ResourceBundleCondition)

   ProjectInfoAutoConfiguration#buildProperties:
      Did not match:
         - @ConditionalOnResource did not find resource '${spring.info.build.location:classpath:META-INF/build-info.properties}' (OnResourceCondition)

   ProjectInfoAutoConfiguration#gitProperties:
      Did not match:
         - GitResource did not find git info at classpath:git.properties (ProjectInfoAutoConfiguration.GitResourceAvailableCondition)

   RemoteDevToolsAutoConfiguration:
      Did not match:
         - @ConditionalOnProperty (spring.devtools.remote.secret) did not find property 'spring.devtools.remote.secret' (OnPropertyCondition)
      Matched:
         - @ConditionalOnClass found required classes 'jakarta.servlet.Filter', 'org.springframework.http.server.ServerHttpRequest', 'org.springframework.boot.web.server.autoconfigure.ServerProperties' (OnClassCondition)

   ServletHttpExchangesAutoConfiguration:
      Did not match:
         - @ConditionalOnBean did not find required type 'org.springframework.boot.actuate.web.exchanges.HttpExchangeRepository' (OnBeanCondition)

   ServletManagementContextAutoConfiguration:
      Did not match:
         - @ConditionalOnClass did not find required class 'org.springframework.boot.actuate.autoconfigure.endpoint.web.WebEndpointProperties' (OnClassCondition)

   ServletMappingsAutoConfiguration:
      Did not match:
         - @ConditionalOnClass did not find required class 'org.springframework.boot.actuate.autoconfigure.endpoint.condition.ConditionalOnAvailableEndpoint' (OnClassCondition)

   ServletWebServerConfiguration#forwardedHeaderFilter:
      Did not match:
         - @ConditionalOnProperty (server.forward-headers-strategy=framework) did not find property 'server.forward-headers-strategy' (OnPropertyCondition)

   TaskExecutorConfigurations.AsyncConfigurerWrapperConfiguration:
      Did not match:
         - @ConditionalOnBean (types: org.springframework.scheduling.annotation.AsyncConfigurer; SearchStrategy: all) did not find any beans of type org.springframework.scheduling.annotation.AsyncConfigurer (OnBeanCondition)

   TaskExecutorConfigurations.SimpleAsyncTaskExecutorBuilderConfiguration#simpleAsyncTaskExecutorBuilderVirtualThreads:
      Did not match:
         - @ConditionalOnMissingBean (types: org.springframework.boot.task.SimpleAsyncTaskExecutorBuilder; SearchStrategy: all) found beans of type 'org.springframework.boot.task.SimpleAsyncTaskExecutorBuilder' simpleAsyncTaskExecutorBuilder (OnBeanCondition)

   TaskExecutorConfigurations.TaskExecutorConfiguration#applicationTaskExecutorVirtualThreads:
      Did not match:
         - @ConditionalOnThreading did not find VIRTUAL (OnThreadingCondition)

   TaskExecutorConfigurations.TaskExecutorContextPropagationConfiguration:
      Did not match:
         - @ConditionalOnClass did not find required class 'io.micrometer.context.ContextSnapshot' (OnClassCondition)

   TaskSchedulingAutoConfiguration#scheduledBeanLazyInitializationExcludeFilter:
      Did not match:
         - @ConditionalOnBean (names: org.springframework.scheduling.config.internalScheduledAnnotationProcessor; SearchStrategy: all) did not find any beans named org.springframework.scheduling.config.internalScheduledAnnotationProcessor (OnBeanCondition)

   TaskSchedulingConfigurations.SimpleAsyncTaskSchedulerBuilderConfiguration#simpleAsyncTaskSchedulerBuilderVirtualThreads:
      Did not match:
         - @ConditionalOnMissingBean (types: org.springframework.boot.task.SimpleAsyncTaskSchedulerBuilder; SearchStrategy: all) found beans of type 'org.springframework.boot.task.SimpleAsyncTaskSchedulerBuilder' simpleAsyncTaskSchedulerBuilder (OnBeanCondition)

   TaskSchedulingConfigurations.TaskSchedulerConfiguration:
      Did not match:
         - @ConditionalOnBean (names: org.springframework.scheduling.config.internalScheduledAnnotationProcessor; SearchStrategy: all) did not find any beans named org.springframework.scheduling.config.internalScheduledAnnotationProcessor (OnBeanCondition)

   TomcatMetricsAutoConfiguration:
      Did not match:
         - @ConditionalOnClass did not find required class 'io.micrometer.core.instrument.binder.tomcat.TomcatMetrics' (OnClassCondition)

   TomcatReactiveManagementContextAutoConfiguration:
      Did not match:
         - @ConditionalOnClass did not find required class 'org.springframework.boot.actuate.autoconfigure.web.server.ManagementContextFactory' (OnClassCondition)

   TomcatReactiveWebServerAutoConfiguration:
      Did not match:
         - @ConditionalOnWebApplication did not find reactive web application classes (OnWebApplicationCondition)

   TomcatServletManagementContextAutoConfiguration:
      Did not match:
         - @ConditionalOnClass did not find required class 'org.springframework.boot.actuate.autoconfigure.web.server.ManagementContextFactory' (OnClassCondition)

   TomcatServletWebServerAutoConfiguration#tomcatForwardedHeaderFilterCustomizer:
      Did not match:
         - @ConditionalOnProperty (server.forward-headers-strategy=framework) did not find property 'server.forward-headers-strategy' (OnPropertyCondition)

   TomcatWebServerConfiguration#tomcatVirtualThreadsProtocolHandlerCustomizer:
      Did not match:
         - @ConditionalOnThreading did not find VIRTUAL (OnThreadingCondition)

   WebMvcAutoConfiguration#hiddenHttpMethodFilter:
      Did not match:
         - @ConditionalOnBooleanProperty (spring.mvc.hiddenmethod.filter.enabled=true) did not find property 'spring.mvc.hiddenmethod.filter.enabled' (OnPropertyCondition)

   WebMvcAutoConfiguration.ProblemDetailsErrorHandlingConfiguration:
      Did not match:
         - @ConditionalOnBooleanProperty (spring.mvc.problemdetails.enabled=true) did not find property 'spring.mvc.problemdetails.enabled' (OnPropertyCondition)

   WebMvcAutoConfiguration.ResourceChainCustomizerConfiguration:
      Did not match:
         - @ConditionalOnEnabledResourceChain did not find class org.webjars.WebJarVersionLocator (OnEnabledResourceChainCondition)

   WebMvcAutoConfiguration.WebMvcAutoConfigurationAdapter#beanNameViewResolver:
      Did not match:
         - @ConditionalOnMissingBean (types: org.springframework.web.servlet.view.BeanNameViewResolver; SearchStrategy: all) found beans of type 'org.springframework.web.servlet.view.BeanNameViewResolver' beanNameViewResolver (OnBeanCondition)

   WebMvcHealthEndpointExtensionAutoConfiguration:
      Did not match:
         - @ConditionalOnClass did not find required class 'org.springframework.boot.health.actuate.endpoint.HealthEndpoint' (OnClassCondition)

   WebMvcMappingsAutoConfiguration:
      Did not match:
         - @ConditionalOnClass did not find required class 'org.springframework.boot.actuate.autoconfigure.endpoint.condition.ConditionalOnAvailableEndpoint' (OnClassCondition)

   WebMvcObservationAutoConfiguration:
      Did not match:
         - @ConditionalOnClass did not find required class 'org.springframework.boot.micrometer.observation.autoconfigure.ObservationProperties' (OnClassCondition)


Exclusions:
-----------

    None


Unconditional classes:
----------------------

    org.springframework.boot.autoconfigure.context.ConfigurationPropertiesAutoConfiguration

    org.springframework.boot.autoconfigure.ssl.SslAutoConfiguration

    org.springframework.boot.autoconfigure.context.LifecycleAutoConfiguration

    org.springframework.boot.autoconfigure.context.PropertyPlaceholderAutoConfiguration

    org.springframework.boot.autoconfigure.availability.ApplicationAvailabilityAutoConfiguration

    org.springframework.boot.autoconfigure.info.ProjectInfoAutoConfiguration



2026-09-23 10:08:51.091 [restartedMain] INFO  t.zff06.logging.LoggingApplication [] - Started LoggingApplication in 1.019 seconds (process running for 1.379)
2026-09-23 10:08:51.092 [restartedMain] DEBUG o.s.b.a.ApplicationAvailabilityBean [] - Application availability state LivenessState changed to CORRECT
2026-09-23 10:08:51.092 [restartedMain] DEBUG o.s.boot.devtools.restart.Restarter [] - Creating new Restarter for thread Thread[#1,main,5,main]
2026-09-23 10:08:51.092 [restartedMain] DEBUG o.s.boot.devtools.restart.Restarter [] - Immediately restarting application
2026-09-23 10:08:51.092 [restartedMain] DEBUG o.s.boot.devtools.restart.Restarter [] - Starting application top.zff06.logging.LoggingApplication with URLs [file:/D:/Tools/Projects/backend-learning/03-logging/target/classes/]
2026-09-23 10:08:51.093 [restartedMain] DEBUG o.s.b.a.ApplicationAvailabilityBean [] - Application availability state ReadinessState changed to ACCEPTING_TRAFFIC
2026-09-23 10:08:51.228 [RMI TCP Connection(1)-192.168.208.1] DEBUG sun.rmi.transport.tcp [] - RMI TCP Connection(1)-192.168.208.1: (port 64300) op = 82
2026-09-23 10:08:51.228 [RMI TCP Connection(1)-192.168.208.1] DEBUG sun.rmi.transport.tcp [] - RMI TCP Connection(1)-192.168.208.1: (port 64300) op = 80
2026-09-23 10:08:51.228 [RMI TCP Connection(1)-192.168.208.1] DEBUG sun.rmi.loader [] - RMI TCP Connection(1)-192.168.208.1: name = "[Ljava.rmi.server.ObjID;", codebase = "", defaultLoader = jdk.internal.loader.ClassLoaders$PlatformClassLoader@5702d950
2026-09-23 10:08:51.228 [RMI TCP Connection(1)-192.168.208.1] DEBUG sun.rmi.loader [] - RMI TCP Connection(1)-192.168.208.1: name = "java.rmi.server.ObjID", codebase = "", defaultLoader = jdk.internal.loader.ClassLoaders$PlatformClassLoader@5702d950
2026-09-23 10:08:51.230 [RMI TCP Connection(1)-192.168.208.1] DEBUG sun.rmi.loader [] - RMI TCP Connection(1)-192.168.208.1: name = "java.rmi.server.UID", codebase = "", defaultLoader = jdk.internal.loader.ClassLoaders$PlatformClassLoader@5702d950
2026-09-23 10:08:51.230 [RMI TCP Connection(1)-192.168.208.1] DEBUG sun.rmi.loader [] - RMI TCP Connection(1)-192.168.208.1: name = "java.rmi.dgc.Lease", codebase = "", defaultLoader = jdk.internal.loader.ClassLoaders$PlatformClassLoader@5702d950
2026-09-23 10:08:51.230 [RMI TCP Connection(1)-192.168.208.1] DEBUG sun.rmi.loader [] - RMI TCP Connection(1)-192.168.208.1: name = "java.rmi.dgc.VMID", codebase = "", defaultLoader = jdk.internal.loader.ClassLoaders$PlatformClassLoader@5702d950
2026-09-23 10:08:51.230 [RMI TCP Connection(1)-192.168.208.1] DEBUG sun.rmi.loader [] - RMI TCP Connection(1)-192.168.208.1: name = "[B", codebase = "", defaultLoader = jdk.internal.loader.ClassLoaders$PlatformClassLoader@5702d950
2026-09-23 10:08:51.230 [RMI TCP Connection(1)-192.168.208.1] DEBUG sun.rmi.transport.tcp [] - RMI TCP Connection(1)-192.168.208.1: (port 64300) op = 82
2026-09-23 10:08:51.231 [RMI TCP Connection(1)-192.168.208.1] DEBUG sun.rmi.transport.tcp [] - RMI TCP Connection(1)-192.168.208.1: (port 64300) op = 80
2026-09-23 10:08:51.231 [RMI TCP Connection(1)-192.168.208.1] DEBUG sun.rmi.transport.tcp [] - RMI TCP Connection(1)-192.168.208.1: (port 64300) op = 80
2026-09-23 10:08:51.231 [RMI TCP Connection(1)-192.168.208.1] DEBUG sun.rmi.loader [] - RMI TCP Connection(1)-192.168.208.1: name = "[Ljava.rmi.server.ObjID;", codebase = "", defaultLoader = jdk.internal.loader.ClassLoaders$PlatformClassLoader@5702d950
2026-09-23 10:08:51.231 [RMI TCP Connection(1)-192.168.208.1] DEBUG sun.rmi.loader [] - RMI TCP Connection(1)-192.168.208.1: name = "java.rmi.server.ObjID", codebase = "", defaultLoader = jdk.internal.loader.ClassLoaders$PlatformClassLoader@5702d950
2026-09-23 10:08:51.231 [RMI TCP Connection(1)-192.168.208.1] DEBUG sun.rmi.loader [] - RMI TCP Connection(1)-192.168.208.1: name = "java.rmi.server.UID", codebase = "", defaultLoader = jdk.internal.loader.ClassLoaders$PlatformClassLoader@5702d950
2026-09-23 10:08:51.232 [RMI TCP Connection(1)-192.168.208.1] DEBUG sun.rmi.loader [] - RMI TCP Connection(1)-192.168.208.1: name = "java.rmi.dgc.Lease", codebase = "", defaultLoader = jdk.internal.loader.ClassLoaders$PlatformClassLoader@5702d950
2026-09-23 10:08:51.232 [RMI TCP Connection(1)-192.168.208.1] DEBUG sun.rmi.loader [] - RMI TCP Connection(1)-192.168.208.1: name = "java.rmi.dgc.VMID", codebase = "", defaultLoader = jdk.internal.loader.ClassLoaders$PlatformClassLoader@5702d950
2026-09-23 10:08:51.232 [RMI TCP Connection(1)-192.168.208.1] DEBUG sun.rmi.loader [] - RMI TCP Connection(1)-192.168.208.1: name = "[B", codebase = "", defaultLoader = jdk.internal.loader.ClassLoaders$PlatformClassLoader@5702d950
2026-09-23 10:08:51.232 [RMI TCP Connection(1)-192.168.208.1] DEBUG sun.rmi.transport.tcp [] - RMI TCP Connection(1)-192.168.208.1: (port 64300) op = 84
2026-09-23 10:08:51.232 [RMI TCP Connection(1)-192.168.208.1] DEBUG sun.rmi.transport.tcp [] - RMI TCP Connection(1)-192.168.208.1: (port 64300) op = 80
2026-09-23 10:08:51.232 [RMI TCP Connection(1)-192.168.208.1] DEBUG sun.rmi.transport.tcp [] - RMI TCP Connection(1)-192.168.208.1: (port 64300) op = 80
2026-09-23 10:08:51.232 [RMI TCP Connection(1)-192.168.208.1] DEBUG sun.rmi.loader [] - RMI TCP Connection(1)-192.168.208.1: name = "javax.management.ObjectName", codebase = ""
2026-09-23 10:08:51.232 [RMI TCP Connection(1)-192.168.208.1] DEBUG javax.management.remote.rmi [] - connectionId=rmi://192.168.208.1  3, name=org.springframework.boot:type=Admin,name=SpringApplication, attribute=Ready
2026-09-23 10:08:51.234 [RMI TCP Connection(1)-192.168.208.1] DEBUG sun.rmi.transport.tcp [] - RMI TCP Connection(1)-192.168.208.1: (port 64300) op = 80
2026-09-23 10:08:51.235 [RMI TCP Connection(1)-192.168.208.1] DEBUG javax.management.remote.rmi [] - [javax.management.remote.rmi.RMIConnectionImpl@7caee5c5: connectionId=rmi://192.168.208.1  3] closing.
2026-09-23 10:08:51.236 [RMI TCP Connection(1)-192.168.208.1] DEBUG javax.management.remote.rmi [] - [javax.management.remote.rmi.RMIConnectionImpl@7caee5c5: connectionId=rmi://192.168.208.1  3] closed.
2026-09-23 10:08:51.237 [RMI TCP Connection(2)-192.168.208.1] DEBUG sun.rmi.transport.tcp [] - RMI TCP Connection(2)-192.168.208.1: accepted socket from [192.168.208.1:64309]
2026-09-23 10:08:51.237 [RMI TCP Connection(2)-192.168.208.1] DEBUG sun.rmi.transport.tcp [] - RMI TCP Connection(2)-192.168.208.1: (port 64300) op = 80
2026-09-23 10:08:51.239 [RMI TCP Connection(2)-192.168.208.1] DEBUG sun.rmi.transport.tcp [] - RMI TCP Connection(2)-192.168.208.1: (port 64300) op = 80
2026-09-23 10:08:51.239 [RMI TCP Connection(2)-192.168.208.1] DEBUG sun.rmi.loader [] - RMI TCP Connection(2)-192.168.208.1: name = "[Ljava.rmi.server.ObjID;", codebase = "", defaultLoader = jdk.internal.loader.ClassLoaders$PlatformClassLoader@5702d950
2026-09-23 10:08:51.239 [RMI TCP Connection(2)-192.168.208.1] DEBUG sun.rmi.loader [] - RMI TCP Connection(2)-192.168.208.1: name = "java.rmi.server.ObjID", codebase = "", defaultLoader = jdk.internal.loader.ClassLoaders$PlatformClassLoader@5702d950
2026-09-23 10:08:51.240 [RMI TCP Connection(2)-192.168.208.1] DEBUG sun.rmi.loader [] - RMI TCP Connection(2)-192.168.208.1: name = "java.rmi.server.UID", codebase = "", defaultLoader = jdk.internal.loader.ClassLoaders$PlatformClassLoader@5702d950
2026-09-23 10:08:51.240 [RMI TCP Connection(2)-192.168.208.1] DEBUG sun.rmi.loader [] - RMI TCP Connection(2)-192.168.208.1: name = "java.rmi.dgc.Lease", codebase = "", defaultLoader = jdk.internal.loader.ClassLoaders$PlatformClassLoader@5702d950
2026-09-23 10:08:51.240 [RMI TCP Connection(2)-192.168.208.1] DEBUG sun.rmi.loader [] - RMI TCP Connection(2)-192.168.208.1: name = "java.rmi.dgc.VMID", codebase = "", defaultLoader = jdk.internal.loader.ClassLoaders$PlatformClassLoader@5702d950
2026-09-23 10:08:51.240 [RMI TCP Connection(2)-192.168.208.1] DEBUG sun.rmi.loader [] - RMI TCP Connection(2)-192.168.208.1: name = "[B", codebase = "", defaultLoader = jdk.internal.loader.ClassLoaders$PlatformClassLoader@5702d950
2026-09-23 10:08:51.241 [RMI TCP Connection(2)-192.168.208.1] DEBUG sun.rmi.transport.tcp [] - RMI TCP Connection(2)-192.168.208.1: (port 64300) op = 84
2026-09-23 10:08:51.241 [RMI TCP Connection(2)-192.168.208.1] DEBUG sun.rmi.transport.tcp [] - RMI TCP Connection(2)-192.168.208.1: (port 64300) op = 80
2026-09-23 10:08:51.241 [RMI TCP Connection(2)-192.168.208.1] DEBUG sun.rmi.transport.tcp [] - RMI TCP Connection(2)-192.168.208.1: (port 64300) op = 80
2026-09-23 10:08:51.241 [RMI TCP Connection(2)-192.168.208.1] DEBUG sun.rmi.loader [] - RMI TCP Connection(2)-192.168.208.1: name = "javax.management.ObjectName", codebase = ""
2026-09-23 10:08:51.242 [RMI TCP Connection(2)-192.168.208.1] DEBUG sun.rmi.loader [] - RMI TCP Connection(2)-192.168.208.1: name = "java.rmi.MarshalledObject", codebase = ""
2026-09-23 10:08:51.242 [RMI TCP Connection(2)-192.168.208.1] DEBUG sun.rmi.loader [] - RMI TCP Connection(2)-192.168.208.1: name = "[B", codebase = ""
2026-09-23 10:08:51.242 [RMI TCP Connection(2)-192.168.208.1] DEBUG sun.rmi.loader [] - RMI TCP Connection(2)-192.168.208.1: name = "[Ljava.lang.String;", codebase = ""
2026-09-23 10:08:51.243 [RMI TCP Connection(2)-192.168.208.1] DEBUG javax.management.remote.rmi [] - connectionId=rmi://192.168.208.1  4 unwrapping params with MBean extended ClassLoader.
2026-09-23 10:08:51.243 [RMI TCP Connection(2)-192.168.208.1] DEBUG sun.rmi.loader [] - RMI TCP Connection(2)-192.168.208.1: name = "[Ljava.lang.String;", codebase = "", defaultLoader = jdk.internal.loader.ClassLoaders$PlatformClassLoader@5702d950
2026-09-23 10:08:51.244 [RMI TCP Connection(2)-192.168.208.1] DEBUG javax.management.remote.rmi [] - connectionId=rmi://192.168.208.1  4, name=org.springframework.boot:type=Admin,name=SpringApplication, operationName=getProperty, signature=[java.lang.String]
2026-09-23 10:08:51.244 [RMI TCP Connection(2)-192.168.208.1] DEBUG sun.rmi.transport.tcp [] - RMI TCP Connection(2)-192.168.208.1: (port 64300) op = 80
2026-09-23 10:08:51.244 [RMI TCP Connection(2)-192.168.208.1] DEBUG javax.management.remote.rmi [] - [javax.management.remote.rmi.RMIConnectionImpl@6dc6e5da: connectionId=rmi://192.168.208.1  4] closing.
2026-09-23 10:08:51.244 [RMI TCP Connection(2)-192.168.208.1] DEBUG javax.management.remote.rmi [] - [javax.management.remote.rmi.RMIConnectionImpl@6dc6e5da: connectionId=rmi://192.168.208.1  4] closed.
2026-09-23 10:08:51.244 [RMI TCP Connection(2)-192.168.208.1] DEBUG sun.rmi.transport.tcp [] - RMI TCP Connection(2)-192.168.208.1: (port 64300) op = 80
2026-09-23 10:08:51.245 [RMI TCP Connection(2)-192.168.208.1] DEBUG sun.rmi.transport.tcp [] - RMI TCP Connection(2)-192.168.208.1: (port 64300) op = 80
2026-09-23 10:08:51.245 [RMI TCP Connection(2)-192.168.208.1] DEBUG sun.rmi.loader [] - RMI TCP Connection(2)-192.168.208.1: name = "[Ljava.rmi.server.ObjID;", codebase = "", defaultLoader = jdk.internal.loader.ClassLoaders$PlatformClassLoader@5702d950
2026-09-23 10:08:51.245 [RMI TCP Connection(2)-192.168.208.1] DEBUG sun.rmi.loader [] - RMI TCP Connection(2)-192.168.208.1: name = "java.rmi.server.ObjID", codebase = "", defaultLoader = jdk.internal.loader.ClassLoaders$PlatformClassLoader@5702d950
2026-09-23 10:08:51.245 [RMI TCP Connection(2)-192.168.208.1] DEBUG sun.rmi.loader [] - RMI TCP Connection(2)-192.168.208.1: name = "java.rmi.server.UID", codebase = "", defaultLoader = jdk.internal.loader.ClassLoaders$PlatformClassLoader@5702d950
2026-09-23 10:08:51.245 [RMI TCP Connection(2)-192.168.208.1] DEBUG sun.rmi.loader [] - RMI TCP Connection(2)-192.168.208.1: name = "java.rmi.dgc.Lease", codebase = "", defaultLoader = jdk.internal.loader.ClassLoaders$PlatformClassLoader@5702d950
2026-09-23 10:08:51.245 [RMI TCP Connection(2)-192.168.208.1] DEBUG sun.rmi.loader [] - RMI TCP Connection(2)-192.168.208.1: name = "java.rmi.dgc.VMID", codebase = "", defaultLoader = jdk.internal.loader.ClassLoaders$PlatformClassLoader@5702d950
2026-09-23 10:08:51.245 [RMI TCP Connection(2)-192.168.208.1] DEBUG sun.rmi.loader [] - RMI TCP Connection(2)-192.168.208.1: name = "[B", codebase = "", defaultLoader = jdk.internal.loader.ClassLoaders$PlatformClassLoader@5702d950
2026-09-23 10:08:51.245 [RMI TCP Connection(2)-192.168.208.1] DEBUG sun.rmi.transport.tcp [] - RMI TCP Connection(2)-192.168.208.1: (port 64300) op = 84
2026-09-23 10:08:51.245 [RMI TCP Connection(2)-192.168.208.1] DEBUG sun.rmi.transport.tcp [] - RMI TCP Connection(2)-192.168.208.1: (port 64300) op = 80
2026-09-23 10:08:51.246 [RMI TCP Connection(2)-192.168.208.1] DEBUG sun.rmi.transport.tcp [] - RMI TCP Connection(2)-192.168.208.1: (port 64300) op = 80
2026-09-23 10:08:51.246 [RMI TCP Connection(2)-192.168.208.1] DEBUG sun.rmi.loader [] - RMI TCP Connection(2)-192.168.208.1: name = "javax.management.ObjectName", codebase = ""
2026-09-23 10:08:51.246 [RMI TCP Connection(2)-192.168.208.1] DEBUG sun.rmi.loader [] - RMI TCP Connection(2)-192.168.208.1: name = "java.rmi.MarshalledObject", codebase = ""
2026-09-23 10:08:51.246 [RMI TCP Connection(2)-192.168.208.1] DEBUG sun.rmi.loader [] - RMI TCP Connection(2)-192.168.208.1: name = "[B", codebase = ""
2026-09-23 10:08:51.246 [RMI TCP Connection(2)-192.168.208.1] DEBUG sun.rmi.loader [] - RMI TCP Connection(2)-192.168.208.1: name = "[Ljava.lang.String;", codebase = ""
2026-09-23 10:08:51.246 [RMI TCP Connection(2)-192.168.208.1] DEBUG javax.management.remote.rmi [] - connectionId=rmi://192.168.208.1  5 unwrapping params with MBean extended ClassLoader.
2026-09-23 10:08:51.246 [RMI TCP Connection(2)-192.168.208.1] DEBUG sun.rmi.loader [] - RMI TCP Connection(2)-192.168.208.1: name = "[Ljava.lang.String;", codebase = "", defaultLoader = jdk.internal.loader.ClassLoaders$PlatformClassLoader@5702d950
2026-09-23 10:08:51.246 [RMI TCP Connection(2)-192.168.208.1] DEBUG javax.management.remote.rmi [] - connectionId=rmi://192.168.208.1  5, name=org.springframework.boot:type=Admin,name=SpringApplication, operationName=getProperty, signature=[java.lang.String]
2026-09-23 10:08:51.247 [RMI TCP Connection(2)-192.168.208.1] DEBUG sun.rmi.transport.tcp [] - RMI TCP Connection(2)-192.168.208.1: (port 64300) op = 80
2026-09-23 10:08:51.247 [RMI TCP Connection(2)-192.168.208.1] DEBUG sun.rmi.loader [] - RMI TCP Connection(2)-192.168.208.1: name = "javax.management.ObjectName", codebase = ""
2026-09-23 10:08:51.247 [RMI TCP Connection(2)-192.168.208.1] DEBUG sun.rmi.loader [] - RMI TCP Connection(2)-192.168.208.1: name = "java.rmi.MarshalledObject", codebase = ""
2026-09-23 10:08:51.247 [RMI TCP Connection(2)-192.168.208.1] DEBUG sun.rmi.loader [] - RMI TCP Connection(2)-192.168.208.1: name = "[B", codebase = ""
2026-09-23 10:08:51.247 [RMI TCP Connection(2)-192.168.208.1] DEBUG sun.rmi.loader [] - RMI TCP Connection(2)-192.168.208.1: name = "[Ljava.lang.String;", codebase = ""
2026-09-23 10:08:51.249 [RMI TCP Connection(2)-192.168.208.1] DEBUG javax.management.remote.rmi [] - connectionId=rmi://192.168.208.1  5 unwrapping params with MBean extended ClassLoader.
2026-09-23 10:08:51.249 [RMI TCP Connection(2)-192.168.208.1] DEBUG sun.rmi.loader [] - RMI TCP Connection(2)-192.168.208.1: name = "[Ljava.lang.String;", codebase = "", defaultLoader = jdk.internal.loader.ClassLoaders$PlatformClassLoader@5702d950
2026-09-23 10:08:51.249 [RMI TCP Connection(2)-192.168.208.1] DEBUG javax.management.remote.rmi [] - connectionId=rmi://192.168.208.1  5, name=org.springframework.boot:type=Admin,name=SpringApplication, operationName=getProperty, signature=[java.lang.String]
2026-09-23 10:08:51.249 [RMI TCP Connection(2)-192.168.208.1] DEBUG sun.rmi.transport.tcp [] - RMI TCP Connection(2)-192.168.208.1: (port 64300) op = 80
2026-09-23 10:08:51.249 [RMI TCP Connection(2)-192.168.208.1] DEBUG sun.rmi.loader [] - RMI TCP Connection(2)-192.168.208.1: name = "javax.management.ObjectName", codebase = ""
2026-09-23 10:08:51.249 [RMI TCP Connection(2)-192.168.208.1] DEBUG sun.rmi.loader [] - RMI TCP Connection(2)-192.168.208.1: name = "java.rmi.MarshalledObject", codebase = ""
2026-09-23 10:08:51.249 [RMI TCP Connection(2)-192.168.208.1] DEBUG sun.rmi.loader [] - RMI TCP Connection(2)-192.168.208.1: name = "[B", codebase = ""
2026-09-23 10:08:51.249 [RMI TCP Connection(2)-192.168.208.1] DEBUG sun.rmi.loader [] - RMI TCP Connection(2)-192.168.208.1: name = "[Ljava.lang.String;", codebase = ""
2026-09-23 10:08:51.249 [RMI TCP Connection(2)-192.168.208.1] DEBUG javax.management.remote.rmi [] - connectionId=rmi://192.168.208.1  5 unwrapping params with MBean extended ClassLoader.
2026-09-23 10:08:51.249 [RMI TCP Connection(2)-192.168.208.1] DEBUG sun.rmi.loader [] - RMI TCP Connection(2)-192.168.208.1: name = "[Ljava.lang.String;", codebase = "", defaultLoader = jdk.internal.loader.ClassLoaders$PlatformClassLoader@5702d950
2026-09-23 10:08:51.249 [RMI TCP Connection(2)-192.168.208.1] DEBUG javax.management.remote.rmi [] - connectionId=rmi://192.168.208.1  5, name=org.springframework.boot:type=Admin,name=SpringApplication, operationName=getProperty, signature=[java.lang.String]
2026-09-23 10:08:51.249 [RMI TCP Connection(2)-192.168.208.1] DEBUG sun.rmi.transport.tcp [] - RMI TCP Connection(2)-192.168.208.1: (port 64300) op = 80
2026-09-23 10:08:51.249 [RMI TCP Connection(2)-192.168.208.1] DEBUG sun.rmi.loader [] - RMI TCP Connection(2)-192.168.208.1: name = "javax.management.ObjectName", codebase = ""
2026-09-23 10:08:51.249 [RMI TCP Connection(2)-192.168.208.1] DEBUG sun.rmi.loader [] - RMI TCP Connection(2)-192.168.208.1: name = "java.rmi.MarshalledObject", codebase = ""
2026-09-23 10:08:51.249 [RMI TCP Connection(2)-192.168.208.1] DEBUG sun.rmi.loader [] - RMI TCP Connection(2)-192.168.208.1: name = "[B", codebase = ""
2026-09-23 10:08:51.249 [RMI TCP Connection(2)-192.168.208.1] DEBUG sun.rmi.loader [] - RMI TCP Connection(2)-192.168.208.1: name = "[Ljava.lang.String;", codebase = ""
2026-09-23 10:08:51.250 [RMI TCP Connection(2)-192.168.208.1] DEBUG javax.management.remote.rmi [] - connectionId=rmi://192.168.208.1  5 unwrapping params with MBean extended ClassLoader.
2026-09-23 10:08:51.250 [RMI TCP Connection(2)-192.168.208.1] DEBUG sun.rmi.loader [] - RMI TCP Connection(2)-192.168.208.1: name = "[Ljava.lang.String;", codebase = "", defaultLoader = jdk.internal.loader.ClassLoaders$PlatformClassLoader@5702d950
2026-09-23 10:08:51.250 [RMI TCP Connection(2)-192.168.208.1] DEBUG javax.management.remote.rmi [] - connectionId=rmi://192.168.208.1  5, name=org.springframework.boot:type=Admin,name=SpringApplication, operationName=getProperty, signature=[java.lang.String]
2026-09-23 10:08:51.250 [RMI TCP Connection(2)-192.168.208.1] DEBUG sun.rmi.transport.tcp [] - RMI TCP Connection(2)-192.168.208.1: (port 64300) op = 80
2026-09-23 10:08:51.250 [RMI TCP Connection(2)-192.168.208.1] DEBUG javax.management.remote.rmi [] - [javax.management.remote.rmi.RMIConnectionImpl@23ad9d67: connectionId=rmi://192.168.208.1  5] closing.
2026-09-23 10:08:51.250 [RMI TCP Connection(2)-192.168.208.1] DEBUG javax.management.remote.rmi [] - [javax.management.remote.rmi.RMIConnectionImpl@23ad9d67: connectionId=rmi://192.168.208.1  5] closed.
2026-09-23 10:08:51.446 [RMI TCP Connection(2)-192.168.208.1] DEBUG sun.rmi.transport.tcp [] - RMI TCP Connection(2)-192.168.208.1: (port 64300) op = 82
2026-09-23 10:08:51.447 [RMI TCP Connection(2)-192.168.208.1] DEBUG sun.rmi.transport.tcp [] - RMI TCP Connection(2)-192.168.208.1: (port 64300) op = 80
2026-09-23 10:08:51.447 [RMI TCP Connection(2)-192.168.208.1] DEBUG sun.rmi.loader [] - RMI TCP Connection(2)-192.168.208.1: name = "javax.management.ObjectName", codebase = ""
2026-09-23 10:08:51.447 [RMI TCP Connection(2)-192.168.208.1] DEBUG javax.management.remote.rmi [] - connectionId=rmi://192.168.208.1  1, name=java.lang:type=OperatingSystem, attribute=ProcessCpuLoad
2026-09-23 10:08:51.483 [RMI TCP Connection(2)-192.168.208.1] DEBUG sun.rmi.transport.tcp [] - RMI TCP Connection(2)-192.168.208.1: (port 64300) op = 82
2026-09-23 10:08:51.484 [RMI TCP Connection(2)-192.168.208.1] DEBUG sun.rmi.transport.tcp [] - RMI TCP Connection(2)-192.168.208.1: (port 64300) op = 80
2026-09-23 10:08:51.485 [RMI TCP Connection(2)-192.168.208.1] DEBUG sun.rmi.loader [] - RMI TCP Connection(2)-192.168.208.1: name = "javax.management.ObjectName", codebase = ""
2026-09-23 10:08:51.485 [RMI TCP Connection(2)-192.168.208.1] DEBUG javax.management.remote.rmi [] - connectionId=rmi://192.168.208.1  1, name=java.lang:type=Memory, attribute=HeapMemoryUsage
2026-09-23 10:08:51.485 [RMI TCP Connection(2)-192.168.208.1] DEBUG sun.rmi.transport.tcp [] - RMI TCP Connection(2)-192.168.208.1: (port 64300) op = 80
2026-09-23 10:08:51.485 [RMI TCP Connection(2)-192.168.208.1] DEBUG sun.rmi.loader [] - RMI TCP Connection(2)-192.168.208.1: name = "javax.management.ObjectName", codebase = ""
2026-09-23 10:08:51.485 [RMI TCP Connection(2)-192.168.208.1] DEBUG javax.management.remote.rmi [] - connectionId=rmi://192.168.208.1  1, name=java.lang:type=Memory, attribute=HeapMemoryUsage
2026-09-23 10:08:52.493 [RMI TCP Connection(2)-192.168.208.1] DEBUG sun.rmi.transport.tcp [] - RMI TCP Connection(2)-192.168.208.1: (port 64300) op = 82
2026-09-23 10:08:52.493 [RMI TCP Connection(2)-192.168.208.1] DEBUG sun.rmi.transport.tcp [] - RMI TCP Connection(2)-192.168.208.1: (port 64300) op = 80
2026-09-23 10:08:52.493 [RMI TCP Connection(2)-192.168.208.1] DEBUG sun.rmi.loader [] - RMI TCP Connection(2)-192.168.208.1: name = "javax.management.ObjectName", codebase = ""
2026-09-23 10:08:52.493 [RMI TCP Connection(2)-192.168.208.1] DEBUG javax.management.remote.rmi [] - connectionId=rmi://192.168.208.1  1, name=java.lang:type=OperatingSystem, attribute=ProcessCpuLoad
2026-09-23 10:08:52.517 [RMI TCP Connection(2)-192.168.208.1] DEBUG sun.rmi.transport.tcp [] - RMI TCP Connection(2)-192.168.208.1: (port 64300) op = 82
2026-09-23 10:08:52.517 [RMI TCP Connection(2)-192.168.208.1] DEBUG sun.rmi.transport.tcp [] - RMI TCP Connection(2)-192.168.208.1: (port 64300) op = 80
2026-09-23 10:08:52.517 [RMI TCP Connection(2)-192.168.208.1] DEBUG sun.rmi.loader [] - RMI TCP Connection(2)-192.168.208.1: name = "javax.management.ObjectName", codebase = ""
2026-09-23 10:08:52.517 [RMI TCP Connection(2)-192.168.208.1] DEBUG javax.management.remote.rmi [] - connectionId=rmi://192.168.208.1  1, name=java.lang:type=Memory, attribute=HeapMemoryUsage
2026-09-23 10:08:52.518 [RMI TCP Connection(2)-192.168.208.1] DEBUG sun.rmi.transport.tcp [] - RMI TCP Connection(2)-192.168.208.1: (port 64300) op = 82
2026-09-23 10:08:52.518 [RMI TCP Connection(2)-192.168.208.1] DEBUG sun.rmi.transport.tcp [] - RMI TCP Connection(2)-192.168.208.1: (port 64300) op = 80
2026-09-23 10:08:52.518 [RMI TCP Connection(2)-192.168.208.1] DEBUG sun.rmi.loader [] - RMI TCP Connection(2)-192.168.208.1: name = "javax.management.ObjectName", codebase = ""
2026-09-23 10:08:52.518 [RMI TCP Connection(2)-192.168.208.1] DEBUG javax.management.remote.rmi [] - connectionId=rmi://192.168.208.1  1, name=java.lang:type=Memory, attribute=HeapMemoryUsage
2026-09-23 10:08:53.520 [RMI TCP Connection(2)-192.168.208.1] DEBUG sun.rmi.transport.tcp [] - RMI TCP Connection(2)-192.168.208.1: (port 64300) op = 82
2026-09-23 10:08:53.520 [RMI TCP Connection(2)-192.168.208.1] DEBUG sun.rmi.transport.tcp [] - RMI TCP Connection(2)-192.168.208.1: (port 64300) op = 80
2026-09-23 10:08:53.521 [RMI TCP Connection(2)-192.168.208.1] DEBUG sun.rmi.loader [] - RMI TCP Connection(2)-192.168.208.1: name = "javax.management.ObjectName", codebase = ""
2026-09-23 10:08:53.521 [RMI TCP Connection(2)-192.168.208.1] DEBUG javax.management.remote.rmi [] - connectionId=rmi://192.168.208.1  1, name=java.lang:type=OperatingSystem, attribute=ProcessCpuLoad
2026-09-23 10:08:53.541 [RMI TCP Connection(2)-192.168.208.1] DEBUG sun.rmi.transport.tcp [] - RMI TCP Connection(2)-192.168.208.1: (port 64300) op = 82
2026-09-23 10:08:53.542 [RMI TCP Connection(2)-192.168.208.1] DEBUG sun.rmi.transport.tcp [] - RMI TCP Connection(2)-192.168.208.1: (port 64300) op = 80
2026-09-23 10:08:53.542 [RMI TCP Connection(2)-192.168.208.1] DEBUG sun.rmi.loader [] - RMI TCP Connection(2)-192.168.208.1: name = "javax.management.ObjectName", codebase = ""
2026-09-23 10:08:53.542 [RMI TCP Connection(2)-192.168.208.1] DEBUG javax.management.remote.rmi [] - connectionId=rmi://192.168.208.1  1, name=java.lang:type=Memory, attribute=HeapMemoryUsage
2026-09-23 10:08:53.542 [RMI TCP Connection(2)-192.168.208.1] DEBUG sun.rmi.transport.tcp [] - RMI TCP Connection(2)-192.168.208.1: (port 64300) op = 80
2026-09-23 10:08:53.542 [RMI TCP Connection(2)-192.168.208.1] DEBUG sun.rmi.loader [] - RMI TCP Connection(2)-192.168.208.1: name = "javax.management.ObjectName", codebase = ""
2026-09-23 10:08:53.542 [RMI TCP Connection(2)-192.168.208.1] DEBUG javax.management.remote.rmi [] - connectionId=rmi://192.168.208.1  1, name=java.lang:type=Memory, attribute=HeapMemoryUsage
2026-09-23 10:08:54.544 [RMI TCP Connection(2)-192.168.208.1] DEBUG sun.rmi.transport.tcp [] - RMI TCP Connection(2)-192.168.208.1: (port 64300) op = 82
2026-09-23 10:08:54.544 [RMI TCP Connection(2)-192.168.208.1] DEBUG sun.rmi.transport.tcp [] - RMI TCP Connection(2)-192.168.208.1: (port 64300) op = 80
2026-09-23 10:08:54.544 [RMI TCP Connection(2)-192.168.208.1] DEBUG sun.rmi.loader [] - RMI TCP Connection(2)-192.168.208.1: name = "javax.management.ObjectName", codebase = ""
2026-09-23 10:08:54.544 [RMI TCP Connection(2)-192.168.208.1] DEBUG javax.management.remote.rmi [] - connectionId=rmi://192.168.208.1  1, name=java.lang:type=OperatingSystem, attribute=ProcessCpuLoad
2026-09-23 10:08:54.563 [RMI TCP Connection(2)-192.168.208.1] DEBUG sun.rmi.transport.tcp [] - RMI TCP Connection(2)-192.168.208.1: (port 64300) op = 82
2026-09-23 10:08:54.563 [RMI TCP Connection(2)-192.168.208.1] DEBUG sun.rmi.transport.tcp [] - RMI TCP Connection(2)-192.168.208.1: (port 64300) op = 80
2026-09-23 10:08:54.563 [RMI TCP Connection(2)-192.168.208.1] DEBUG sun.rmi.loader [] - RMI TCP Connection(2)-192.168.208.1: name = "javax.management.ObjectName", codebase = ""
2026-09-23 10:08:54.565 [RMI TCP Connection(2)-192.168.208.1] DEBUG javax.management.remote.rmi [] - connectionId=rmi://192.168.208.1  1, name=java.lang:type=Memory, attribute=HeapMemoryUsage
2026-09-23 10:08:54.565 [RMI TCP Connection(2)-192.168.208.1] DEBUG sun.rmi.transport.tcp [] - RMI TCP Connection(2)-192.168.208.1: (port 64300) op = 82
2026-09-23 10:08:54.565 [RMI TCP Connection(2)-192.168.208.1] DEBUG sun.rmi.transport.tcp [] - RMI TCP Connection(2)-192.168.208.1: (port 64300) op = 80
2026-09-23 10:08:54.565 [RMI TCP Connection(2)-192.168.208.1] DEBUG sun.rmi.loader [] - RMI TCP Connection(2)-192.168.208.1: name = "javax.management.ObjectName", codebase = ""
2026-09-23 10:08:54.565 [RMI TCP Connection(2)-192.168.208.1] DEBUG javax.management.remote.rmi [] - connectionId=rmi://192.168.208.1  1, name=java.lang:type=Memory, attribute=HeapMemoryUsage
2026-09-23 10:08:55.566 [RMI TCP Connection(2)-192.168.208.1] DEBUG sun.rmi.transport.tcp [] - RMI TCP Connection(2)-192.168.208.1: (port 64300) op = 82
2026-09-23 10:08:55.566 [RMI TCP Connection(2)-192.168.208.1] DEBUG sun.rmi.transport.tcp [] - RMI TCP Connection(2)-192.168.208.1: (port 64300) op = 80
2026-09-23 10:08:55.566 [RMI TCP Connection(2)-192.168.208.1] DEBUG sun.rmi.loader [] - RMI TCP Connection(2)-192.168.208.1: name = "javax.management.ObjectName", codebase = ""
2026-09-23 10:08:55.566 [RMI TCP Connection(2)-192.168.208.1] DEBUG javax.management.remote.rmi [] - connectionId=rmi://192.168.208.1  1, name=java.lang:type=OperatingSystem, attribute=ProcessCpuLoad
2026-09-23 10:08:55.590 [RMI TCP Connection(2)-192.168.208.1] DEBUG sun.rmi.transport.tcp [] - RMI TCP Connection(2)-192.168.208.1: (port 64300) op = 82
2026-09-23 10:08:55.590 [RMI TCP Connection(2)-192.168.208.1] DEBUG sun.rmi.transport.tcp [] - RMI TCP Connection(2)-192.168.208.1: (port 64300) op = 80
2026-09-23 10:08:55.591 [RMI TCP Connection(2)-192.168.208.1] DEBUG sun.rmi.loader [] - RMI TCP Connection(2)-192.168.208.1: name = "javax.management.ObjectName", codebase = ""
2026-09-23 10:08:55.591 [RMI TCP Connection(2)-192.168.208.1] DEBUG javax.management.remote.rmi [] - connectionId=rmi://192.168.208.1  1, name=java.lang:type=Memory, attribute=HeapMemoryUsage
2026-09-23 10:08:55.592 [RMI TCP Connection(2)-192.168.208.1] DEBUG sun.rmi.transport.tcp [] - RMI TCP Connection(2)-192.168.208.1: (port 64300) op = 82
2026-09-23 10:08:55.592 [RMI TCP Connection(2)-192.168.208.1] DEBUG sun.rmi.transport.tcp [] - RMI TCP Connection(2)-192.168.208.1: (port 64300) op = 80
2026-09-23 10:08:55.592 [RMI TCP Connection(2)-192.168.208.1] DEBUG sun.rmi.loader [] - RMI TCP Connection(2)-192.168.208.1: name = "javax.management.ObjectName", codebase = ""
2026-09-23 10:08:55.592 [RMI TCP Connection(2)-192.168.208.1] DEBUG javax.management.remote.rmi [] - connectionId=rmi://192.168.208.1  1, name=java.lang:type=Memory, attribute=HeapMemoryUsage
2026-09-23 10:08:56.594 [RMI TCP Connection(2)-192.168.208.1] DEBUG sun.rmi.transport.tcp [] - RMI TCP Connection(2)-192.168.208.1: (port 64300) op = 82
2026-09-23 10:08:56.594 [RMI TCP Connection(2)-192.168.208.1] DEBUG sun.rmi.transport.tcp [] - RMI TCP Connection(2)-192.168.208.1: (port 64300) op = 80
2026-09-23 10:08:56.594 [RMI TCP Connection(2)-192.168.208.1] DEBUG sun.rmi.loader [] - RMI TCP Connection(2)-192.168.208.1: name = "javax.management.ObjectName", codebase = ""
2026-09-23 10:08:56.594 [RMI TCP Connection(2)-192.168.208.1] DEBUG javax.management.remote.rmi [] - connectionId=rmi://192.168.208.1  1, name=java.lang:type=OperatingSystem, attribute=ProcessCpuLoad
2026-09-23 10:08:56.619 [RMI TCP Connection(2)-192.168.208.1] DEBUG sun.rmi.transport.tcp [] - RMI TCP Connection(2)-192.168.208.1: (port 64300) op = 82
2026-09-23 10:08:56.619 [RMI TCP Connection(2)-192.168.208.1] DEBUG sun.rmi.transport.tcp [] - RMI TCP Connection(2)-192.168.208.1: (port 64300) op = 80
2026-09-23 10:08:56.619 [RMI TCP Connection(2)-192.168.208.1] DEBUG sun.rmi.loader [] - RMI TCP Connection(2)-192.168.208.1: name = "javax.management.ObjectName", codebase = ""
2026-09-23 10:08:56.621 [RMI TCP Connection(2)-192.168.208.1] DEBUG javax.management.remote.rmi [] - connectionId=rmi://192.168.208.1  1, name=java.lang:type=Memory, attribute=HeapMemoryUsage
2026-09-23 10:08:56.621 [RMI TCP Connection(2)-192.168.208.1] DEBUG sun.rmi.transport.tcp [] - RMI TCP Connection(2)-192.168.208.1: (port 64300) op = 82
2026-09-23 10:08:56.621 [RMI TCP Connection(2)-192.168.208.1] DEBUG sun.rmi.transport.tcp [] - RMI TCP Connection(2)-192.168.208.1: (port 64300) op = 80
2026-09-23 10:08:56.621 [RMI TCP Connection(2)-192.168.208.1] DEBUG sun.rmi.loader [] - RMI TCP Connection(2)-192.168.208.1: name = "javax.management.ObjectName", codebase = ""
2026-09-23 10:08:56.621 [RMI TCP Connection(2)-192.168.208.1] DEBUG javax.management.remote.rmi [] - connectionId=rmi://192.168.208.1  1, name=java.lang:type=Memory, attribute=HeapMemoryUsage
2026-09-23 10:08:57.623 [RMI TCP Connection(2)-192.168.208.1] DEBUG sun.rmi.transport.tcp [] - RMI TCP Connection(2)-192.168.208.1: (port 64300) op = 82
2026-09-23 10:08:57.623 [RMI TCP Connection(2)-192.168.208.1] DEBUG sun.rmi.transport.tcp [] - RMI TCP Connection(2)-192.168.208.1: (port 64300) op = 80
2026-09-23 10:08:57.623 [RMI TCP Connection(2)-192.168.208.1] DEBUG sun.rmi.loader [] - RMI TCP Connection(2)-192.168.208.1: name = "javax.management.ObjectName", codebase = ""
2026-09-23 10:08:57.623 [RMI TCP Connection(2)-192.168.208.1] DEBUG javax.management.remote.rmi [] - connectionId=rmi://192.168.208.1  1, name=java.lang:type=OperatingSystem, attribute=ProcessCpuLoad
2026-09-23 10:08:57.658 [RMI TCP Connection(2)-192.168.208.1] DEBUG sun.rmi.transport.tcp [] - RMI TCP Connection(2)-192.168.208.1: (port 64300) op = 82
2026-09-23 10:08:57.658 [RMI TCP Connection(2)-192.168.208.1] DEBUG sun.rmi.transport.tcp [] - RMI TCP Connection(2)-192.168.208.1: (port 64300) op = 80
2026-09-23 10:08:57.658 [RMI TCP Connection(2)-192.168.208.1] DEBUG sun.rmi.loader [] - RMI TCP Connection(2)-192.168.208.1: name = "javax.management.ObjectName", codebase = ""
2026-09-23 10:08:57.658 [RMI TCP Connection(2)-192.168.208.1] DEBUG javax.management.remote.rmi [] - connectionId=rmi://192.168.208.1  1, name=java.lang:type=Memory, attribute=HeapMemoryUsage
2026-09-23 10:08:57.659 [RMI TCP Connection(2)-192.168.208.1] DEBUG sun.rmi.transport.tcp [] - RMI TCP Connection(2)-192.168.208.1: (port 64300) op = 82
2026-09-23 10:08:57.659 [RMI TCP Connection(2)-192.168.208.1] DEBUG sun.rmi.transport.tcp [] - RMI TCP Connection(2)-192.168.208.1: (port 64300) op = 80
2026-09-23 10:08:57.659 [RMI TCP Connection(2)-192.168.208.1] DEBUG sun.rmi.loader [] - RMI TCP Connection(2)-192.168.208.1: name = "javax.management.ObjectName", codebase = ""
2026-09-23 10:08:57.660 [RMI TCP Connection(2)-192.168.208.1] DEBUG javax.management.remote.rmi [] - connectionId=rmi://192.168.208.1  1, name=java.lang:type=Memory, attribute=HeapMemoryUsage
2026-09-23 10:08:58.662 [RMI TCP Connection(2)-192.168.208.1] DEBUG sun.rmi.transport.tcp [] - RMI TCP Connection(2)-192.168.208.1: (port 64300) op = 82
2026-09-23 10:08:58.662 [RMI TCP Connection(2)-192.168.208.1] DEBUG sun.rmi.transport.tcp [] - RMI TCP Connection(2)-192.168.208.1: (port 64300) op = 80
2026-09-23 10:08:58.662 [RMI TCP Connection(2)-192.168.208.1] DEBUG sun.rmi.loader [] - RMI TCP Connection(2)-192.168.208.1: name = "javax.management.ObjectName", codebase = ""
2026-09-23 10:08:58.662 [RMI TCP Connection(2)-192.168.208.1] DEBUG javax.management.remote.rmi [] - connectionId=rmi://192.168.208.1  1, name=java.lang:type=OperatingSystem, attribute=ProcessCpuLoad
2026-09-23 10:08:58.705 [RMI TCP Connection(2)-192.168.208.1] DEBUG sun.rmi.transport.tcp [] - RMI TCP Connection(2)-192.168.208.1: (port 64300) op = 82
2026-09-23 10:08:58.705 [RMI TCP Connection(2)-192.168.208.1] DEBUG sun.rmi.transport.tcp [] - RMI TCP Connection(2)-192.168.208.1: (port 64300) op = 80
2026-09-23 10:08:58.705 [RMI TCP Connection(2)-192.168.208.1] DEBUG sun.rmi.loader [] - RMI TCP Connection(2)-192.168.208.1: name = "javax.management.ObjectName", codebase = ""
2026-09-23 10:08:58.705 [RMI TCP Connection(2)-192.168.208.1] DEBUG javax.management.remote.rmi [] - connectionId=rmi://192.168.208.1  1, name=java.lang:type=Memory, attribute=HeapMemoryUsage
2026-09-23 10:08:58.706 [RMI TCP Connection(2)-192.168.208.1] DEBUG sun.rmi.transport.tcp [] - RMI TCP Connection(2)-192.168.208.1: (port 64300) op = 80
2026-09-23 10:08:58.706 [RMI TCP Connection(2)-192.168.208.1] DEBUG sun.rmi.loader [] - RMI TCP Connection(2)-192.168.208.1: name = "javax.management.ObjectName", codebase = ""
2026-09-23 10:08:58.706 [RMI TCP Connection(2)-192.168.208.1] DEBUG javax.management.remote.rmi [] - connectionId=rmi://192.168.208.1  1, name=java.lang:type=Memory, attribute=HeapMemoryUsage
2026-09-23 10:08:59.707 [RMI TCP Connection(2)-192.168.208.1] DEBUG sun.rmi.transport.tcp [] - RMI TCP Connection(2)-192.168.208.1: (port 64300) op = 82
2026-09-23 10:08:59.707 [RMI TCP Connection(2)-192.168.208.1] DEBUG sun.rmi.transport.tcp [] - RMI TCP Connection(2)-192.168.208.1: (port 64300) op = 80
2026-09-23 10:08:59.707 [RMI TCP Connection(2)-192.168.208.1] DEBUG sun.rmi.loader [] - RMI TCP Connection(2)-192.168.208.1: name = "javax.management.ObjectName", codebase = ""
2026-09-23 10:08:59.707 [RMI TCP Connection(2)-192.168.208.1] DEBUG javax.management.remote.rmi [] - connectionId=rmi://192.168.208.1  1, name=java.lang:type=OperatingSystem, attribute=ProcessCpuLoad
2026-09-23 10:08:59.735 [RMI TCP Connection(2)-192.168.208.1] DEBUG sun.rmi.transport.tcp [] - RMI TCP Connection(2)-192.168.208.1: (port 64300) op = 82
2026-09-23 10:08:59.735 [RMI TCP Connection(2)-192.168.208.1] DEBUG sun.rmi.transport.tcp [] - RMI TCP Connection(2)-192.168.208.1: (port 64300) op = 80
2026-09-23 10:08:59.735 [RMI TCP Connection(2)-192.168.208.1] DEBUG sun.rmi.loader [] - RMI TCP Connection(2)-192.168.208.1: name = "javax.management.ObjectName", codebase = ""
2026-09-23 10:08:59.735 [RMI TCP Connection(2)-192.168.208.1] DEBUG javax.management.remote.rmi [] - connectionId=rmi://192.168.208.1  1, name=java.lang:type=Memory, attribute=HeapMemoryUsage
2026-09-23 10:08:59.735 [RMI TCP Connection(2)-192.168.208.1] DEBUG sun.rmi.transport.tcp [] - RMI TCP Connection(2)-192.168.208.1: (port 64300) op = 80
2026-09-23 10:08:59.735 [RMI TCP Connection(2)-192.168.208.1] DEBUG sun.rmi.loader [] - RMI TCP Connection(2)-192.168.208.1: name = "javax.management.ObjectName", codebase = ""
2026-09-23 10:08:59.735 [RMI TCP Connection(2)-192.168.208.1] DEBUG javax.management.remote.rmi [] - connectionId=rmi://192.168.208.1  1, name=java.lang:type=Memory, attribute=HeapMemoryUsage
2026-09-23 10:09:00.737 [RMI TCP Connection(2)-192.168.208.1] DEBUG sun.rmi.transport.tcp [] - RMI TCP Connection(2)-192.168.208.1: (port 64300) op = 82
2026-09-23 10:09:00.737 [RMI TCP Connection(2)-192.168.208.1] DEBUG sun.rmi.transport.tcp [] - RMI TCP Connection(2)-192.168.208.1: (port 64300) op = 80
2026-09-23 10:09:00.737 [RMI TCP Connection(2)-192.168.208.1] DEBUG sun.rmi.loader [] - RMI TCP Connection(2)-192.168.208.1: name = "javax.management.ObjectName", codebase = ""
2026-09-23 10:09:00.737 [RMI TCP Connection(2)-192.168.208.1] DEBUG javax.management.remote.rmi [] - connectionId=rmi://192.168.208.1  1, name=java.lang:type=OperatingSystem, attribute=ProcessCpuLoad
2026-09-23 10:09:00.759 [RMI TCP Connection(2)-192.168.208.1] DEBUG sun.rmi.transport.tcp [] - RMI TCP Connection(2)-192.168.208.1: (port 64300) op = 82
2026-09-23 10:09:00.759 [RMI TCP Connection(2)-192.168.208.1] DEBUG sun.rmi.transport.tcp [] - RMI TCP Connection(2)-192.168.208.1: (port 64300) op = 80
2026-09-23 10:09:00.759 [RMI TCP Connection(2)-192.168.208.1] DEBUG sun.rmi.loader [] - RMI TCP Connection(2)-192.168.208.1: name = "javax.management.ObjectName", codebase = ""
2026-09-23 10:09:00.759 [RMI TCP Connection(2)-192.168.208.1] DEBUG javax.management.remote.rmi [] - connectionId=rmi://192.168.208.1  1, name=java.lang:type=Memory, attribute=HeapMemoryUsage
2026-09-23 10:09:00.759 [RMI TCP Connection(2)-192.168.208.1] DEBUG sun.rmi.transport.tcp [] - RMI TCP Connection(2)-192.168.208.1: (port 64300) op = 82
2026-09-23 10:09:00.760 [RMI TCP Connection(2)-192.168.208.1] DEBUG sun.rmi.transport.tcp [] - RMI TCP Connection(2)-192.168.208.1: (port 64300) op = 80
2026-09-23 10:09:00.760 [RMI TCP Connection(2)-192.168.208.1] DEBUG sun.rmi.loader [] - RMI TCP Connection(2)-192.168.208.1: name = "javax.management.ObjectName", codebase = ""
2026-09-23 10:09:00.760 [RMI TCP Connection(2)-192.168.208.1] DEBUG javax.management.remote.rmi [] - connectionId=rmi://192.168.208.1  1, name=java.lang:type=Memory, attribute=HeapMemoryUsage
2026-09-23 10:09:01.762 [RMI TCP Connection(2)-192.168.208.1] DEBUG sun.rmi.transport.tcp [] - RMI TCP Connection(2)-192.168.208.1: (port 64300) op = 82
2026-09-23 10:09:01.762 [RMI TCP Connection(2)-192.168.208.1] DEBUG sun.rmi.transport.tcp [] - RMI TCP Connection(2)-192.168.208.1: (port 64300) op = 80
2026-09-23 10:09:01.762 [RMI TCP Connection(2)-192.168.208.1] DEBUG sun.rmi.loader [] - RMI TCP Connection(2)-192.168.208.1: name = "javax.management.ObjectName", codebase = ""
2026-09-23 10:09:01.762 [RMI TCP Connection(2)-192.168.208.1] DEBUG javax.management.remote.rmi [] - connectionId=rmi://192.168.208.1  1, name=java.lang:type=OperatingSystem, attribute=ProcessCpuLoad
2026-09-23 10:09:01.780 [RMI TCP Connection(2)-192.168.208.1] DEBUG sun.rmi.transport.tcp [] - RMI TCP Connection(2)-192.168.208.1: (port 64300) op = 82
2026-09-23 10:09:01.780 [RMI TCP Connection(2)-192.168.208.1] DEBUG sun.rmi.transport.tcp [] - RMI TCP Connection(2)-192.168.208.1: (port 64300) op = 80
2026-09-23 10:09:01.780 [RMI TCP Connection(2)-192.168.208.1] DEBUG sun.rmi.loader [] - RMI TCP Connection(2)-192.168.208.1: name = "javax.management.ObjectName", codebase = ""
2026-09-23 10:09:01.780 [RMI TCP Connection(2)-192.168.208.1] DEBUG javax.management.remote.rmi [] - connectionId=rmi://192.168.208.1  1, name=java.lang:type=Memory, attribute=HeapMemoryUsage
2026-09-23 10:09:01.781 [RMI TCP Connection(2)-192.168.208.1] DEBUG sun.rmi.transport.tcp [] - RMI TCP Connection(2)-192.168.208.1: (port 64300) op = 82
2026-09-23 10:09:01.781 [RMI TCP Connection(2)-192.168.208.1] DEBUG sun.rmi.transport.tcp [] - RMI TCP Connection(2)-192.168.208.1: (port 64300) op = 80
2026-09-23 10:09:01.781 [RMI TCP Connection(2)-192.168.208.1] DEBUG sun.rmi.loader [] - RMI TCP Connection(2)-192.168.208.1: name = "javax.management.ObjectName", codebase = ""
2026-09-23 10:09:01.781 [RMI TCP Connection(2)-192.168.208.1] DEBUG javax.management.remote.rmi [] - connectionId=rmi://192.168.208.1  1, name=java.lang:type=Memory, attribute=HeapMemoryUsage
2026-09-23 10:09:02.618 [RMI TCP Connection(2)-192.168.208.1] DEBUG sun.rmi.transport.tcp [] - RMI TCP Connection(2)-192.168.208.1: (port 64300) op = 82
2026-09-23 10:09:02.618 [RMI TCP Connection(2)-192.168.208.1] DEBUG sun.rmi.transport.tcp [] - RMI TCP Connection(2)-192.168.208.1: (port 64300) op = 80
2026-09-23 10:09:02.618 [RMI TCP Connection(2)-192.168.208.1] DEBUG sun.rmi.loader [] - RMI TCP Connection(2)-192.168.208.1: name = "[Ljava.rmi.server.ObjID;", codebase = "", defaultLoader = jdk.internal.loader.ClassLoaders$PlatformClassLoader@5702d950
2026-09-23 10:09:02.618 [RMI TCP Connection(2)-192.168.208.1] DEBUG sun.rmi.loader [] - RMI TCP Connection(2)-192.168.208.1: name = "java.rmi.server.ObjID", codebase = "", defaultLoader = jdk.internal.loader.ClassLoaders$PlatformClassLoader@5702d950
2026-09-23 10:09:02.618 [RMI TCP Connection(2)-192.168.208.1] DEBUG sun.rmi.loader [] - RMI TCP Connection(2)-192.168.208.1: name = "java.rmi.server.UID", codebase = "", defaultLoader = jdk.internal.loader.ClassLoaders$PlatformClassLoader@5702d950
2026-09-23 10:09:02.618 [RMI TCP Connection(2)-192.168.208.1] DEBUG sun.rmi.loader [] - RMI TCP Connection(2)-192.168.208.1: name = "java.rmi.dgc.VMID", codebase = "", defaultLoader = jdk.internal.loader.ClassLoaders$PlatformClassLoader@5702d950
2026-09-23 10:09:02.618 [RMI TCP Connection(2)-192.168.208.1] DEBUG sun.rmi.loader [] - RMI TCP Connection(2)-192.168.208.1: name = "[B", codebase = "", defaultLoader = jdk.internal.loader.ClassLoaders$PlatformClassLoader@5702d950
2026-09-23 10:09:02.782 [RMI TCP Connection(2)-192.168.208.1] DEBUG sun.rmi.transport.tcp [] - RMI TCP Connection(2)-192.168.208.1: (port 64300) op = 82
2026-09-23 10:09:02.782 [RMI TCP Connection(2)-192.168.208.1] DEBUG sun.rmi.transport.tcp [] - RMI TCP Connection(2)-192.168.208.1: (port 64300) op = 80
2026-09-23 10:09:02.782 [RMI TCP Connection(2)-192.168.208.1] DEBUG sun.rmi.loader [] - RMI TCP Connection(2)-192.168.208.1: name = "javax.management.ObjectName", codebase = ""
2026-09-23 10:09:02.782 [RMI TCP Connection(2)-192.168.208.1] DEBUG javax.management.remote.rmi [] - connectionId=rmi://192.168.208.1  1, name=java.lang:type=OperatingSystem, attribute=ProcessCpuLoad
2026-09-23 10:09:02.803 [RMI TCP Connection(2)-192.168.208.1] DEBUG sun.rmi.transport.tcp [] - RMI TCP Connection(2)-192.168.208.1: (port 64300) op = 82
2026-09-23 10:09:02.803 [RMI TCP Connection(2)-192.168.208.1] DEBUG sun.rmi.transport.tcp [] - RMI TCP Connection(2)-192.168.208.1: (port 64300) op = 80
2026-09-23 10:09:02.803 [RMI TCP Connection(2)-192.168.208.1] DEBUG sun.rmi.loader [] - RMI TCP Connection(2)-192.168.208.1: name = "javax.management.ObjectName", codebase = ""
2026-09-23 10:09:02.803 [RMI TCP Connection(2)-192.168.208.1] DEBUG javax.management.remote.rmi [] - connectionId=rmi://192.168.208.1  1, name=java.lang:type=Memory, attribute=HeapMemoryUsage
2026-09-23 10:09:02.804 [RMI TCP Connection(2)-192.168.208.1] DEBUG sun.rmi.transport.tcp [] - RMI TCP Connection(2)-192.168.208.1: (port 64300) op = 82
2026-09-23 10:09:02.804 [RMI TCP Connection(2)-192.168.208.1] DEBUG sun.rmi.transport.tcp [] - RMI TCP Connection(2)-192.168.208.1: (port 64300) op = 80
2026-09-23 10:09:02.804 [RMI TCP Connection(2)-192.168.208.1] DEBUG sun.rmi.loader [] - RMI TCP Connection(2)-192.168.208.1: name = "javax.management.ObjectName", codebase = ""
2026-09-23 10:09:02.804 [RMI TCP Connection(2)-192.168.208.1] DEBUG javax.management.remote.rmi [] - connectionId=rmi://192.168.208.1  1, name=java.lang:type=Memory, attribute=HeapMemoryUsage
2026-09-23 10:09:03.806 [RMI TCP Connection(2)-192.168.208.1] DEBUG sun.rmi.transport.tcp [] - RMI TCP Connection(2)-192.168.208.1: (port 64300) op = 82
2026-09-23 10:09:03.806 [RMI TCP Connection(2)-192.168.208.1] DEBUG sun.rmi.transport.tcp [] - RMI TCP Connection(2)-192.168.208.1: (port 64300) op = 80
2026-09-23 10:09:03.806 [RMI TCP Connection(2)-192.168.208.1] DEBUG sun.rmi.loader [] - RMI TCP Connection(2)-192.168.208.1: name = "javax.management.ObjectName", codebase = ""
2026-09-23 10:09:03.806 [RMI TCP Connection(2)-192.168.208.1] DEBUG javax.management.remote.rmi [] - connectionId=rmi://192.168.208.1  1, name=java.lang:type=OperatingSystem, attribute=ProcessCpuLoad
2026-09-23 10:09:03.828 [RMI TCP Connection(2)-192.168.208.1] DEBUG sun.rmi.transport.tcp [] - RMI TCP Connection(2)-192.168.208.1: (port 64300) op = 82
2026-09-23 10:09:03.828 [RMI TCP Connection(2)-192.168.208.1] DEBUG sun.rmi.transport.tcp [] - RMI TCP Connection(2)-192.168.208.1: (port 64300) op = 80
2026-09-23 10:09:03.828 [RMI TCP Connection(2)-192.168.208.1] DEBUG sun.rmi.loader [] - RMI TCP Connection(2)-192.168.208.1: name = "javax.management.ObjectName", codebase = ""
2026-09-23 10:09:03.828 [RMI TCP Connection(2)-192.168.208.1] DEBUG javax.management.remote.rmi [] - connectionId=rmi://192.168.208.1  1, name=java.lang:type=Memory, attribute=HeapMemoryUsage
2026-09-23 10:09:03.828 [RMI TCP Connection(2)-192.168.208.1] DEBUG sun.rmi.transport.tcp [] - RMI TCP Connection(2)-192.168.208.1: (port 64300) op = 82
2026-09-23 10:09:03.829 [RMI TCP Connection(2)-192.168.208.1] DEBUG sun.rmi.transport.tcp [] - RMI TCP Connection(2)-192.168.208.1: (port 64300) op = 80
2026-09-23 10:09:03.829 [RMI TCP Connection(2)-192.168.208.1] DEBUG sun.rmi.loader [] - RMI TCP Connection(2)-192.168.208.1: name = "javax.management.ObjectName", codebase = ""
2026-09-23 10:09:03.829 [RMI TCP Connection(2)-192.168.208.1] DEBUG javax.management.remote.rmi [] - connectionId=rmi://192.168.208.1  1, name=java.lang:type=Memory, attribute=HeapMemoryUsage
2026-09-23 10:09:04.831 [RMI TCP Connection(2)-192.168.208.1] DEBUG sun.rmi.transport.tcp [] - RMI TCP Connection(2)-192.168.208.1: (port 64300) op = 82
2026-09-23 10:09:04.831 [RMI TCP Connection(2)-192.168.208.1] DEBUG sun.rmi.transport.tcp [] - RMI TCP Connection(2)-192.168.208.1: (port 64300) op = 80
2026-09-23 10:09:04.831 [RMI TCP Connection(2)-192.168.208.1] DEBUG sun.rmi.loader [] - RMI TCP Connection(2)-192.168.208.1: name = "javax.management.ObjectName", codebase = ""
2026-09-23 10:09:04.831 [RMI TCP Connection(2)-192.168.208.1] DEBUG javax.management.remote.rmi [] - connectionId=rmi://192.168.208.1  1, name=java.lang:type=OperatingSystem, attribute=ProcessCpuLoad
2026-09-23 10:09:04.848 [RMI TCP Connection(2)-192.168.208.1] DEBUG sun.rmi.transport.tcp [] - RMI TCP Connection(2)-192.168.208.1: (port 64300) op = 82
2026-09-23 10:09:04.848 [RMI TCP Connection(2)-192.168.208.1] DEBUG sun.rmi.transport.tcp [] - RMI TCP Connection(2)-192.168.208.1: (port 64300) op = 80
2026-09-23 10:09:04.848 [RMI TCP Connection(2)-192.168.208.1] DEBUG sun.rmi.loader [] - RMI TCP Connection(2)-192.168.208.1: name = "javax.management.ObjectName", codebase = ""
2026-09-23 10:09:04.848 [RMI TCP Connection(2)-192.168.208.1] DEBUG javax.management.remote.rmi [] - connectionId=rmi://192.168.208.1  1, name=java.lang:type=Memory, attribute=HeapMemoryUsage
2026-09-23 10:09:04.848 [RMI TCP Connection(2)-192.168.208.1] DEBUG sun.rmi.transport.tcp [] - RMI TCP Connection(2)-192.168.208.1: (port 64300) op = 82
2026-09-23 10:09:04.848 [RMI TCP Connection(2)-192.168.208.1] DEBUG sun.rmi.transport.tcp [] - RMI TCP Connection(2)-192.168.208.1: (port 64300) op = 80
2026-09-23 10:09:04.848 [RMI TCP Connection(2)-192.168.208.1] DEBUG sun.rmi.loader [] - RMI TCP Connection(2)-192.168.208.1: name = "javax.management.ObjectName", codebase = ""
2026-09-23 10:09:04.848 [RMI TCP Connection(2)-192.168.208.1] DEBUG javax.management.remote.rmi [] - connectionId=rmi://192.168.208.1  1, name=java.lang:type=Memory, attribute=HeapMemoryUsage
2026-09-23 10:09:05.852 [RMI TCP Connection(2)-192.168.208.1] DEBUG sun.rmi.transport.tcp [] - RMI TCP Connection(2)-192.168.208.1: (port 64300) op = 82
2026-09-23 10:09:05.852 [RMI TCP Connection(2)-192.168.208.1] DEBUG sun.rmi.transport.tcp [] - RMI TCP Connection(2)-192.168.208.1: (port 64300) op = 80
2026-09-23 10:09:05.852 [RMI TCP Connection(2)-192.168.208.1] DEBUG sun.rmi.loader [] - RMI TCP Connection(2)-192.168.208.1: name = "javax.management.ObjectName", codebase = ""
2026-09-23 10:09:05.852 [RMI TCP Connection(2)-192.168.208.1] DEBUG javax.management.remote.rmi [] - connectionId=rmi://192.168.208.1  1, name=java.lang:type=OperatingSystem, attribute=ProcessCpuLoad
2026-09-23 10:09:05.870 [RMI TCP Connection(2)-192.168.208.1] DEBUG sun.rmi.transport.tcp [] - RMI TCP Connection(2)-192.168.208.1: (port 64300) op = 82
2026-09-23 10:09:05.870 [RMI TCP Connection(2)-192.168.208.1] DEBUG sun.rmi.transport.tcp [] - RMI TCP Connection(2)-192.168.208.1: (port 64300) op = 80
2026-09-23 10:09:05.870 [RMI TCP Connection(2)-192.168.208.1] DEBUG sun.rmi.loader [] - RMI TCP Connection(2)-192.168.208.1: name = "javax.management.ObjectName", codebase = ""
2026-09-23 10:09:05.871 [RMI TCP Connection(2)-192.168.208.1] DEBUG javax.management.remote.rmi [] - connectionId=rmi://192.168.208.1  1, name=java.lang:type=Memory, attribute=HeapMemoryUsage
2026-09-23 10:09:05.871 [RMI TCP Connection(2)-192.168.208.1] DEBUG sun.rmi.transport.tcp [] - RMI TCP Connection(2)-192.168.208.1: (port 64300) op = 82
2026-09-23 10:09:05.871 [RMI TCP Connection(2)-192.168.208.1] DEBUG sun.rmi.transport.tcp [] - RMI TCP Connection(2)-192.168.208.1: (port 64300) op = 80
2026-09-23 10:09:05.872 [RMI TCP Connection(2)-192.168.208.1] DEBUG sun.rmi.loader [] - RMI TCP Connection(2)-192.168.208.1: name = "javax.management.ObjectName", codebase = ""
2026-09-23 10:09:05.872 [RMI TCP Connection(2)-192.168.208.1] DEBUG javax.management.remote.rmi [] - connectionId=rmi://192.168.208.1  1, name=java.lang:type=Memory, attribute=HeapMemoryUsage
2026-09-23 10:09:06.873 [RMI TCP Connection(2)-192.168.208.1] DEBUG sun.rmi.transport.tcp [] - RMI TCP Connection(2)-192.168.208.1: (port 64300) op = 82
2026-09-23 10:09:06.873 [RMI TCP Connection(2)-192.168.208.1] DEBUG sun.rmi.transport.tcp [] - RMI TCP Connection(2)-192.168.208.1: (port 64300) op = 80
2026-09-23 10:09:06.873 [RMI TCP Connection(2)-192.168.208.1] DEBUG sun.rmi.loader [] - RMI TCP Connection(2)-192.168.208.1: name = "javax.management.ObjectName", codebase = ""
2026-09-23 10:09:06.873 [RMI TCP Connection(2)-192.168.208.1] DEBUG javax.management.remote.rmi [] - connectionId=rmi://192.168.208.1  1, name=java.lang:type=OperatingSystem, attribute=ProcessCpuLoad
2026-09-23 10:09:06.893 [RMI TCP Connection(2)-192.168.208.1] DEBUG sun.rmi.transport.tcp [] - RMI TCP Connection(2)-192.168.208.1: (port 64300) op = 82
2026-09-23 10:09:06.895 [RMI TCP Connection(2)-192.168.208.1] DEBUG sun.rmi.transport.tcp [] - RMI TCP Connection(2)-192.168.208.1: (port 64300) op = 80
2026-09-23 10:09:06.895 [RMI TCP Connection(2)-192.168.208.1] DEBUG sun.rmi.loader [] - RMI TCP Connection(2)-192.168.208.1: name = "javax.management.ObjectName", codebase = ""
2026-09-23 10:09:06.895 [RMI TCP Connection(2)-192.168.208.1] DEBUG javax.management.remote.rmi [] - connectionId=rmi://192.168.208.1  1, name=java.lang:type=Memory, attribute=HeapMemoryUsage
2026-09-23 10:09:06.895 [RMI TCP Connection(2)-192.168.208.1] DEBUG sun.rmi.transport.tcp [] - RMI TCP Connection(2)-192.168.208.1: (port 64300) op = 80
2026-09-23 10:09:06.895 [RMI TCP Connection(2)-192.168.208.1] DEBUG sun.rmi.loader [] - RMI TCP Connection(2)-192.168.208.1: name = "javax.management.ObjectName", codebase = ""
2026-09-23 10:09:06.895 [RMI TCP Connection(2)-192.168.208.1] DEBUG javax.management.remote.rmi [] - connectionId=rmi://192.168.208.1  1, name=java.lang:type=Memory, attribute=HeapMemoryUsage
2026-09-23 10:09:07.898 [RMI TCP Connection(2)-192.168.208.1] DEBUG sun.rmi.transport.tcp [] - RMI TCP Connection(2)-192.168.208.1: (port 64300) op = 82
2026-09-23 10:09:07.898 [RMI TCP Connection(2)-192.168.208.1] DEBUG sun.rmi.transport.tcp [] - RMI TCP Connection(2)-192.168.208.1: (port 64300) op = 80
2026-09-23 10:09:07.898 [RMI TCP Connection(2)-192.168.208.1] DEBUG sun.rmi.loader [] - RMI TCP Connection(2)-192.168.208.1: name = "javax.management.ObjectName", codebase = ""
2026-09-23 10:09:07.898 [RMI TCP Connection(2)-192.168.208.1] DEBUG javax.management.remote.rmi [] - connectionId=rmi://192.168.208.1  1, name=java.lang:type=OperatingSystem, attribute=ProcessCpuLoad
2026-09-23 10:09:07.916 [RMI TCP Connection(2)-192.168.208.1] DEBUG sun.rmi.transport.tcp [] - RMI TCP Connection(2)-192.168.208.1: (port 64300) op = 82
2026-09-23 10:09:07.916 [RMI TCP Connection(2)-192.168.208.1] DEBUG sun.rmi.transport.tcp [] - RMI TCP Connection(2)-192.168.208.1: (port 64300) op = 80
2026-09-23 10:09:07.916 [RMI TCP Connection(2)-192.168.208.1] DEBUG sun.rmi.loader [] - RMI TCP Connection(2)-192.168.208.1: name = "javax.management.ObjectName", codebase = ""
2026-09-23 10:09:07.916 [RMI TCP Connection(2)-192.168.208.1] DEBUG javax.management.remote.rmi [] - connectionId=rmi://192.168.208.1  1, name=java.lang:type=Memory, attribute=HeapMemoryUsage
2026-09-23 10:09:07.916 [RMI TCP Connection(2)-192.168.208.1] DEBUG sun.rmi.transport.tcp [] - RMI TCP Connection(2)-192.168.208.1: (port 64300) op = 80
2026-09-23 10:09:07.916 [RMI TCP Connection(2)-192.168.208.1] DEBUG sun.rmi.loader [] - RMI TCP Connection(2)-192.168.208.1: name = "javax.management.ObjectName", codebase = ""
2026-09-23 10:09:07.916 [RMI TCP Connection(2)-192.168.208.1] DEBUG javax.management.remote.rmi [] - connectionId=rmi://192.168.208.1  1, name=java.lang:type=Memory, attribute=HeapMemoryUsage
2026-09-23 10:09:08.918 [RMI TCP Connection(2)-192.168.208.1] DEBUG sun.rmi.transport.tcp [] - RMI TCP Connection(2)-192.168.208.1: (port 64300) op = 82
2026-09-23 10:09:08.918 [RMI TCP Connection(2)-192.168.208.1] DEBUG sun.rmi.transport.tcp [] - RMI TCP Connection(2)-192.168.208.1: (port 64300) op = 80
2026-09-23 10:09:08.918 [RMI TCP Connection(2)-192.168.208.1] DEBUG sun.rmi.loader [] - RMI TCP Connection(2)-192.168.208.1: name = "javax.management.ObjectName", codebase = ""
2026-09-23 10:09:08.918 [RMI TCP Connection(2)-192.168.208.1] DEBUG javax.management.remote.rmi [] - connectionId=rmi://192.168.208.1  1, name=java.lang:type=OperatingSystem, attribute=ProcessCpuLoad
2026-09-23 10:09:08.941 [RMI TCP Connection(2)-192.168.208.1] DEBUG sun.rmi.transport.tcp [] - RMI TCP Connection(2)-192.168.208.1: (port 64300) op = 82
2026-09-23 10:09:08.942 [RMI TCP Connection(2)-192.168.208.1] DEBUG sun.rmi.transport.tcp [] - RMI TCP Connection(2)-192.168.208.1: (port 64300) op = 80
2026-09-23 10:09:08.942 [RMI TCP Connection(2)-192.168.208.1] DEBUG sun.rmi.loader [] - RMI TCP Connection(2)-192.168.208.1: name = "javax.management.ObjectName", codebase = ""
2026-09-23 10:09:08.942 [RMI TCP Connection(2)-192.168.208.1] DEBUG javax.management.remote.rmi [] - connectionId=rmi://192.168.208.1  1, name=java.lang:type=Memory, attribute=HeapMemoryUsage
2026-09-23 10:09:08.942 [RMI TCP Connection(2)-192.168.208.1] DEBUG sun.rmi.transport.tcp [] - RMI TCP Connection(2)-192.168.208.1: (port 64300) op = 82
2026-09-23 10:09:08.942 [RMI TCP Connection(2)-192.168.208.1] DEBUG sun.rmi.transport.tcp [] - RMI TCP Connection(2)-192.168.208.1: (port 64300) op = 80
2026-09-23 10:09:08.942 [RMI TCP Connection(2)-192.168.208.1] DEBUG sun.rmi.loader [] - RMI TCP Connection(2)-192.168.208.1: name = "javax.management.ObjectName", codebase = ""
2026-09-23 10:09:08.942 [RMI TCP Connection(2)-192.168.208.1] DEBUG javax.management.remote.rmi [] - connectionId=rmi://192.168.208.1  1, name=java.lang:type=Memory, attribute=HeapMemoryUsage
2026-09-23 10:09:09.944 [RMI TCP Connection(2)-192.168.208.1] DEBUG sun.rmi.transport.tcp [] - RMI TCP Connection(2)-192.168.208.1: (port 64300) op = 82
2026-09-23 10:09:09.944 [RMI TCP Connection(2)-192.168.208.1] DEBUG sun.rmi.transport.tcp [] - RMI TCP Connection(2)-192.168.208.1: (port 64300) op = 80
2026-09-23 10:09:09.944 [RMI TCP Connection(2)-192.168.208.1] DEBUG sun.rmi.loader [] - RMI TCP Connection(2)-192.168.208.1: name = "javax.management.ObjectName", codebase = ""
2026-09-23 10:09:09.944 [RMI TCP Connection(2)-192.168.208.1] DEBUG javax.management.remote.rmi [] - connectionId=rmi://192.168.208.1  1, name=java.lang:type=OperatingSystem, attribute=ProcessCpuLoad
2026-09-23 10:09:09.963 [RMI TCP Connection(2)-192.168.208.1] DEBUG sun.rmi.transport.tcp [] - RMI TCP Connection(2)-192.168.208.1: (port 64300) op = 82
2026-09-23 10:09:09.963 [RMI TCP Connection(2)-192.168.208.1] DEBUG sun.rmi.transport.tcp [] - RMI TCP Connection(2)-192.168.208.1: (port 64300) op = 80
2026-09-23 10:09:09.963 [RMI TCP Connection(2)-192.168.208.1] DEBUG sun.rmi.loader [] - RMI TCP Connection(2)-192.168.208.1: name = "javax.management.ObjectName", codebase = ""
2026-09-23 10:09:09.963 [RMI TCP Connection(2)-192.168.208.1] DEBUG javax.management.remote.rmi [] - connectionId=rmi://192.168.208.1  1, name=java.lang:type=Memory, attribute=HeapMemoryUsage
2026-09-23 10:09:09.964 [RMI TCP Connection(2)-192.168.208.1] DEBUG sun.rmi.transport.tcp [] - RMI TCP Connection(2)-192.168.208.1: (port 64300) op = 82
2026-09-23 10:09:09.964 [RMI TCP Connection(2)-192.168.208.1] DEBUG sun.rmi.transport.tcp [] - RMI TCP Connection(2)-192.168.208.1: (port 64300) op = 80
2026-09-23 10:09:09.964 [RMI TCP Connection(2)-192.168.208.1] DEBUG sun.rmi.loader [] - RMI TCP Connection(2)-192.168.208.1: name = "javax.management.ObjectName", codebase = ""
2026-09-23 10:09:09.964 [RMI TCP Connection(2)-192.168.208.1] DEBUG javax.management.remote.rmi [] - connectionId=rmi://192.168.208.1  1, name=java.lang:type=Memory, attribute=HeapMemoryUsage
2026-09-23 10:09:10.966 [RMI TCP Connection(2)-192.168.208.1] DEBUG sun.rmi.transport.tcp [] - RMI TCP Connection(2)-192.168.208.1: (port 64300) op = 82
2026-09-23 10:09:10.966 [RMI TCP Connection(2)-192.168.208.1] DEBUG sun.rmi.transport.tcp [] - RMI TCP Connection(2)-192.168.208.1: (port 64300) op = 80
2026-09-23 10:09:10.966 [RMI TCP Connection(2)-192.168.208.1] DEBUG sun.rmi.loader [] - RMI TCP Connection(2)-192.168.208.1: name = "javax.management.ObjectName", codebase = ""
2026-09-23 10:09:10.966 [RMI TCP Connection(2)-192.168.208.1] DEBUG javax.management.remote.rmi [] - connectionId=rmi://192.168.208.1  1, name=java.lang:type=OperatingSystem, attribute=ProcessCpuLoad
2026-09-23 10:09:10.987 [RMI TCP Connection(2)-192.168.208.1] DEBUG sun.rmi.transport.tcp [] - RMI TCP Connection(2)-192.168.208.1: (port 64300) op = 82
2026-09-23 10:09:10.988 [RMI TCP Connection(2)-192.168.208.1] DEBUG sun.rmi.transport.tcp [] - RMI TCP Connection(2)-192.168.208.1: (port 64300) op = 80
2026-09-23 10:09:10.988 [RMI TCP Connection(2)-192.168.208.1] DEBUG sun.rmi.loader [] - RMI TCP Connection(2)-192.168.208.1: name = "javax.management.ObjectName", codebase = ""
2026-09-23 10:09:10.988 [RMI TCP Connection(2)-192.168.208.1] DEBUG javax.management.remote.rmi [] - connectionId=rmi://192.168.208.1  1, name=java.lang:type=Memory, attribute=HeapMemoryUsage
2026-09-23 10:09:10.988 [RMI TCP Connection(2)-192.168.208.1] DEBUG sun.rmi.transport.tcp [] - RMI TCP Connection(2)-192.168.208.1: (port 64300) op = 80
2026-09-23 10:09:10.988 [RMI TCP Connection(2)-192.168.208.1] DEBUG sun.rmi.loader [] - RMI TCP Connection(2)-192.168.208.1: name = "javax.management.ObjectName", codebase = ""
2026-09-23 10:09:10.988 [RMI TCP Connection(2)-192.168.208.1] DEBUG javax.management.remote.rmi [] - connectionId=rmi://192.168.208.1  1, name=java.lang:type=Memory, attribute=HeapMemoryUsage
2026-09-23 10:09:11.989 [RMI TCP Connection(2)-192.168.208.1] DEBUG sun.rmi.transport.tcp [] - RMI TCP Connection(2)-192.168.208.1: (port 64300) op = 82
2026-09-23 10:09:11.989 [RMI TCP Connection(2)-192.168.208.1] DEBUG sun.rmi.transport.tcp [] - RMI TCP Connection(2)-192.168.208.1: (port 64300) op = 80
2026-09-23 10:09:11.989 [RMI TCP Connection(2)-192.168.208.1] DEBUG sun.rmi.loader [] - RMI TCP Connection(2)-192.168.208.1: name = "javax.management.ObjectName", codebase = ""
2026-09-23 10:09:11.989 [RMI TCP Connection(2)-192.168.208.1] DEBUG javax.management.remote.rmi [] - connectionId=rmi://192.168.208.1  1, name=java.lang:type=OperatingSystem, attribute=ProcessCpuLoad
2026-09-23 10:09:12.008 [RMI TCP Connection(2)-192.168.208.1] DEBUG sun.rmi.transport.tcp [] - RMI TCP Connection(2)-192.168.208.1: (port 64300) op = 82
2026-09-23 10:09:12.008 [RMI TCP Connection(2)-192.168.208.1] DEBUG sun.rmi.transport.tcp [] - RMI TCP Connection(2)-192.168.208.1: (port 64300) op = 80
2026-09-23 10:09:12.008 [RMI TCP Connection(2)-192.168.208.1] DEBUG sun.rmi.loader [] - RMI TCP Connection(2)-192.168.208.1: name = "javax.management.ObjectName", codebase = ""
2026-09-23 10:09:12.008 [RMI TCP Connection(2)-192.168.208.1] DEBUG javax.management.remote.rmi [] - connectionId=rmi://192.168.208.1  1, name=java.lang:type=Memory, attribute=HeapMemoryUsage
2026-09-23 10:09:12.008 [RMI TCP Connection(2)-192.168.208.1] DEBUG sun.rmi.transport.tcp [] - RMI TCP Connection(2)-192.168.208.1: (port 64300) op = 82
2026-09-23 10:09:12.008 [RMI TCP Connection(2)-192.168.208.1] DEBUG sun.rmi.transport.tcp [] - RMI TCP Connection(2)-192.168.208.1: (port 64300) op = 80
2026-09-23 10:09:12.008 [RMI TCP Connection(2)-192.168.208.1] DEBUG sun.rmi.loader [] - RMI TCP Connection(2)-192.168.208.1: name = "javax.management.ObjectName", codebase = ""
2026-09-23 10:09:12.008 [RMI TCP Connection(2)-192.168.208.1] DEBUG javax.management.remote.rmi [] - connectionId=rmi://192.168.208.1  1, name=java.lang:type=Memory, attribute=HeapMemoryUsage
2026-09-23 10:09:13.011 [RMI TCP Connection(2)-192.168.208.1] DEBUG sun.rmi.transport.tcp [] - RMI TCP Connection(2)-192.168.208.1: (port 64300) op = 82
2026-09-23 10:09:13.011 [RMI TCP Connection(2)-192.168.208.1] DEBUG sun.rmi.transport.tcp [] - RMI TCP Connection(2)-192.168.208.1: (port 64300) op = 80
2026-09-23 10:09:13.012 [RMI TCP Connection(2)-192.168.208.1] DEBUG sun.rmi.loader [] - RMI TCP Connection(2)-192.168.208.1: name = "javax.management.ObjectName", codebase = ""
2026-09-23 10:09:13.012 [RMI TCP Connection(2)-192.168.208.1] DEBUG javax.management.remote.rmi [] - connectionId=rmi://192.168.208.1  1, name=java.lang:type=OperatingSystem, attribute=ProcessCpuLoad
2026-09-23 10:09:13.030 [RMI TCP Connection(2)-192.168.208.1] DEBUG sun.rmi.transport.tcp [] - RMI TCP Connection(2)-192.168.208.1: (port 64300) op = 82
2026-09-23 10:09:13.030 [RMI TCP Connection(2)-192.168.208.1] DEBUG sun.rmi.transport.tcp [] - RMI TCP Connection(2)-192.168.208.1: (port 64300) op = 80
2026-09-23 10:09:13.030 [RMI TCP Connection(2)-192.168.208.1] DEBUG sun.rmi.loader [] - RMI TCP Connection(2)-192.168.208.1: name = "javax.management.ObjectName", codebase = ""
2026-09-23 10:09:13.030 [RMI TCP Connection(2)-192.168.208.1] DEBUG javax.management.remote.rmi [] - connectionId=rmi://192.168.208.1  1, name=java.lang:type=Memory, attribute=HeapMemoryUsage
2026-09-23 10:09:13.032 [RMI TCP Connection(2)-192.168.208.1] DEBUG sun.rmi.transport.tcp [] - RMI TCP Connection(2)-192.168.208.1: (port 64300) op = 82
2026-09-23 10:09:13.032 [RMI TCP Connection(2)-192.168.208.1] DEBUG sun.rmi.transport.tcp [] - RMI TCP Connection(2)-192.168.208.1: (port 64300) op = 80
2026-09-23 10:09:13.032 [RMI TCP Connection(2)-192.168.208.1] DEBUG sun.rmi.loader [] - RMI TCP Connection(2)-192.168.208.1: name = "javax.management.ObjectName", codebase = ""
2026-09-23 10:09:13.032 [RMI TCP Connection(2)-192.168.208.1] DEBUG javax.management.remote.rmi [] - connectionId=rmi://192.168.208.1  1, name=java.lang:type=Memory, attribute=HeapMemoryUsage
2026-09-23 10:09:14.049 [RMI TCP Connection(2)-192.168.208.1] DEBUG sun.rmi.transport.tcp [] - RMI TCP Connection(2)-192.168.208.1: (port 64300) op = 82
2026-09-23 10:09:14.049 [RMI TCP Connection(2)-192.168.208.1] DEBUG sun.rmi.transport.tcp [] - RMI TCP Connection(2)-192.168.208.1: (port 64300) op = 80
2026-09-23 10:09:14.049 [RMI TCP Connection(2)-192.168.208.1] DEBUG sun.rmi.loader [] - RMI TCP Connection(2)-192.168.208.1: name = "javax.management.ObjectName", codebase = ""
2026-09-23 10:09:14.049 [RMI TCP Connection(2)-192.168.208.1] DEBUG javax.management.remote.rmi [] - connectionId=rmi://192.168.208.1  1, name=java.lang:type=OperatingSystem, attribute=ProcessCpuLoad
2026-09-23 10:09:14.069 [RMI TCP Connection(2)-192.168.208.1] DEBUG sun.rmi.transport.tcp [] - RMI TCP Connection(2)-192.168.208.1: (port 64300) op = 82
2026-09-23 10:09:14.069 [RMI TCP Connection(2)-192.168.208.1] DEBUG sun.rmi.transport.tcp [] - RMI TCP Connection(2)-192.168.208.1: (port 64300) op = 80
2026-09-23 10:09:14.069 [RMI TCP Connection(2)-192.168.208.1] DEBUG sun.rmi.loader [] - RMI TCP Connection(2)-192.168.208.1: name = "javax.management.ObjectName", codebase = ""
2026-09-23 10:09:14.069 [RMI TCP Connection(2)-192.168.208.1] DEBUG javax.management.remote.rmi [] - connectionId=rmi://192.168.208.1  1, name=java.lang:type=Memory, attribute=HeapMemoryUsage
2026-09-23 10:09:14.069 [RMI TCP Connection(2)-192.168.208.1] DEBUG sun.rmi.transport.tcp [] - RMI TCP Connection(2)-192.168.208.1: (port 64300) op = 82
2026-09-23 10:09:14.071 [RMI TCP Connection(2)-192.168.208.1] DEBUG sun.rmi.transport.tcp [] - RMI TCP Connection(2)-192.168.208.1: (port 64300) op = 80
2026-09-23 10:09:14.071 [RMI TCP Connection(2)-192.168.208.1] DEBUG sun.rmi.loader [] - RMI TCP Connection(2)-192.168.208.1: name = "javax.management.ObjectName", codebase = ""
2026-09-23 10:09:14.071 [RMI TCP Connection(2)-192.168.208.1] DEBUG javax.management.remote.rmi [] - connectionId=rmi://192.168.208.1  1, name=java.lang:type=Memory, attribute=HeapMemoryUsage
2026-09-23 10:09:15.072 [RMI TCP Connection(2)-192.168.208.1] DEBUG sun.rmi.transport.tcp [] - RMI TCP Connection(2)-192.168.208.1: (port 64300) op = 82
2026-09-23 10:09:15.072 [RMI TCP Connection(2)-192.168.208.1] DEBUG sun.rmi.transport.tcp [] - RMI TCP Connection(2)-192.168.208.1: (port 64300) op = 80
2026-09-23 10:09:15.072 [RMI TCP Connection(2)-192.168.208.1] DEBUG sun.rmi.loader [] - RMI TCP Connection(2)-192.168.208.1: name = "javax.management.ObjectName", codebase = ""
2026-09-23 10:09:15.072 [RMI TCP Connection(2)-192.168.208.1] DEBUG javax.management.remote.rmi [] - connectionId=rmi://192.168.208.1  1, name=java.lang:type=OperatingSystem, attribute=ProcessCpuLoad
2026-09-23 10:09:15.092 [RMI TCP Connection(2)-192.168.208.1] DEBUG sun.rmi.transport.tcp [] - RMI TCP Connection(2)-192.168.208.1: (port 64300) op = 82
2026-09-23 10:09:15.093 [RMI TCP Connection(2)-192.168.208.1] DEBUG sun.rmi.transport.tcp [] - RMI TCP Connection(2)-192.168.208.1: (port 64300) op = 80
2026-09-23 10:09:15.093 [RMI TCP Connection(2)-192.168.208.1] DEBUG sun.rmi.loader [] - RMI TCP Connection(2)-192.168.208.1: name = "javax.management.ObjectName", codebase = ""
2026-09-23 10:09:15.093 [RMI TCP Connection(2)-192.168.208.1] DEBUG javax.management.remote.rmi [] - connectionId=rmi://192.168.208.1  1, name=java.lang:type=Memory, attribute=HeapMemoryUsage
2026-09-23 10:09:15.093 [RMI TCP Connection(2)-192.168.208.1] DEBUG sun.rmi.transport.tcp [] - RMI TCP Connection(2)-192.168.208.1: (port 64300) op = 82
2026-09-23 10:09:15.093 [RMI TCP Connection(2)-192.168.208.1] DEBUG sun.rmi.transport.tcp [] - RMI TCP Connection(2)-192.168.208.1: (port 64300) op = 80
2026-09-23 10:09:15.093 [RMI TCP Connection(2)-192.168.208.1] DEBUG sun.rmi.loader [] - RMI TCP Connection(2)-192.168.208.1: name = "javax.management.ObjectName", codebase = ""
2026-09-23 10:09:15.093 [RMI TCP Connection(2)-192.168.208.1] DEBUG javax.management.remote.rmi [] - connectionId=rmi://192.168.208.1  1, name=java.lang:type=Memory, attribute=HeapMemoryUsage
2026-09-23 10:09:16.095 [RMI TCP Connection(2)-192.168.208.1] DEBUG sun.rmi.transport.tcp [] - RMI TCP Connection(2)-192.168.208.1: (port 64300) op = 82
2026-09-23 10:09:16.095 [RMI TCP Connection(2)-192.168.208.1] DEBUG sun.rmi.transport.tcp [] - RMI TCP Connection(2)-192.168.208.1: (port 64300) op = 80
2026-09-23 10:09:16.095 [RMI TCP Connection(2)-192.168.208.1] DEBUG sun.rmi.loader [] - RMI TCP Connection(2)-192.168.208.1: name = "javax.management.ObjectName", codebase = ""
2026-09-23 10:09:16.095 [RMI TCP Connection(2)-192.168.208.1] DEBUG javax.management.remote.rmi [] - connectionId=rmi://192.168.208.1  1, name=java.lang:type=OperatingSystem, attribute=ProcessCpuLoad
2026-09-23 10:09:16.119 [RMI TCP Connection(2)-192.168.208.1] DEBUG sun.rmi.transport.tcp [] - RMI TCP Connection(2)-192.168.208.1: (port 64300) op = 82
2026-09-23 10:09:16.119 [RMI TCP Connection(2)-192.168.208.1] DEBUG sun.rmi.transport.tcp [] - RMI TCP Connection(2)-192.168.208.1: (port 64300) op = 80
2026-09-23 10:09:16.120 [RMI TCP Connection(2)-192.168.208.1] DEBUG sun.rmi.loader [] - RMI TCP Connection(2)-192.168.208.1: name = "javax.management.ObjectName", codebase = ""
2026-09-23 10:09:16.120 [RMI TCP Connection(2)-192.168.208.1] DEBUG javax.management.remote.rmi [] - connectionId=rmi://192.168.208.1  1, name=java.lang:type=Memory, attribute=HeapMemoryUsage
2026-09-23 10:09:16.120 [RMI TCP Connection(2)-192.168.208.1] DEBUG sun.rmi.transport.tcp [] - RMI TCP Connection(2)-192.168.208.1: (port 64300) op = 82
2026-09-23 10:09:16.120 [RMI TCP Connection(2)-192.168.208.1] DEBUG sun.rmi.transport.tcp [] - RMI TCP Connection(2)-192.168.208.1: (port 64300) op = 80
2026-09-23 10:09:16.120 [RMI TCP Connection(2)-192.168.208.1] DEBUG sun.rmi.loader [] - RMI TCP Connection(2)-192.168.208.1: name = "javax.management.ObjectName", codebase = ""
2026-09-23 10:09:16.120 [RMI TCP Connection(2)-192.168.208.1] DEBUG javax.management.remote.rmi [] - connectionId=rmi://192.168.208.1  1, name=java.lang:type=Memory, attribute=HeapMemoryUsage
2026-09-23 10:09:17.122 [RMI TCP Connection(2)-192.168.208.1] DEBUG sun.rmi.transport.tcp [] - RMI TCP Connection(2)-192.168.208.1: (port 64300) op = 82
2026-09-23 10:09:17.122 [RMI TCP Connection(2)-192.168.208.1] DEBUG sun.rmi.transport.tcp [] - RMI TCP Connection(2)-192.168.208.1: (port 64300) op = 80
2026-09-23 10:09:17.122 [RMI TCP Connection(2)-192.168.208.1] DEBUG sun.rmi.loader [] - RMI TCP Connection(2)-192.168.208.1: name = "javax.management.ObjectName", codebase = ""
2026-09-23 10:09:17.122 [RMI TCP Connection(2)-192.168.208.1] DEBUG javax.management.remote.rmi [] - connectionId=rmi://192.168.208.1  1, name=java.lang:type=OperatingSystem, attribute=ProcessCpuLoad
2026-09-23 10:09:17.142 [RMI TCP Connection(2)-192.168.208.1] DEBUG sun.rmi.transport.tcp [] - RMI TCP Connection(2)-192.168.208.1: (port 64300) op = 82
2026-09-23 10:09:17.142 [RMI TCP Connection(2)-192.168.208.1] DEBUG sun.rmi.transport.tcp [] - RMI TCP Connection(2)-192.168.208.1: (port 64300) op = 80
2026-09-23 10:09:17.142 [RMI TCP Connection(2)-192.168.208.1] DEBUG sun.rmi.loader [] - RMI TCP Connection(2)-192.168.208.1: name = "javax.management.ObjectName", codebase = ""
2026-09-23 10:09:17.142 [RMI TCP Connection(2)-192.168.208.1] DEBUG javax.management.remote.rmi [] - connectionId=rmi://192.168.208.1  1, name=java.lang:type=Memory, attribute=HeapMemoryUsage
2026-09-23 10:09:17.142 [RMI TCP Connection(2)-192.168.208.1] DEBUG sun.rmi.transport.tcp [] - RMI TCP Connection(2)-192.168.208.1: (port 64300) op = 82
2026-09-23 10:09:17.142 [RMI TCP Connection(2)-192.168.208.1] DEBUG sun.rmi.transport.tcp [] - RMI TCP Connection(2)-192.168.208.1: (port 64300) op = 80
2026-09-23 10:09:17.142 [RMI TCP Connection(2)-192.168.208.1] DEBUG sun.rmi.loader [] - RMI TCP Connection(2)-192.168.208.1: name = "javax.management.ObjectName", codebase = ""
2026-09-23 10:09:17.142 [RMI TCP Connection(2)-192.168.208.1] DEBUG javax.management.remote.rmi [] - connectionId=rmi://192.168.208.1  1, name=java.lang:type=Memory, attribute=HeapMemoryUsage
2026-09-23 10:09:18.144 [RMI TCP Connection(2)-192.168.208.1] DEBUG sun.rmi.transport.tcp [] - RMI TCP Connection(2)-192.168.208.1: (port 64300) op = 82
2026-09-23 10:09:18.144 [RMI TCP Connection(2)-192.168.208.1] DEBUG sun.rmi.transport.tcp [] - RMI TCP Connection(2)-192.168.208.1: (port 64300) op = 80
2026-09-23 10:09:18.144 [RMI TCP Connection(2)-192.168.208.1] DEBUG sun.rmi.loader [] - RMI TCP Connection(2)-192.168.208.1: name = "javax.management.ObjectName", codebase = ""
2026-09-23 10:09:18.144 [RMI TCP Connection(2)-192.168.208.1] DEBUG javax.management.remote.rmi [] - connectionId=rmi://192.168.208.1  1, name=java.lang:type=OperatingSystem, attribute=ProcessCpuLoad
2026-09-23 10:09:18.164 [RMI TCP Connection(2)-192.168.208.1] DEBUG sun.rmi.transport.tcp [] - RMI TCP Connection(2)-192.168.208.1: (port 64300) op = 82
2026-09-23 10:09:18.164 [RMI TCP Connection(2)-192.168.208.1] DEBUG sun.rmi.transport.tcp [] - RMI TCP Connection(2)-192.168.208.1: (port 64300) op = 80
2026-09-23 10:09:18.164 [RMI TCP Connection(2)-192.168.208.1] DEBUG sun.rmi.loader [] - RMI TCP Connection(2)-192.168.208.1: name = "javax.management.ObjectName", codebase = ""
2026-09-23 10:09:18.164 [RMI TCP Connection(2)-192.168.208.1] DEBUG javax.management.remote.rmi [] - connectionId=rmi://192.168.208.1  1, name=java.lang:type=Memory, attribute=HeapMemoryUsage
2026-09-23 10:09:18.164 [RMI TCP Connection(2)-192.168.208.1] DEBUG sun.rmi.transport.tcp [] - RMI TCP Connection(2)-192.168.208.1: (port 64300) op = 82
2026-09-23 10:09:18.164 [RMI TCP Connection(2)-192.168.208.1] DEBUG sun.rmi.transport.tcp [] - RMI TCP Connection(2)-192.168.208.1: (port 64300) op = 80
2026-09-23 10:09:18.164 [RMI TCP Connection(2)-192.168.208.1] DEBUG sun.rmi.loader [] - RMI TCP Connection(2)-192.168.208.1: name = "javax.management.ObjectName", codebase = ""
2026-09-23 10:09:18.165 [RMI TCP Connection(2)-192.168.208.1] DEBUG javax.management.remote.rmi [] - connectionId=rmi://192.168.208.1  1, name=java.lang:type=Memory, attribute=HeapMemoryUsage
2026-09-23 10:09:19.166 [RMI TCP Connection(2)-192.168.208.1] DEBUG sun.rmi.transport.tcp [] - RMI TCP Connection(2)-192.168.208.1: (port 64300) op = 82
2026-09-23 10:09:19.166 [RMI TCP Connection(2)-192.168.208.1] DEBUG sun.rmi.transport.tcp [] - RMI TCP Connection(2)-192.168.208.1: (port 64300) op = 80
2026-09-23 10:09:19.166 [RMI TCP Connection(2)-192.168.208.1] DEBUG sun.rmi.loader [] - RMI TCP Connection(2)-192.168.208.1: name = "javax.management.ObjectName", codebase = ""
2026-09-23 10:09:19.166 [RMI TCP Connection(2)-192.168.208.1] DEBUG javax.management.remote.rmi [] - connectionId=rmi://192.168.208.1  1, name=java.lang:type=OperatingSystem, attribute=ProcessCpuLoad
2026-09-23 10:09:19.193 [RMI TCP Connection(2)-192.168.208.1] DEBUG sun.rmi.transport.tcp [] - RMI TCP Connection(2)-192.168.208.1: (port 64300) op = 82
2026-09-23 10:09:19.193 [RMI TCP Connection(2)-192.168.208.1] DEBUG sun.rmi.transport.tcp [] - RMI TCP Connection(2)-192.168.208.1: (port 64300) op = 80
2026-09-23 10:09:19.193 [RMI TCP Connection(2)-192.168.208.1] DEBUG sun.rmi.loader [] - RMI TCP Connection(2)-192.168.208.1: name = "javax.management.ObjectName", codebase = ""
2026-09-23 10:09:19.193 [RMI TCP Connection(2)-192.168.208.1] DEBUG javax.management.remote.rmi [] - connectionId=rmi://192.168.208.1  1, name=java.lang:type=Memory, attribute=HeapMemoryUsage
2026-09-23 10:09:19.193 [RMI TCP Connection(2)-192.168.208.1] DEBUG sun.rmi.transport.tcp [] - RMI TCP Connection(2)-192.168.208.1: (port 64300) op = 82
2026-09-23 10:09:19.193 [RMI TCP Connection(2)-192.168.208.1] DEBUG sun.rmi.transport.tcp [] - RMI TCP Connection(2)-192.168.208.1: (port 64300) op = 80
2026-09-23 10:09:19.194 [RMI TCP Connection(2)-192.168.208.1] DEBUG sun.rmi.loader [] - RMI TCP Connection(2)-192.168.208.1: name = "javax.management.ObjectName", codebase = ""
2026-09-23 10:09:19.194 [RMI TCP Connection(2)-192.168.208.1] DEBUG javax.management.remote.rmi [] - connectionId=rmi://192.168.208.1  1, name=java.lang:type=Memory, attribute=HeapMemoryUsage
2026-09-23 10:09:19.966 [RMI TCP Connection(1)-192.168.208.1] DEBUG sun.rmi.transport.tcp [] - RMI TCP Connection(1)-192.168.208.1: (port 64300) connection closed
2026-09-23 10:09:19.966 [RMI TCP Connection(1)-192.168.208.1] DEBUG sun.rmi.transport.tcp [] - RMI TCP Connection(1)-192.168.208.1: close connection, socket: Socket[addr=/192.168.208.1,port=64301,localport=64300]
2026-09-23 10:09:19.966 [RMI TCP Connection(1)-192.168.208.1] DEBUG sun.rmi.transport.tcp [] - RMI TCP Connection(1)-192.168.208.1: socket close: Socket[addr=/192.168.208.1,port=64301,localport=64300]
2026-09-23 10:09:20.195 [RMI TCP Connection(2)-192.168.208.1] DEBUG sun.rmi.transport.tcp [] - RMI TCP Connection(2)-192.168.208.1: (port 64300) op = 82
2026-09-23 10:09:20.195 [RMI TCP Connection(2)-192.168.208.1] DEBUG sun.rmi.transport.tcp [] - RMI TCP Connection(2)-192.168.208.1: (port 64300) op = 80
2026-09-23 10:09:20.195 [RMI TCP Connection(2)-192.168.208.1] DEBUG sun.rmi.loader [] - RMI TCP Connection(2)-192.168.208.1: name = "javax.management.ObjectName", codebase = ""
2026-09-23 10:09:20.195 [RMI TCP Connection(2)-192.168.208.1] DEBUG javax.management.remote.rmi [] - connectionId=rmi://192.168.208.1  1, name=java.lang:type=OperatingSystem, attribute=ProcessCpuLoad
2026-09-23 10:09:20.218 [RMI TCP Connection(2)-192.168.208.1] DEBUG sun.rmi.transport.tcp [] - RMI TCP Connection(2)-192.168.208.1: (port 64300) op = 82
2026-09-23 10:09:20.218 [RMI TCP Connection(2)-192.168.208.1] DEBUG sun.rmi.transport.tcp [] - RMI TCP Connection(2)-192.168.208.1: (port 64300) op = 80
2026-09-23 10:09:20.218 [RMI TCP Connection(2)-192.168.208.1] DEBUG sun.rmi.loader [] - RMI TCP Connection(2)-192.168.208.1: name = "javax.management.ObjectName", codebase = ""
2026-09-23 10:09:20.218 [RMI TCP Connection(2)-192.168.208.1] DEBUG javax.management.remote.rmi [] - connectionId=rmi://192.168.208.1  1, name=java.lang:type=Memory, attribute=HeapMemoryUsage
2026-09-23 10:09:20.218 [RMI TCP Connection(2)-192.168.208.1] DEBUG sun.rmi.transport.tcp [] - RMI TCP Connection(2)-192.168.208.1: (port 64300) op = 80
2026-09-23 10:09:20.218 [RMI TCP Connection(2)-192.168.208.1] DEBUG sun.rmi.loader [] - RMI TCP Connection(2)-192.168.208.1: name = "javax.management.ObjectName", codebase = ""
2026-09-23 10:09:20.218 [RMI TCP Connection(2)-192.168.208.1] DEBUG javax.management.remote.rmi [] - connectionId=rmi://192.168.208.1  1, name=java.lang:type=Memory, attribute=HeapMemoryUsage
2026-09-23 10:09:21.221 [RMI TCP Connection(2)-192.168.208.1] DEBUG sun.rmi.transport.tcp [] - RMI TCP Connection(2)-192.168.208.1: (port 64300) op = 82
2026-09-23 10:09:21.223 [RMI TCP Connection(2)-192.168.208.1] DEBUG sun.rmi.transport.tcp [] - RMI TCP Connection(2)-192.168.208.1: (port 64300) op = 80
2026-09-23 10:09:21.225 [RMI TCP Connection(2)-192.168.208.1] DEBUG sun.rmi.loader [] - RMI TCP Connection(2)-192.168.208.1: name = "javax.management.ObjectName", codebase = ""
2026-09-23 10:09:21.225 [RMI TCP Connection(2)-192.168.208.1] DEBUG javax.management.remote.rmi [] - connectionId=rmi://192.168.208.1  1, name=java.lang:type=OperatingSystem, attribute=ProcessCpuLoad
2026-09-23 10:09:21.249 [RMI TCP Connection(2)-192.168.208.1] DEBUG sun.rmi.transport.tcp [] - RMI TCP Connection(2)-192.168.208.1: (port 64300) op = 80
2026-09-23 10:09:21.249 [RMI TCP Connection(2)-192.168.208.1] DEBUG sun.rmi.loader [] - RMI TCP Connection(2)-192.168.208.1: name = "javax.management.ObjectName", codebase = ""
2026-09-23 10:09:21.249 [RMI TCP Connection(2)-192.168.208.1] DEBUG javax.management.remote.rmi [] - connectionId=rmi://192.168.208.1  1, name=java.lang:type=Memory, attribute=HeapMemoryUsage
2026-09-23 10:09:21.249 [RMI TCP Connection(2)-192.168.208.1] DEBUG sun.rmi.transport.tcp [] - RMI TCP Connection(2)-192.168.208.1: (port 64300) op = 80
2026-09-23 10:09:21.249 [RMI TCP Connection(2)-192.168.208.1] DEBUG sun.rmi.loader [] - RMI TCP Connection(2)-192.168.208.1: name = "javax.management.ObjectName", codebase = ""
2026-09-23 10:09:21.249 [RMI TCP Connection(2)-192.168.208.1] DEBUG javax.management.remote.rmi [] - connectionId=rmi://192.168.208.1  1, name=java.lang:type=Memory, attribute=HeapMemoryUsage
2026-09-23 10:09:22.251 [RMI TCP Connection(2)-192.168.208.1] DEBUG sun.rmi.transport.tcp [] - RMI TCP Connection(2)-192.168.208.1: (port 64300) op = 82
2026-09-23 10:09:22.251 [RMI TCP Connection(2)-192.168.208.1] DEBUG sun.rmi.transport.tcp [] - RMI TCP Connection(2)-192.168.208.1: (port 64300) op = 80
2026-09-23 10:09:22.251 [RMI TCP Connection(2)-192.168.208.1] DEBUG sun.rmi.loader [] - RMI TCP Connection(2)-192.168.208.1: name = "javax.management.ObjectName", codebase = ""
2026-09-23 10:09:22.251 [RMI TCP Connection(2)-192.168.208.1] DEBUG javax.management.remote.rmi [] - connectionId=rmi://192.168.208.1  1, name=java.lang:type=OperatingSystem, attribute=ProcessCpuLoad
2026-09-23 10:09:22.270 [RMI TCP Connection(2)-192.168.208.1] DEBUG sun.rmi.transport.tcp [] - RMI TCP Connection(2)-192.168.208.1: (port 64300) op = 82
2026-09-23 10:09:22.270 [RMI TCP Connection(2)-192.168.208.1] DEBUG sun.rmi.transport.tcp [] - RMI TCP Connection(2)-192.168.208.1: (port 64300) op = 80
2026-09-23 10:09:22.270 [RMI TCP Connection(2)-192.168.208.1] DEBUG sun.rmi.loader [] - RMI TCP Connection(2)-192.168.208.1: name = "javax.management.ObjectName", codebase = ""
2026-09-23 10:09:22.270 [RMI TCP Connection(2)-192.168.208.1] DEBUG javax.management.remote.rmi [] - connectionId=rmi://192.168.208.1  1, name=java.lang:type=Memory, attribute=HeapMemoryUsage
2026-09-23 10:09:22.270 [RMI TCP Connection(2)-192.168.208.1] DEBUG sun.rmi.transport.tcp [] - RMI TCP Connection(2)-192.168.208.1: (port 64300) op = 82
2026-09-23 10:09:22.270 [RMI TCP Connection(2)-192.168.208.1] DEBUG sun.rmi.transport.tcp [] - RMI TCP Connection(2)-192.168.208.1: (port 64300) op = 80
2026-09-23 10:09:22.270 [RMI TCP Connection(2)-192.168.208.1] DEBUG sun.rmi.loader [] - RMI TCP Connection(2)-192.168.208.1: name = "javax.management.ObjectName", codebase = ""
2026-09-23 10:09:22.270 [RMI TCP Connection(2)-192.168.208.1] DEBUG javax.management.remote.rmi [] - connectionId=rmi://192.168.208.1  1, name=java.lang:type=Memory, attribute=HeapMemoryUsage
2026-09-23 10:09:23.272 [RMI TCP Connection(2)-192.168.208.1] DEBUG sun.rmi.transport.tcp [] - RMI TCP Connection(2)-192.168.208.1: (port 64300) op = 82
2026-09-23 10:09:23.272 [RMI TCP Connection(2)-192.168.208.1] DEBUG sun.rmi.transport.tcp [] - RMI TCP Connection(2)-192.168.208.1: (port 64300) op = 80
2026-09-23 10:09:23.272 [RMI TCP Connection(2)-192.168.208.1] DEBUG sun.rmi.loader [] - RMI TCP Connection(2)-192.168.208.1: name = "javax.management.ObjectName", codebase = ""
2026-09-23 10:09:23.272 [RMI TCP Connection(2)-192.168.208.1] DEBUG javax.management.remote.rmi [] - connectionId=rmi://192.168.208.1  1, name=java.lang:type=OperatingSystem, attribute=ProcessCpuLoad
2026-09-23 10:09:23.291 [RMI TCP Connection(2)-192.168.208.1] DEBUG sun.rmi.transport.tcp [] - RMI TCP Connection(2)-192.168.208.1: (port 64300) op = 82
2026-09-23 10:09:23.291 [RMI TCP Connection(2)-192.168.208.1] DEBUG sun.rmi.transport.tcp [] - RMI TCP Connection(2)-192.168.208.1: (port 64300) op = 80
2026-09-23 10:09:23.291 [RMI TCP Connection(2)-192.168.208.1] DEBUG sun.rmi.loader [] - RMI TCP Connection(2)-192.168.208.1: name = "javax.management.ObjectName", codebase = ""
2026-09-23 10:09:23.291 [RMI TCP Connection(2)-192.168.208.1] DEBUG javax.management.remote.rmi [] - connectionId=rmi://192.168.208.1  1, name=java.lang:type=Memory, attribute=HeapMemoryUsage
2026-09-23 10:09:23.291 [RMI TCP Connection(2)-192.168.208.1] DEBUG sun.rmi.transport.tcp [] - RMI TCP Connection(2)-192.168.208.1: (port 64300) op = 82
2026-09-23 10:09:23.292 [RMI TCP Connection(2)-192.168.208.1] DEBUG sun.rmi.transport.tcp [] - RMI TCP Connection(2)-192.168.208.1: (port 64300) op = 80
2026-09-23 10:09:23.292 [RMI TCP Connection(2)-192.168.208.1] DEBUG sun.rmi.loader [] - RMI TCP Connection(2)-192.168.208.1: name = "javax.management.ObjectName", codebase = ""
2026-09-23 10:09:23.292 [RMI TCP Connection(2)-192.168.208.1] DEBUG javax.management.remote.rmi [] - connectionId=rmi://192.168.208.1  1, name=java.lang:type=Memory, attribute=HeapMemoryUsage
2026-09-23 10:09:24.293 [RMI TCP Connection(2)-192.168.208.1] DEBUG sun.rmi.transport.tcp [] - RMI TCP Connection(2)-192.168.208.1: (port 64300) op = 82
2026-09-23 10:09:24.293 [RMI TCP Connection(2)-192.168.208.1] DEBUG sun.rmi.transport.tcp [] - RMI TCP Connection(2)-192.168.208.1: (port 64300) op = 80
2026-09-23 10:09:24.293 [RMI TCP Connection(2)-192.168.208.1] DEBUG sun.rmi.loader [] - RMI TCP Connection(2)-192.168.208.1: name = "javax.management.ObjectName", codebase = ""
2026-09-23 10:09:24.293 [RMI TCP Connection(2)-192.168.208.1] DEBUG javax.management.remote.rmi [] - connectionId=rmi://192.168.208.1  1, name=java.lang:type=OperatingSystem, attribute=ProcessCpuLoad
2026-09-23 10:09:24.312 [RMI TCP Connection(2)-192.168.208.1] DEBUG sun.rmi.transport.tcp [] - RMI TCP Connection(2)-192.168.208.1: (port 64300) op = 82
2026-09-23 10:09:24.312 [RMI TCP Connection(2)-192.168.208.1] DEBUG sun.rmi.transport.tcp [] - RMI TCP Connection(2)-192.168.208.1: (port 64300) op = 80
2026-09-23 10:09:24.312 [RMI TCP Connection(2)-192.168.208.1] DEBUG sun.rmi.loader [] - RMI TCP Connection(2)-192.168.208.1: name = "javax.management.ObjectName", codebase = ""
2026-09-23 10:09:24.312 [RMI TCP Connection(2)-192.168.208.1] DEBUG javax.management.remote.rmi [] - connectionId=rmi://192.168.208.1  1, name=java.lang:type=Memory, attribute=HeapMemoryUsage
2026-09-23 10:09:24.313 [RMI TCP Connection(2)-192.168.208.1] DEBUG sun.rmi.transport.tcp [] - RMI TCP Connection(2)-192.168.208.1: (port 64300) op = 82
2026-09-23 10:09:24.313 [RMI TCP Connection(2)-192.168.208.1] DEBUG sun.rmi.transport.tcp [] - RMI TCP Connection(2)-192.168.208.1: (port 64300) op = 80
2026-09-23 10:09:24.313 [RMI TCP Connection(2)-192.168.208.1] DEBUG sun.rmi.loader [] - RMI TCP Connection(2)-192.168.208.1: name = "javax.management.ObjectName", codebase = ""
2026-09-23 10:09:24.313 [RMI TCP Connection(2)-192.168.208.1] DEBUG javax.management.remote.rmi [] - connectionId=rmi://192.168.208.1  1, name=java.lang:type=Memory, attribute=HeapMemoryUsage
2026-09-23 10:09:25.314 [RMI TCP Connection(2)-192.168.208.1] DEBUG sun.rmi.transport.tcp [] - RMI TCP Connection(2)-192.168.208.1: (port 64300) op = 82
2026-09-23 10:09:25.314 [RMI TCP Connection(2)-192.168.208.1] DEBUG sun.rmi.transport.tcp [] - RMI TCP Connection(2)-192.168.208.1: (port 64300) op = 80
2026-09-23 10:09:25.314 [RMI TCP Connection(2)-192.168.208.1] DEBUG sun.rmi.loader [] - RMI TCP Connection(2)-192.168.208.1: name = "javax.management.ObjectName", codebase = ""
2026-09-23 10:09:25.314 [RMI TCP Connection(2)-192.168.208.1] DEBUG javax.management.remote.rmi [] - connectionId=rmi://192.168.208.1  1, name=java.lang:type=OperatingSystem, attribute=ProcessCpuLoad
2026-09-23 10:09:25.334 [RMI TCP Connection(2)-192.168.208.1] DEBUG sun.rmi.transport.tcp [] - RMI TCP Connection(2)-192.168.208.1: (port 64300) op = 82
2026-09-23 10:09:25.335 [RMI TCP Connection(2)-192.168.208.1] DEBUG sun.rmi.transport.tcp [] - RMI TCP Connection(2)-192.168.208.1: (port 64300) op = 80
2026-09-23 10:09:25.335 [RMI TCP Connection(2)-192.168.208.1] DEBUG sun.rmi.loader [] - RMI TCP Connection(2)-192.168.208.1: name = "javax.management.ObjectName", codebase = ""
2026-09-23 10:09:25.335 [RMI TCP Connection(2)-192.168.208.1] DEBUG javax.management.remote.rmi [] - connectionId=rmi://192.168.208.1  1, name=java.lang:type=Memory, attribute=HeapMemoryUsage
2026-09-23 10:09:25.335 [RMI TCP Connection(2)-192.168.208.1] DEBUG sun.rmi.transport.tcp [] - RMI TCP Connection(2)-192.168.208.1: (port 64300) op = 80
2026-09-23 10:09:25.335 [RMI TCP Connection(2)-192.168.208.1] DEBUG sun.rmi.loader [] - RMI TCP Connection(2)-192.168.208.1: name = "javax.management.ObjectName", codebase = ""
2026-09-23 10:09:25.335 [RMI TCP Connection(2)-192.168.208.1] DEBUG javax.management.remote.rmi [] - connectionId=rmi://192.168.208.1  1, name=java.lang:type=Memory, attribute=HeapMemoryUsage
2026-09-23 10:09:26.336 [RMI TCP Connection(2)-192.168.208.1] DEBUG sun.rmi.transport.tcp [] - RMI TCP Connection(2)-192.168.208.1: (port 64300) op = 82
2026-09-23 10:09:26.336 [RMI TCP Connection(2)-192.168.208.1] DEBUG sun.rmi.transport.tcp [] - RMI TCP Connection(2)-192.168.208.1: (port 64300) op = 80
2026-09-23 10:09:26.336 [RMI TCP Connection(2)-192.168.208.1] DEBUG sun.rmi.loader [] - RMI TCP Connection(2)-192.168.208.1: name = "javax.management.ObjectName", codebase = ""
2026-09-23 10:09:26.336 [RMI TCP Connection(2)-192.168.208.1] DEBUG javax.management.remote.rmi [] - connectionId=rmi://192.168.208.1  1, name=java.lang:type=OperatingSystem, attribute=ProcessCpuLoad
2026-09-23 10:09:26.354 [RMI TCP Connection(2)-192.168.208.1] DEBUG sun.rmi.transport.tcp [] - RMI TCP Connection(2)-192.168.208.1: (port 64300) op = 82
2026-09-23 10:09:26.354 [RMI TCP Connection(2)-192.168.208.1] DEBUG sun.rmi.transport.tcp [] - RMI TCP Connection(2)-192.168.208.1: (port 64300) op = 80
2026-09-23 10:09:26.354 [RMI TCP Connection(2)-192.168.208.1] DEBUG sun.rmi.loader [] - RMI TCP Connection(2)-192.168.208.1: name = "javax.management.ObjectName", codebase = ""
2026-09-23 10:09:26.355 [RMI TCP Connection(2)-192.168.208.1] DEBUG javax.management.remote.rmi [] - connectionId=rmi://192.168.208.1  1, name=java.lang:type=Memory, attribute=HeapMemoryUsage
2026-09-23 10:09:26.355 [RMI TCP Connection(2)-192.168.208.1] DEBUG sun.rmi.transport.tcp [] - RMI TCP Connection(2)-192.168.208.1: (port 64300) op = 82
2026-09-23 10:09:26.355 [RMI TCP Connection(2)-192.168.208.1] DEBUG sun.rmi.transport.tcp [] - RMI TCP Connection(2)-192.168.208.1: (port 64300) op = 80
2026-09-23 10:09:26.355 [RMI TCP Connection(2)-192.168.208.1] DEBUG sun.rmi.loader [] - RMI TCP Connection(2)-192.168.208.1: name = "javax.management.ObjectName", codebase = ""
2026-09-23 10:09:26.355 [RMI TCP Connection(2)-192.168.208.1] DEBUG javax.management.remote.rmi [] - connectionId=rmi://192.168.208.1  1, name=java.lang:type=Memory, attribute=HeapMemoryUsage
2026-09-23 10:09:27.357 [RMI TCP Connection(2)-192.168.208.1] DEBUG sun.rmi.transport.tcp [] - RMI TCP Connection(2)-192.168.208.1: (port 64300) op = 82
2026-09-23 10:09:27.357 [RMI TCP Connection(2)-192.168.208.1] DEBUG sun.rmi.transport.tcp [] - RMI TCP Connection(2)-192.168.208.1: (port 64300) op = 80
2026-09-23 10:09:27.357 [RMI TCP Connection(2)-192.168.208.1] DEBUG sun.rmi.loader [] - RMI TCP Connection(2)-192.168.208.1: name = "javax.management.ObjectName", codebase = ""
2026-09-23 10:09:27.358 [RMI TCP Connection(2)-192.168.208.1] DEBUG javax.management.remote.rmi [] - connectionId=rmi://192.168.208.1  1, name=java.lang:type=OperatingSystem, attribute=ProcessCpuLoad
2026-09-23 10:09:27.377 [RMI TCP Connection(2)-192.168.208.1] DEBUG sun.rmi.transport.tcp [] - RMI TCP Connection(2)-192.168.208.1: (port 64300) op = 82
2026-09-23 10:09:27.377 [RMI TCP Connection(2)-192.168.208.1] DEBUG sun.rmi.transport.tcp [] - RMI TCP Connection(2)-192.168.208.1: (port 64300) op = 80
2026-09-23 10:09:27.377 [RMI TCP Connection(2)-192.168.208.1] DEBUG sun.rmi.loader [] - RMI TCP Connection(2)-192.168.208.1: name = "javax.management.ObjectName", codebase = ""
2026-09-23 10:09:27.377 [RMI TCP Connection(2)-192.168.208.1] DEBUG javax.management.remote.rmi [] - connectionId=rmi://192.168.208.1  1, name=java.lang:type=Memory, attribute=HeapMemoryUsage
2026-09-23 10:09:27.377 [RMI TCP Connection(2)-192.168.208.1] DEBUG sun.rmi.transport.tcp [] - RMI TCP Connection(2)-192.168.208.1: (port 64300) op = 82
2026-09-23 10:09:27.377 [RMI TCP Connection(2)-192.168.208.1] DEBUG sun.rmi.transport.tcp [] - RMI TCP Connection(2)-192.168.208.1: (port 64300) op = 80
2026-09-23 10:09:27.377 [RMI TCP Connection(2)-192.168.208.1] DEBUG sun.rmi.loader [] - RMI TCP Connection(2)-192.168.208.1: name = "javax.management.ObjectName", codebase = ""
2026-09-23 10:09:27.377 [RMI TCP Connection(2)-192.168.208.1] DEBUG javax.management.remote.rmi [] - connectionId=rmi://192.168.208.1  1, name=java.lang:type=Memory, attribute=HeapMemoryUsage
2026-09-23 10:09:28.379 [RMI TCP Connection(2)-192.168.208.1] DEBUG sun.rmi.transport.tcp [] - RMI TCP Connection(2)-192.168.208.1: (port 64300) op = 82
2026-09-23 10:09:28.379 [RMI TCP Connection(2)-192.168.208.1] DEBUG sun.rmi.transport.tcp [] - RMI TCP Connection(2)-192.168.208.1: (port 64300) op = 80
2026-09-23 10:09:28.379 [RMI TCP Connection(2)-192.168.208.1] DEBUG sun.rmi.loader [] - RMI TCP Connection(2)-192.168.208.1: name = "javax.management.ObjectName", codebase = ""
2026-09-23 10:09:28.379 [RMI TCP Connection(2)-192.168.208.1] DEBUG javax.management.remote.rmi [] - connectionId=rmi://192.168.208.1  1, name=java.lang:type=OperatingSystem, attribute=ProcessCpuLoad
2026-09-23 10:09:28.398 [RMI TCP Connection(2)-192.168.208.1] DEBUG sun.rmi.transport.tcp [] - RMI TCP Connection(2)-192.168.208.1: (port 64300) op = 82
2026-09-23 10:09:28.398 [RMI TCP Connection(2)-192.168.208.1] DEBUG sun.rmi.transport.tcp [] - RMI TCP Connection(2)-192.168.208.1: (port 64300) op = 80
2026-09-23 10:09:28.398 [RMI TCP Connection(2)-192.168.208.1] DEBUG sun.rmi.loader [] - RMI TCP Connection(2)-192.168.208.1: name = "javax.management.ObjectName", codebase = ""
2026-09-23 10:09:28.398 [RMI TCP Connection(2)-192.168.208.1] DEBUG javax.management.remote.rmi [] - connectionId=rmi://192.168.208.1  1, name=java.lang:type=Memory, attribute=HeapMemoryUsage
2026-09-23 10:09:28.398 [RMI TCP Connection(2)-192.168.208.1] DEBUG sun.rmi.transport.tcp [] - RMI TCP Connection(2)-192.168.208.1: (port 64300) op = 82
2026-09-23 10:09:28.398 [RMI TCP Connection(2)-192.168.208.1] DEBUG sun.rmi.transport.tcp [] - RMI TCP Connection(2)-192.168.208.1: (port 64300) op = 80
2026-09-23 10:09:28.398 [RMI TCP Connection(2)-192.168.208.1] DEBUG sun.rmi.loader [] - RMI TCP Connection(2)-192.168.208.1: name = "javax.management.ObjectName", codebase = ""
2026-09-23 10:09:28.399 [RMI TCP Connection(2)-192.168.208.1] DEBUG javax.management.remote.rmi [] - connectionId=rmi://192.168.208.1  1, name=java.lang:type=Memory, attribute=HeapMemoryUsage
2026-09-23 10:09:29.401 [RMI TCP Connection(2)-192.168.208.1] DEBUG sun.rmi.transport.tcp [] - RMI TCP Connection(2)-192.168.208.1: (port 64300) op = 82
2026-09-23 10:09:29.401 [RMI TCP Connection(2)-192.168.208.1] DEBUG sun.rmi.transport.tcp [] - RMI TCP Connection(2)-192.168.208.1: (port 64300) op = 80
2026-09-23 10:09:29.401 [RMI TCP Connection(2)-192.168.208.1] DEBUG sun.rmi.loader [] - RMI TCP Connection(2)-192.168.208.1: name = "javax.management.ObjectName", codebase = ""
2026-09-23 10:09:29.401 [RMI TCP Connection(2)-192.168.208.1] DEBUG javax.management.remote.rmi [] - connectionId=rmi://192.168.208.1  1, name=java.lang:type=OperatingSystem, attribute=ProcessCpuLoad
2026-09-23 10:09:29.420 [RMI TCP Connection(2)-192.168.208.1] DEBUG sun.rmi.transport.tcp [] - RMI TCP Connection(2)-192.168.208.1: (port 64300) op = 82
2026-09-23 10:09:29.421 [RMI TCP Connection(2)-192.168.208.1] DEBUG sun.rmi.transport.tcp [] - RMI TCP Connection(2)-192.168.208.1: (port 64300) op = 80
2026-09-23 10:09:29.421 [RMI TCP Connection(2)-192.168.208.1] DEBUG sun.rmi.loader [] - RMI TCP Connection(2)-192.168.208.1: name = "javax.management.ObjectName", codebase = ""
2026-09-23 10:09:29.421 [RMI TCP Connection(2)-192.168.208.1] DEBUG javax.management.remote.rmi [] - connectionId=rmi://192.168.208.1  1, name=java.lang:type=Memory, attribute=HeapMemoryUsage
2026-09-23 10:09:29.421 [RMI TCP Connection(2)-192.168.208.1] DEBUG sun.rmi.transport.tcp [] - RMI TCP Connection(2)-192.168.208.1: (port 64300) op = 82
2026-09-23 10:09:29.422 [RMI TCP Connection(2)-192.168.208.1] DEBUG sun.rmi.transport.tcp [] - RMI TCP Connection(2)-192.168.208.1: (port 64300) op = 80
2026-09-23 10:09:29.422 [RMI TCP Connection(2)-192.168.208.1] DEBUG sun.rmi.loader [] - RMI TCP Connection(2)-192.168.208.1: name = "javax.management.ObjectName", codebase = ""
2026-09-23 10:09:29.422 [RMI TCP Connection(2)-192.168.208.1] DEBUG javax.management.remote.rmi [] - connectionId=rmi://192.168.208.1  1, name=java.lang:type=Memory, attribute=HeapMemoryUsage
2026-09-23 10:09:30.424 [RMI TCP Connection(2)-192.168.208.1] DEBUG sun.rmi.transport.tcp [] - RMI TCP Connection(2)-192.168.208.1: (port 64300) op = 82
2026-09-23 10:09:30.424 [RMI TCP Connection(2)-192.168.208.1] DEBUG sun.rmi.transport.tcp [] - RMI TCP Connection(2)-192.168.208.1: (port 64300) op = 80
2026-09-23 10:09:30.424 [RMI TCP Connection(2)-192.168.208.1] DEBUG sun.rmi.loader [] - RMI TCP Connection(2)-192.168.208.1: name = "javax.management.ObjectName", codebase = ""
2026-09-23 10:09:30.424 [RMI TCP Connection(2)-192.168.208.1] DEBUG javax.management.remote.rmi [] - connectionId=rmi://192.168.208.1  1, name=java.lang:type=OperatingSystem, attribute=ProcessCpuLoad
2026-09-23 10:09:30.447 [RMI TCP Connection(2)-192.168.208.1] DEBUG sun.rmi.transport.tcp [] - RMI TCP Connection(2)-192.168.208.1: (port 64300) op = 82
2026-09-23 10:09:30.447 [RMI TCP Connection(2)-192.168.208.1] DEBUG sun.rmi.transport.tcp [] - RMI TCP Connection(2)-192.168.208.1: (port 64300) op = 80
2026-09-23 10:09:30.447 [RMI TCP Connection(2)-192.168.208.1] DEBUG sun.rmi.loader [] - RMI TCP Connection(2)-192.168.208.1: name = "javax.management.ObjectName", codebase = ""
2026-09-23 10:09:30.447 [RMI TCP Connection(2)-192.168.208.1] DEBUG javax.management.remote.rmi [] - connectionId=rmi://192.168.208.1  1, name=java.lang:type=Memory, attribute=HeapMemoryUsage
2026-09-23 10:09:30.448 [RMI TCP Connection(2)-192.168.208.1] DEBUG sun.rmi.transport.tcp [] - RMI TCP Connection(2)-192.168.208.1: (port 64300) op = 80
2026-09-23 10:09:30.448 [RMI TCP Connection(2)-192.168.208.1] DEBUG sun.rmi.loader [] - RMI TCP Connection(2)-192.168.208.1: name = "javax.management.ObjectName", codebase = ""
2026-09-23 10:09:30.448 [RMI TCP Connection(2)-192.168.208.1] DEBUG javax.management.remote.rmi [] - connectionId=rmi://192.168.208.1  1, name=java.lang:type=Memory, attribute=HeapMemoryUsage
2026-09-23 10:09:31.452 [RMI TCP Connection(2)-192.168.208.1] DEBUG sun.rmi.transport.tcp [] - RMI TCP Connection(2)-192.168.208.1: (port 64300) op = 82
2026-09-23 10:09:31.452 [RMI TCP Connection(2)-192.168.208.1] DEBUG sun.rmi.transport.tcp [] - RMI TCP Connection(2)-192.168.208.1: (port 64300) op = 80
2026-09-23 10:09:31.452 [RMI TCP Connection(2)-192.168.208.1] DEBUG sun.rmi.loader [] - RMI TCP Connection(2)-192.168.208.1: name = "javax.management.ObjectName", codebase = ""
2026-09-23 10:09:31.452 [RMI TCP Connection(2)-192.168.208.1] DEBUG javax.management.remote.rmi [] - connectionId=rmi://192.168.208.1  1, name=java.lang:type=OperatingSystem, attribute=ProcessCpuLoad
2026-09-23 10:09:31.470 [RMI TCP Connection(2)-192.168.208.1] DEBUG sun.rmi.transport.tcp [] - RMI TCP Connection(2)-192.168.208.1: (port 64300) op = 82
2026-09-23 10:09:31.470 [RMI TCP Connection(2)-192.168.208.1] DEBUG sun.rmi.transport.tcp [] - RMI TCP Connection(2)-192.168.208.1: (port 64300) op = 80
2026-09-23 10:09:31.470 [RMI TCP Connection(2)-192.168.208.1] DEBUG sun.rmi.loader [] - RMI TCP Connection(2)-192.168.208.1: name = "javax.management.ObjectName", codebase = ""
2026-09-23 10:09:31.470 [RMI TCP Connection(2)-192.168.208.1] DEBUG javax.management.remote.rmi [] - connectionId=rmi://192.168.208.1  1, name=java.lang:type=Memory, attribute=HeapMemoryUsage
2026-09-23 10:09:31.472 [RMI TCP Connection(2)-192.168.208.1] DEBUG sun.rmi.transport.tcp [] - RMI TCP Connection(2)-192.168.208.1: (port 64300) op = 82
2026-09-23 10:09:31.472 [RMI TCP Connection(2)-192.168.208.1] DEBUG sun.rmi.transport.tcp [] - RMI TCP Connection(2)-192.168.208.1: (port 64300) op = 80
2026-09-23 10:09:31.473 [RMI TCP Connection(2)-192.168.208.1] DEBUG sun.rmi.loader [] - RMI TCP Connection(2)-192.168.208.1: name = "javax.management.ObjectName", codebase = ""
2026-09-23 10:09:31.473 [RMI TCP Connection(2)-192.168.208.1] DEBUG javax.management.remote.rmi [] - connectionId=rmi://192.168.208.1  1, name=java.lang:type=Memory, attribute=HeapMemoryUsage
2026-09-23 10:09:32.474 [RMI TCP Connection(2)-192.168.208.1] DEBUG sun.rmi.transport.tcp [] - RMI TCP Connection(2)-192.168.208.1: (port 64300) op = 82
2026-09-23 10:09:32.474 [RMI TCP Connection(2)-192.168.208.1] DEBUG sun.rmi.transport.tcp [] - RMI TCP Connection(2)-192.168.208.1: (port 64300) op = 80
2026-09-23 10:09:32.474 [RMI TCP Connection(2)-192.168.208.1] DEBUG sun.rmi.loader [] - RMI TCP Connection(2)-192.168.208.1: name = "javax.management.ObjectName", codebase = ""
2026-09-23 10:09:32.474 [RMI TCP Connection(2)-192.168.208.1] DEBUG javax.management.remote.rmi [] - connectionId=rmi://192.168.208.1  1, name=java.lang:type=OperatingSystem, attribute=ProcessCpuLoad
2026-09-23 10:09:32.496 [RMI TCP Connection(2)-192.168.208.1] DEBUG sun.rmi.transport.tcp [] - RMI TCP Connection(2)-192.168.208.1: (port 64300) op = 82
2026-09-23 10:09:32.496 [RMI TCP Connection(2)-192.168.208.1] DEBUG sun.rmi.transport.tcp [] - RMI TCP Connection(2)-192.168.208.1: (port 64300) op = 80
2026-09-23 10:09:32.496 [RMI TCP Connection(2)-192.168.208.1] DEBUG sun.rmi.loader [] - RMI TCP Connection(2)-192.168.208.1: name = "javax.management.ObjectName", codebase = ""
2026-09-23 10:09:32.496 [RMI TCP Connection(2)-192.168.208.1] DEBUG javax.management.remote.rmi [] - connectionId=rmi://192.168.208.1  1, name=java.lang:type=Memory, attribute=HeapMemoryUsage
2026-09-23 10:09:32.497 [RMI TCP Connection(2)-192.168.208.1] DEBUG sun.rmi.transport.tcp [] - RMI TCP Connection(2)-192.168.208.1: (port 64300) op = 82
2026-09-23 10:09:32.497 [RMI TCP Connection(2)-192.168.208.1] DEBUG sun.rmi.transport.tcp [] - RMI TCP Connection(2)-192.168.208.1: (port 64300) op = 80
2026-09-23 10:09:32.497 [RMI TCP Connection(2)-192.168.208.1] DEBUG sun.rmi.loader [] - RMI TCP Connection(2)-192.168.208.1: name = "javax.management.ObjectName", codebase = ""
2026-09-23 10:09:32.497 [RMI TCP Connection(2)-192.168.208.1] DEBUG javax.management.remote.rmi [] - connectionId=rmi://192.168.208.1  1, name=java.lang:type=Memory, attribute=HeapMemoryUsage
2026-09-23 10:09:33.499 [RMI TCP Connection(2)-192.168.208.1] DEBUG sun.rmi.transport.tcp [] - RMI TCP Connection(2)-192.168.208.1: (port 64300) op = 82
2026-09-23 10:09:33.499 [RMI TCP Connection(2)-192.168.208.1] DEBUG sun.rmi.transport.tcp [] - RMI TCP Connection(2)-192.168.208.1: (port 64300) op = 80
2026-09-23 10:09:33.499 [RMI TCP Connection(2)-192.168.208.1] DEBUG sun.rmi.loader [] - RMI TCP Connection(2)-192.168.208.1: name = "javax.management.ObjectName", codebase = ""
2026-09-23 10:09:33.499 [RMI TCP Connection(2)-192.168.208.1] DEBUG javax.management.remote.rmi [] - connectionId=rmi://192.168.208.1  1, name=java.lang:type=OperatingSystem, attribute=ProcessCpuLoad
2026-09-23 10:09:33.520 [RMI TCP Connection(2)-192.168.208.1] DEBUG sun.rmi.transport.tcp [] - RMI TCP Connection(2)-192.168.208.1: (port 64300) op = 82
2026-09-23 10:09:33.520 [RMI TCP Connection(2)-192.168.208.1] DEBUG sun.rmi.transport.tcp [] - RMI TCP Connection(2)-192.168.208.1: (port 64300) op = 80
2026-09-23 10:09:33.520 [RMI TCP Connection(2)-192.168.208.1] DEBUG sun.rmi.loader [] - RMI TCP Connection(2)-192.168.208.1: name = "javax.management.ObjectName", codebase = ""
2026-09-23 10:09:33.520 [RMI TCP Connection(2)-192.168.208.1] DEBUG javax.management.remote.rmi [] - connectionId=rmi://192.168.208.1  1, name=java.lang:type=Memory, attribute=HeapMemoryUsage
2026-09-23 10:09:33.520 [RMI TCP Connection(2)-192.168.208.1] DEBUG sun.rmi.transport.tcp [] - RMI TCP Connection(2)-192.168.208.1: (port 64300) op = 80
2026-09-23 10:09:33.520 [RMI TCP Connection(2)-192.168.208.1] DEBUG sun.rmi.loader [] - RMI TCP Connection(2)-192.168.208.1: name = "javax.management.ObjectName", codebase = ""
2026-09-23 10:09:33.520 [RMI TCP Connection(2)-192.168.208.1] DEBUG javax.management.remote.rmi [] - connectionId=rmi://192.168.208.1  1, name=java.lang:type=Memory, attribute=HeapMemoryUsage
2026-09-23 10:09:34.522 [RMI TCP Connection(2)-192.168.208.1] DEBUG sun.rmi.transport.tcp [] - RMI TCP Connection(2)-192.168.208.1: (port 64300) op = 82
2026-09-23 10:09:34.522 [RMI TCP Connection(2)-192.168.208.1] DEBUG sun.rmi.transport.tcp [] - RMI TCP Connection(2)-192.168.208.1: (port 64300) op = 80
2026-09-23 10:09:34.522 [RMI TCP Connection(2)-192.168.208.1] DEBUG sun.rmi.loader [] - RMI TCP Connection(2)-192.168.208.1: name = "javax.management.ObjectName", codebase = ""
2026-09-23 10:09:34.522 [RMI TCP Connection(2)-192.168.208.1] DEBUG javax.management.remote.rmi [] - connectionId=rmi://192.168.208.1  1, name=java.lang:type=OperatingSystem, attribute=ProcessCpuLoad
2026-09-23 10:09:34.540 [RMI TCP Connection(2)-192.168.208.1] DEBUG sun.rmi.transport.tcp [] - RMI TCP Connection(2)-192.168.208.1: (port 64300) op = 82
2026-09-23 10:09:34.540 [RMI TCP Connection(2)-192.168.208.1] DEBUG sun.rmi.transport.tcp [] - RMI TCP Connection(2)-192.168.208.1: (port 64300) op = 80
2026-09-23 10:09:34.540 [RMI TCP Connection(2)-192.168.208.1] DEBUG sun.rmi.loader [] - RMI TCP Connection(2)-192.168.208.1: name = "javax.management.ObjectName", codebase = ""
2026-09-23 10:09:34.540 [RMI TCP Connection(2)-192.168.208.1] DEBUG javax.management.remote.rmi [] - connectionId=rmi://192.168.208.1  1, name=java.lang:type=Memory, attribute=HeapMemoryUsage
2026-09-23 10:09:34.540 [RMI TCP Connection(2)-192.168.208.1] DEBUG sun.rmi.transport.tcp [] - RMI TCP Connection(2)-192.168.208.1: (port 64300) op = 82
2026-09-23 10:09:34.540 [RMI TCP Connection(2)-192.168.208.1] DEBUG sun.rmi.transport.tcp [] - RMI TCP Connection(2)-192.168.208.1: (port 64300) op = 80
2026-09-23 10:09:34.540 [RMI TCP Connection(2)-192.168.208.1] DEBUG sun.rmi.loader [] - RMI TCP Connection(2)-192.168.208.1: name = "javax.management.ObjectName", codebase = ""
2026-09-23 10:09:34.540 [RMI TCP Connection(2)-192.168.208.1] DEBUG javax.management.remote.rmi [] - connectionId=rmi://192.168.208.1  1, name=java.lang:type=Memory, attribute=HeapMemoryUsage
2026-09-23 10:09:35.542 [RMI TCP Connection(2)-192.168.208.1] DEBUG sun.rmi.transport.tcp [] - RMI TCP Connection(2)-192.168.208.1: (port 64300) op = 82
2026-09-23 10:09:35.542 [RMI TCP Connection(2)-192.168.208.1] DEBUG sun.rmi.transport.tcp [] - RMI TCP Connection(2)-192.168.208.1: (port 64300) op = 80
2026-09-23 10:09:35.543 [RMI TCP Connection(2)-192.168.208.1] DEBUG sun.rmi.loader [] - RMI TCP Connection(2)-192.168.208.1: name = "javax.management.ObjectName", codebase = ""
2026-09-23 10:09:35.543 [RMI TCP Connection(2)-192.168.208.1] DEBUG javax.management.remote.rmi [] - connectionId=rmi://192.168.208.1  1, name=java.lang:type=OperatingSystem, attribute=ProcessCpuLoad
2026-09-23 10:09:35.563 [RMI TCP Connection(2)-192.168.208.1] DEBUG sun.rmi.transport.tcp [] - RMI TCP Connection(2)-192.168.208.1: (port 64300) op = 82
2026-09-23 10:09:35.564 [RMI TCP Connection(2)-192.168.208.1] DEBUG sun.rmi.transport.tcp [] - RMI TCP Connection(2)-192.168.208.1: (port 64300) op = 80
2026-09-23 10:09:35.564 [RMI TCP Connection(2)-192.168.208.1] DEBUG sun.rmi.loader [] - RMI TCP Connection(2)-192.168.208.1: name = "javax.management.ObjectName", codebase = ""
2026-09-23 10:09:35.564 [RMI TCP Connection(2)-192.168.208.1] DEBUG javax.management.remote.rmi [] - connectionId=rmi://192.168.208.1  1, name=java.lang:type=Memory, attribute=HeapMemoryUsage
2026-09-23 10:09:35.564 [RMI TCP Connection(2)-192.168.208.1] DEBUG sun.rmi.transport.tcp [] - RMI TCP Connection(2)-192.168.208.1: (port 64300) op = 82
2026-09-23 10:09:35.564 [RMI TCP Connection(2)-192.168.208.1] DEBUG sun.rmi.transport.tcp [] - RMI TCP Connection(2)-192.168.208.1: (port 64300) op = 80
2026-09-23 10:09:35.564 [RMI TCP Connection(2)-192.168.208.1] DEBUG sun.rmi.loader [] - RMI TCP Connection(2)-192.168.208.1: name = "javax.management.ObjectName", codebase = ""
2026-09-23 10:09:35.564 [RMI TCP Connection(2)-192.168.208.1] DEBUG javax.management.remote.rmi [] - connectionId=rmi://192.168.208.1  1, name=java.lang:type=Memory, attribute=HeapMemoryUsage
2026-09-23 10:09:36.565 [RMI TCP Connection(2)-192.168.208.1] DEBUG sun.rmi.transport.tcp [] - RMI TCP Connection(2)-192.168.208.1: (port 64300) op = 82
2026-09-23 10:09:36.565 [RMI TCP Connection(2)-192.168.208.1] DEBUG sun.rmi.transport.tcp [] - RMI TCP Connection(2)-192.168.208.1: (port 64300) op = 80
2026-09-23 10:09:36.566 [RMI TCP Connection(2)-192.168.208.1] DEBUG sun.rmi.loader [] - RMI TCP Connection(2)-192.168.208.1: name = "javax.management.ObjectName", codebase = ""
2026-09-23 10:09:36.566 [RMI TCP Connection(2)-192.168.208.1] DEBUG javax.management.remote.rmi [] - connectionId=rmi://192.168.208.1  1, name=java.lang:type=OperatingSystem, attribute=ProcessCpuLoad
2026-09-23 10:09:36.585 [RMI TCP Connection(2)-192.168.208.1] DEBUG sun.rmi.transport.tcp [] - RMI TCP Connection(2)-192.168.208.1: (port 64300) op = 82
2026-09-23 10:09:36.585 [RMI TCP Connection(2)-192.168.208.1] DEBUG sun.rmi.transport.tcp [] - RMI TCP Connection(2)-192.168.208.1: (port 64300) op = 80
2026-09-23 10:09:36.585 [RMI TCP Connection(2)-192.168.208.1] DEBUG sun.rmi.loader [] - RMI TCP Connection(2)-192.168.208.1: name = "javax.management.ObjectName", codebase = ""
2026-09-23 10:09:36.585 [RMI TCP Connection(2)-192.168.208.1] DEBUG javax.management.remote.rmi [] - connectionId=rmi://192.168.208.1  1, name=java.lang:type=Memory, attribute=HeapMemoryUsage
2026-09-23 10:09:36.586 [RMI TCP Connection(2)-192.168.208.1] DEBUG sun.rmi.transport.tcp [] - RMI TCP Connection(2)-192.168.208.1: (port 64300) op = 82
2026-09-23 10:09:36.586 [RMI TCP Connection(2)-192.168.208.1] DEBUG sun.rmi.transport.tcp [] - RMI TCP Connection(2)-192.168.208.1: (port 64300) op = 80
2026-09-23 10:09:36.586 [RMI TCP Connection(2)-192.168.208.1] DEBUG sun.rmi.loader [] - RMI TCP Connection(2)-192.168.208.1: name = "javax.management.ObjectName", codebase = ""
2026-09-23 10:09:36.586 [RMI TCP Connection(2)-192.168.208.1] DEBUG javax.management.remote.rmi [] - connectionId=rmi://192.168.208.1  1, name=java.lang:type=Memory, attribute=HeapMemoryUsage
2026-09-23 10:09:37.588 [RMI TCP Connection(2)-192.168.208.1] DEBUG sun.rmi.transport.tcp [] - RMI TCP Connection(2)-192.168.208.1: (port 64300) op = 82
2026-09-23 10:09:37.588 [RMI TCP Connection(2)-192.168.208.1] DEBUG sun.rmi.transport.tcp [] - RMI TCP Connection(2)-192.168.208.1: (port 64300) op = 80
2026-09-23 10:09:37.588 [RMI TCP Connection(2)-192.168.208.1] DEBUG sun.rmi.loader [] - RMI TCP Connection(2)-192.168.208.1: name = "javax.management.ObjectName", codebase = ""
2026-09-23 10:09:37.588 [RMI TCP Connection(2)-192.168.208.1] DEBUG javax.management.remote.rmi [] - connectionId=rmi://192.168.208.1  1, name=java.lang:type=OperatingSystem, attribute=ProcessCpuLoad
2026-09-23 10:09:37.606 [RMI TCP Connection(2)-192.168.208.1] DEBUG sun.rmi.transport.tcp [] - RMI TCP Connection(2)-192.168.208.1: (port 64300) op = 82
2026-09-23 10:09:37.606 [RMI TCP Connection(2)-192.168.208.1] DEBUG sun.rmi.transport.tcp [] - RMI TCP Connection(2)-192.168.208.1: (port 64300) op = 80
2026-09-23 10:09:37.606 [RMI TCP Connection(2)-192.168.208.1] DEBUG sun.rmi.loader [] - RMI TCP Connection(2)-192.168.208.1: name = "javax.management.ObjectName", codebase = ""
2026-09-23 10:09:37.606 [RMI TCP Connection(2)-192.168.208.1] DEBUG javax.management.remote.rmi [] - connectionId=rmi://192.168.208.1  1, name=java.lang:type=Memory, attribute=HeapMemoryUsage
2026-09-23 10:09:37.606 [RMI TCP Connection(2)-192.168.208.1] DEBUG sun.rmi.transport.tcp [] - RMI TCP Connection(2)-192.168.208.1: (port 64300) op = 82
2026-09-23 10:09:37.606 [RMI TCP Connection(2)-192.168.208.1] DEBUG sun.rmi.transport.tcp [] - RMI TCP Connection(2)-192.168.208.1: (port 64300) op = 80
2026-09-23 10:09:37.606 [RMI TCP Connection(2)-192.168.208.1] DEBUG sun.rmi.loader [] - RMI TCP Connection(2)-192.168.208.1: name = "javax.management.ObjectName", codebase = ""
2026-09-23 10:09:37.606 [RMI TCP Connection(2)-192.168.208.1] DEBUG javax.management.remote.rmi [] - connectionId=rmi://192.168.208.1  1, name=java.lang:type=Memory, attribute=HeapMemoryUsage
2026-09-23 10:09:38.608 [RMI TCP Connection(2)-192.168.208.1] DEBUG sun.rmi.transport.tcp [] - RMI TCP Connection(2)-192.168.208.1: (port 64300) op = 82
2026-09-23 10:09:38.608 [RMI TCP Connection(2)-192.168.208.1] DEBUG sun.rmi.transport.tcp [] - RMI TCP Connection(2)-192.168.208.1: (port 64300) op = 80
2026-09-23 10:09:38.608 [RMI TCP Connection(2)-192.168.208.1] DEBUG sun.rmi.loader [] - RMI TCP Connection(2)-192.168.208.1: name = "javax.management.ObjectName", codebase = ""
2026-09-23 10:09:38.608 [RMI TCP Connection(2)-192.168.208.1] DEBUG javax.management.remote.rmi [] - connectionId=rmi://192.168.208.1  1, name=java.lang:type=OperatingSystem, attribute=ProcessCpuLoad
2026-09-23 10:09:38.627 [RMI TCP Connection(2)-192.168.208.1] DEBUG sun.rmi.transport.tcp [] - RMI TCP Connection(2)-192.168.208.1: (port 64300) op = 82
2026-09-23 10:09:38.627 [RMI TCP Connection(2)-192.168.208.1] DEBUG sun.rmi.transport.tcp [] - RMI TCP Connection(2)-192.168.208.1: (port 64300) op = 80
2026-09-23 10:09:38.627 [RMI TCP Connection(2)-192.168.208.1] DEBUG sun.rmi.loader [] - RMI TCP Connection(2)-192.168.208.1: name = "javax.management.ObjectName", codebase = ""
2026-09-23 10:09:38.627 [RMI TCP Connection(2)-192.168.208.1] DEBUG javax.management.remote.rmi [] - connectionId=rmi://192.168.208.1  1, name=java.lang:type=Memory, attribute=HeapMemoryUsage
2026-09-23 10:09:38.629 [RMI TCP Connection(2)-192.168.208.1] DEBUG sun.rmi.transport.tcp [] - RMI TCP Connection(2)-192.168.208.1: (port 64300) op = 82
2026-09-23 10:09:38.629 [RMI TCP Connection(2)-192.168.208.1] DEBUG sun.rmi.transport.tcp [] - RMI TCP Connection(2)-192.168.208.1: (port 64300) op = 80
2026-09-23 10:09:38.629 [RMI TCP Connection(2)-192.168.208.1] DEBUG sun.rmi.loader [] - RMI TCP Connection(2)-192.168.208.1: name = "javax.management.ObjectName", codebase = ""
2026-09-23 10:09:38.629 [RMI TCP Connection(2)-192.168.208.1] DEBUG javax.management.remote.rmi [] - connectionId=rmi://192.168.208.1  1, name=java.lang:type=Memory, attribute=HeapMemoryUsage
2026-09-23 10:09:39.629 [RMI TCP Connection(2)-192.168.208.1] DEBUG sun.rmi.transport.tcp [] - RMI TCP Connection(2)-192.168.208.1: (port 64300) op = 82
2026-09-23 10:09:39.629 [RMI TCP Connection(2)-192.168.208.1] DEBUG sun.rmi.transport.tcp [] - RMI TCP Connection(2)-192.168.208.1: (port 64300) op = 80
2026-09-23 10:09:39.630 [RMI TCP Connection(2)-192.168.208.1] DEBUG sun.rmi.loader [] - RMI TCP Connection(2)-192.168.208.1: name = "javax.management.ObjectName", codebase = ""
2026-09-23 10:09:39.630 [RMI TCP Connection(2)-192.168.208.1] DEBUG javax.management.remote.rmi [] - connectionId=rmi://192.168.208.1  1, name=java.lang:type=OperatingSystem, attribute=ProcessCpuLoad
2026-09-23 10:09:39.650 [RMI TCP Connection(2)-192.168.208.1] DEBUG sun.rmi.transport.tcp [] - RMI TCP Connection(2)-192.168.208.1: (port 64300) op = 82
2026-09-23 10:09:39.650 [RMI TCP Connection(2)-192.168.208.1] DEBUG sun.rmi.transport.tcp [] - RMI TCP Connection(2)-192.168.208.1: (port 64300) op = 80
2026-09-23 10:09:39.650 [RMI TCP Connection(2)-192.168.208.1] DEBUG sun.rmi.loader [] - RMI TCP Connection(2)-192.168.208.1: name = "javax.management.ObjectName", codebase = ""
2026-09-23 10:09:39.651 [RMI TCP Connection(2)-192.168.208.1] DEBUG javax.management.remote.rmi [] - connectionId=rmi://192.168.208.1  1, name=java.lang:type=Memory, attribute=HeapMemoryUsage
2026-09-23 10:09:39.651 [RMI TCP Connection(2)-192.168.208.1] DEBUG sun.rmi.transport.tcp [] - RMI TCP Connection(2)-192.168.208.1: (port 64300) op = 82
2026-09-23 10:09:39.651 [RMI TCP Connection(2)-192.168.208.1] DEBUG sun.rmi.transport.tcp [] - RMI TCP Connection(2)-192.168.208.1: (port 64300) op = 80
2026-09-23 10:09:39.651 [RMI TCP Connection(2)-192.168.208.1] DEBUG sun.rmi.loader [] - RMI TCP Connection(2)-192.168.208.1: name = "javax.management.ObjectName", codebase = ""
2026-09-23 10:09:39.651 [RMI TCP Connection(2)-192.168.208.1] DEBUG javax.management.remote.rmi [] - connectionId=rmi://192.168.208.1  1, name=java.lang:type=Memory, attribute=HeapMemoryUsage
2026-09-23 10:09:40.652 [RMI TCP Connection(2)-192.168.208.1] DEBUG sun.rmi.transport.tcp [] - RMI TCP Connection(2)-192.168.208.1: (port 64300) op = 82
2026-09-23 10:09:40.652 [RMI TCP Connection(2)-192.168.208.1] DEBUG sun.rmi.transport.tcp [] - RMI TCP Connection(2)-192.168.208.1: (port 64300) op = 80
2026-09-23 10:09:40.652 [RMI TCP Connection(2)-192.168.208.1] DEBUG sun.rmi.loader [] - RMI TCP Connection(2)-192.168.208.1: name = "javax.management.ObjectName", codebase = ""
2026-09-23 10:09:40.652 [RMI TCP Connection(2)-192.168.208.1] DEBUG javax.management.remote.rmi [] - connectionId=rmi://192.168.208.1  1, name=java.lang:type=OperatingSystem, attribute=ProcessCpuLoad
2026-09-23 10:09:40.671 [RMI TCP Connection(2)-192.168.208.1] DEBUG sun.rmi.transport.tcp [] - RMI TCP Connection(2)-192.168.208.1: (port 64300) op = 82
2026-09-23 10:09:40.671 [RMI TCP Connection(2)-192.168.208.1] DEBUG sun.rmi.transport.tcp [] - RMI TCP Connection(2)-192.168.208.1: (port 64300) op = 80
2026-09-23 10:09:40.671 [RMI TCP Connection(2)-192.168.208.1] DEBUG sun.rmi.loader [] - RMI TCP Connection(2)-192.168.208.1: name = "javax.management.ObjectName", codebase = ""
2026-09-23 10:09:40.671 [RMI TCP Connection(2)-192.168.208.1] DEBUG javax.management.remote.rmi [] - connectionId=rmi://192.168.208.1  1, name=java.lang:type=Memory, attribute=HeapMemoryUsage
2026-09-23 10:09:40.671 [RMI TCP Connection(2)-192.168.208.1] DEBUG sun.rmi.transport.tcp [] - RMI TCP Connection(2)-192.168.208.1: (port 64300) op = 80
2026-09-23 10:09:40.671 [RMI TCP Connection(2)-192.168.208.1] DEBUG sun.rmi.loader [] - RMI TCP Connection(2)-192.168.208.1: name = "javax.management.ObjectName", codebase = ""
2026-09-23 10:09:40.671 [RMI TCP Connection(2)-192.168.208.1] DEBUG javax.management.remote.rmi [] - connectionId=rmi://192.168.208.1  1, name=java.lang:type=Memory, attribute=HeapMemoryUsage
2026-09-23 10:09:41.673 [RMI TCP Connection(2)-192.168.208.1] DEBUG sun.rmi.transport.tcp [] - RMI TCP Connection(2)-192.168.208.1: (port 64300) op = 82
2026-09-23 10:09:41.673 [RMI TCP Connection(2)-192.168.208.1] DEBUG sun.rmi.transport.tcp [] - RMI TCP Connection(2)-192.168.208.1: (port 64300) op = 80
2026-09-23 10:09:41.673 [RMI TCP Connection(2)-192.168.208.1] DEBUG sun.rmi.loader [] - RMI TCP Connection(2)-192.168.208.1: name = "javax.management.ObjectName", codebase = ""
2026-09-23 10:09:41.673 [RMI TCP Connection(2)-192.168.208.1] DEBUG javax.management.remote.rmi [] - connectionId=rmi://192.168.208.1  1, name=java.lang:type=OperatingSystem, attribute=ProcessCpuLoad
2026-09-23 10:09:41.691 [RMI TCP Connection(2)-192.168.208.1] DEBUG sun.rmi.transport.tcp [] - RMI TCP Connection(2)-192.168.208.1: (port 64300) op = 82
2026-09-23 10:09:41.691 [RMI TCP Connection(2)-192.168.208.1] DEBUG sun.rmi.transport.tcp [] - RMI TCP Connection(2)-192.168.208.1: (port 64300) op = 80
2026-09-23 10:09:41.691 [RMI TCP Connection(2)-192.168.208.1] DEBUG sun.rmi.loader [] - RMI TCP Connection(2)-192.168.208.1: name = "javax.management.ObjectName", codebase = ""
2026-09-23 10:09:41.691 [RMI TCP Connection(2)-192.168.208.1] DEBUG javax.management.remote.rmi [] - connectionId=rmi://192.168.208.1  1, name=java.lang:type=Memory, attribute=HeapMemoryUsage
2026-09-23 10:09:41.691 [RMI TCP Connection(2)-192.168.208.1] DEBUG sun.rmi.transport.tcp [] - RMI TCP Connection(2)-192.168.208.1: (port 64300) op = 82
2026-09-23 10:09:41.691 [RMI TCP Connection(2)-192.168.208.1] DEBUG sun.rmi.transport.tcp [] - RMI TCP Connection(2)-192.168.208.1: (port 64300) op = 80
2026-09-23 10:09:41.691 [RMI TCP Connection(2)-192.168.208.1] DEBUG sun.rmi.loader [] - RMI TCP Connection(2)-192.168.208.1: name = "javax.management.ObjectName", codebase = ""
2026-09-23 10:09:41.691 [RMI TCP Connection(2)-192.168.208.1] DEBUG javax.management.remote.rmi [] - connectionId=rmi://192.168.208.1  1, name=java.lang:type=Memory, attribute=HeapMemoryUsage
2026-09-23 10:09:42.693 [RMI TCP Connection(2)-192.168.208.1] DEBUG sun.rmi.transport.tcp [] - RMI TCP Connection(2)-192.168.208.1: (port 64300) op = 82
2026-09-23 10:09:42.693 [RMI TCP Connection(2)-192.168.208.1] DEBUG sun.rmi.transport.tcp [] - RMI TCP Connection(2)-192.168.208.1: (port 64300) op = 80
2026-09-23 10:09:42.693 [RMI TCP Connection(2)-192.168.208.1] DEBUG sun.rmi.loader [] - RMI TCP Connection(2)-192.168.208.1: name = "javax.management.ObjectName", codebase = ""
2026-09-23 10:09:42.693 [RMI TCP Connection(2)-192.168.208.1] DEBUG javax.management.remote.rmi [] - connectionId=rmi://192.168.208.1  1, name=java.lang:type=OperatingSystem, attribute=ProcessCpuLoad
2026-09-23 10:09:42.712 [RMI TCP Connection(2)-192.168.208.1] DEBUG sun.rmi.transport.tcp [] - RMI TCP Connection(2)-192.168.208.1: (port 64300) op = 82
2026-09-23 10:09:42.712 [RMI TCP Connection(2)-192.168.208.1] DEBUG sun.rmi.transport.tcp [] - RMI TCP Connection(2)-192.168.208.1: (port 64300) op = 80
2026-09-23 10:09:42.712 [RMI TCP Connection(2)-192.168.208.1] DEBUG sun.rmi.loader [] - RMI TCP Connection(2)-192.168.208.1: name = "javax.management.ObjectName", codebase = ""
2026-09-23 10:09:42.712 [RMI TCP Connection(2)-192.168.208.1] DEBUG javax.management.remote.rmi [] - connectionId=rmi://192.168.208.1  1, name=java.lang:type=Memory, attribute=HeapMemoryUsage
2026-09-23 10:09:42.713 [RMI TCP Connection(2)-192.168.208.1] DEBUG sun.rmi.transport.tcp [] - RMI TCP Connection(2)-192.168.208.1: (port 64300) op = 82
2026-09-23 10:09:42.713 [RMI TCP Connection(2)-192.168.208.1] DEBUG sun.rmi.transport.tcp [] - RMI TCP Connection(2)-192.168.208.1: (port 64300) op = 80
2026-09-23 10:09:42.713 [RMI TCP Connection(2)-192.168.208.1] DEBUG sun.rmi.loader [] - RMI TCP Connection(2)-192.168.208.1: name = "javax.management.ObjectName", codebase = ""
2026-09-23 10:09:42.713 [RMI TCP Connection(2)-192.168.208.1] DEBUG javax.management.remote.rmi [] - connectionId=rmi://192.168.208.1  1, name=java.lang:type=Memory, attribute=HeapMemoryUsage
2026-09-23 10:09:43.715 [RMI TCP Connection(2)-192.168.208.1] DEBUG sun.rmi.transport.tcp [] - RMI TCP Connection(2)-192.168.208.1: (port 64300) op = 82
2026-09-23 10:09:43.715 [RMI TCP Connection(2)-192.168.208.1] DEBUG sun.rmi.transport.tcp [] - RMI TCP Connection(2)-192.168.208.1: (port 64300) op = 80
2026-09-23 10:09:43.715 [RMI TCP Connection(2)-192.168.208.1] DEBUG sun.rmi.loader [] - RMI TCP Connection(2)-192.168.208.1: name = "javax.management.ObjectName", codebase = ""
2026-09-23 10:09:43.715 [RMI TCP Connection(2)-192.168.208.1] DEBUG javax.management.remote.rmi [] - connectionId=rmi://192.168.208.1  1, name=java.lang:type=OperatingSystem, attribute=ProcessCpuLoad
2026-09-23 10:09:43.734 [RMI TCP Connection(2)-192.168.208.1] DEBUG sun.rmi.transport.tcp [] - RMI TCP Connection(2)-192.168.208.1: (port 64300) op = 82
2026-09-23 10:09:43.734 [RMI TCP Connection(2)-192.168.208.1] DEBUG sun.rmi.transport.tcp [] - RMI TCP Connection(2)-192.168.208.1: (port 64300) op = 80
2026-09-23 10:09:43.734 [RMI TCP Connection(2)-192.168.208.1] DEBUG sun.rmi.loader [] - RMI TCP Connection(2)-192.168.208.1: name = "javax.management.ObjectName", codebase = ""
2026-09-23 10:09:43.734 [RMI TCP Connection(2)-192.168.208.1] DEBUG javax.management.remote.rmi [] - connectionId=rmi://192.168.208.1  1, name=java.lang:type=Memory, attribute=HeapMemoryUsage
2026-09-23 10:09:43.735 [RMI TCP Connection(2)-192.168.208.1] DEBUG sun.rmi.transport.tcp [] - RMI TCP Connection(2)-192.168.208.1: (port 64300) op = 82
2026-09-23 10:09:43.735 [RMI TCP Connection(2)-192.168.208.1] DEBUG sun.rmi.transport.tcp [] - RMI TCP Connection(2)-192.168.208.1: (port 64300) op = 80
2026-09-23 10:09:43.735 [RMI TCP Connection(2)-192.168.208.1] DEBUG sun.rmi.loader [] - RMI TCP Connection(2)-192.168.208.1: name = "javax.management.ObjectName", codebase = ""
2026-09-23 10:09:43.735 [RMI TCP Connection(2)-192.168.208.1] DEBUG javax.management.remote.rmi [] - connectionId=rmi://192.168.208.1  1, name=java.lang:type=Memory, attribute=HeapMemoryUsage
2026-09-23 10:09:44.736 [RMI TCP Connection(2)-192.168.208.1] DEBUG sun.rmi.transport.tcp [] - RMI TCP Connection(2)-192.168.208.1: (port 64300) op = 82
2026-09-23 10:09:44.736 [RMI TCP Connection(2)-192.168.208.1] DEBUG sun.rmi.transport.tcp [] - RMI TCP Connection(2)-192.168.208.1: (port 64300) op = 80
2026-09-23 10:09:44.736 [RMI TCP Connection(2)-192.168.208.1] DEBUG sun.rmi.loader [] - RMI TCP Connection(2)-192.168.208.1: name = "javax.management.ObjectName", codebase = ""
2026-09-23 10:09:44.736 [RMI TCP Connection(2)-192.168.208.1] DEBUG javax.management.remote.rmi [] - connectionId=rmi://192.168.208.1  1, name=java.lang:type=OperatingSystem, attribute=ProcessCpuLoad
2026-09-23 10:09:44.756 [RMI TCP Connection(2)-192.168.208.1] DEBUG sun.rmi.transport.tcp [] - RMI TCP Connection(2)-192.168.208.1: (port 64300) op = 82
2026-09-23 10:09:44.756 [RMI TCP Connection(2)-192.168.208.1] DEBUG sun.rmi.transport.tcp [] - RMI TCP Connection(2)-192.168.208.1: (port 64300) op = 80
2026-09-23 10:09:44.756 [RMI TCP Connection(2)-192.168.208.1] DEBUG sun.rmi.loader [] - RMI TCP Connection(2)-192.168.208.1: name = "javax.management.ObjectName", codebase = ""
2026-09-23 10:09:44.756 [RMI TCP Connection(2)-192.168.208.1] DEBUG javax.management.remote.rmi [] - connectionId=rmi://192.168.208.1  1, name=java.lang:type=Memory, attribute=HeapMemoryUsage
2026-09-23 10:09:44.757 [RMI TCP Connection(2)-192.168.208.1] DEBUG sun.rmi.transport.tcp [] - RMI TCP Connection(2)-192.168.208.1: (port 64300) op = 82
2026-09-23 10:09:44.757 [RMI TCP Connection(2)-192.168.208.1] DEBUG sun.rmi.transport.tcp [] - RMI TCP Connection(2)-192.168.208.1: (port 64300) op = 80
2026-09-23 10:09:44.757 [RMI TCP Connection(2)-192.168.208.1] DEBUG sun.rmi.loader [] - RMI TCP Connection(2)-192.168.208.1: name = "javax.management.ObjectName", codebase = ""
2026-09-23 10:09:44.757 [RMI TCP Connection(2)-192.168.208.1] DEBUG javax.management.remote.rmi [] - connectionId=rmi://192.168.208.1  1, name=java.lang:type=Memory, attribute=HeapMemoryUsage
2026-09-23 10:09:45.759 [RMI TCP Connection(2)-192.168.208.1] DEBUG sun.rmi.transport.tcp [] - RMI TCP Connection(2)-192.168.208.1: (port 64300) op = 82
2026-09-23 10:09:45.760 [RMI TCP Connection(2)-192.168.208.1] DEBUG sun.rmi.transport.tcp [] - RMI TCP Connection(2)-192.168.208.1: (port 64300) op = 80
2026-09-23 10:09:45.760 [RMI TCP Connection(2)-192.168.208.1] DEBUG sun.rmi.loader [] - RMI TCP Connection(2)-192.168.208.1: name = "javax.management.ObjectName", codebase = ""
2026-09-23 10:09:45.760 [RMI TCP Connection(2)-192.168.208.1] DEBUG javax.management.remote.rmi [] - connectionId=rmi://192.168.208.1  1, name=java.lang:type=OperatingSystem, attribute=ProcessCpuLoad
2026-09-23 10:09:45.779 [RMI TCP Connection(2)-192.168.208.1] DEBUG sun.rmi.transport.tcp [] - RMI TCP Connection(2)-192.168.208.1: (port 64300) op = 82
2026-09-23 10:09:45.779 [RMI TCP Connection(2)-192.168.208.1] DEBUG sun.rmi.transport.tcp [] - RMI TCP Connection(2)-192.168.208.1: (port 64300) op = 80
2026-09-23 10:09:45.779 [RMI TCP Connection(2)-192.168.208.1] DEBUG sun.rmi.loader [] - RMI TCP Connection(2)-192.168.208.1: name = "javax.management.ObjectName", codebase = ""
2026-09-23 10:09:45.779 [RMI TCP Connection(2)-192.168.208.1] DEBUG javax.management.remote.rmi [] - connectionId=rmi://192.168.208.1  1, name=java.lang:type=Memory, attribute=HeapMemoryUsage
2026-09-23 10:09:45.779 [RMI TCP Connection(2)-192.168.208.1] DEBUG sun.rmi.transport.tcp [] - RMI TCP Connection(2)-192.168.208.1: (port 64300) op = 82
2026-09-23 10:09:45.779 [RMI TCP Connection(2)-192.168.208.1] DEBUG sun.rmi.transport.tcp [] - RMI TCP Connection(2)-192.168.208.1: (port 64300) op = 80
2026-09-23 10:09:45.779 [RMI TCP Connection(2)-192.168.208.1] DEBUG sun.rmi.loader [] - RMI TCP Connection(2)-192.168.208.1: name = "javax.management.ObjectName", codebase = ""
2026-09-23 10:09:45.779 [RMI TCP Connection(2)-192.168.208.1] DEBUG javax.management.remote.rmi [] - connectionId=rmi://192.168.208.1  1, name=java.lang:type=Memory, attribute=HeapMemoryUsage
2026-09-23 10:09:46.781 [RMI TCP Connection(2)-192.168.208.1] DEBUG sun.rmi.transport.tcp [] - RMI TCP Connection(2)-192.168.208.1: (port 64300) op = 82
2026-09-23 10:09:46.781 [RMI TCP Connection(2)-192.168.208.1] DEBUG sun.rmi.transport.tcp [] - RMI TCP Connection(2)-192.168.208.1: (port 64300) op = 80
2026-09-23 10:09:46.781 [RMI TCP Connection(2)-192.168.208.1] DEBUG sun.rmi.loader [] - RMI TCP Connection(2)-192.168.208.1: name = "javax.management.ObjectName", codebase = ""
2026-09-23 10:09:46.781 [RMI TCP Connection(2)-192.168.208.1] DEBUG javax.management.remote.rmi [] - connectionId=rmi://192.168.208.1  1, name=java.lang:type=OperatingSystem, attribute=ProcessCpuLoad
2026-09-23 10:09:46.802 [RMI TCP Connection(2)-192.168.208.1] DEBUG sun.rmi.transport.tcp [] - RMI TCP Connection(2)-192.168.208.1: (port 64300) op = 82
2026-09-23 10:09:46.802 [RMI TCP Connection(2)-192.168.208.1] DEBUG sun.rmi.transport.tcp [] - RMI TCP Connection(2)-192.168.208.1: (port 64300) op = 80
2026-09-23 10:09:46.802 [RMI TCP Connection(2)-192.168.208.1] DEBUG sun.rmi.loader [] - RMI TCP Connection(2)-192.168.208.1: name = "javax.management.ObjectName", codebase = ""
2026-09-23 10:09:46.802 [RMI TCP Connection(2)-192.168.208.1] DEBUG javax.management.remote.rmi [] - connectionId=rmi://192.168.208.1  1, name=java.lang:type=Memory, attribute=HeapMemoryUsage
2026-09-23 10:09:46.803 [RMI TCP Connection(2)-192.168.208.1] DEBUG sun.rmi.transport.tcp [] - RMI TCP Connection(2)-192.168.208.1: (port 64300) op = 82
2026-09-23 10:09:46.803 [RMI TCP Connection(2)-192.168.208.1] DEBUG sun.rmi.transport.tcp [] - RMI TCP Connection(2)-192.168.208.1: (port 64300) op = 80
2026-09-23 10:09:46.803 [RMI TCP Connection(2)-192.168.208.1] DEBUG sun.rmi.loader [] - RMI TCP Connection(2)-192.168.208.1: name = "javax.management.ObjectName", codebase = ""
2026-09-23 10:09:46.803 [RMI TCP Connection(2)-192.168.208.1] DEBUG javax.management.remote.rmi [] - connectionId=rmi://192.168.208.1  1, name=java.lang:type=Memory, attribute=HeapMemoryUsage
2026-09-23 10:09:47.805 [RMI TCP Connection(2)-192.168.208.1] DEBUG sun.rmi.transport.tcp [] - RMI TCP Connection(2)-192.168.208.1: (port 64300) op = 82
2026-09-23 10:09:47.805 [RMI TCP Connection(2)-192.168.208.1] DEBUG sun.rmi.transport.tcp [] - RMI TCP Connection(2)-192.168.208.1: (port 64300) op = 80
2026-09-23 10:09:47.805 [RMI TCP Connection(2)-192.168.208.1] DEBUG sun.rmi.loader [] - RMI TCP Connection(2)-192.168.208.1: name = "javax.management.ObjectName", codebase = ""
2026-09-23 10:09:47.805 [RMI TCP Connection(2)-192.168.208.1] DEBUG javax.management.remote.rmi [] - connectionId=rmi://192.168.208.1  1, name=java.lang:type=OperatingSystem, attribute=ProcessCpuLoad
2026-09-23 10:09:47.825 [RMI TCP Connection(2)-192.168.208.1] DEBUG sun.rmi.transport.tcp [] - RMI TCP Connection(2)-192.168.208.1: (port 64300) op = 82
2026-09-23 10:09:47.825 [RMI TCP Connection(2)-192.168.208.1] DEBUG sun.rmi.transport.tcp [] - RMI TCP Connection(2)-192.168.208.1: (port 64300) op = 80
2026-09-23 10:09:47.825 [RMI TCP Connection(2)-192.168.208.1] DEBUG sun.rmi.loader [] - RMI TCP Connection(2)-192.168.208.1: name = "javax.management.ObjectName", codebase = ""
2026-09-23 10:09:47.825 [RMI TCP Connection(2)-192.168.208.1] DEBUG javax.management.remote.rmi [] - connectionId=rmi://192.168.208.1  1, name=java.lang:type=Memory, attribute=HeapMemoryUsage
2026-09-23 10:09:47.825 [RMI TCP Connection(2)-192.168.208.1] DEBUG sun.rmi.transport.tcp [] - RMI TCP Connection(2)-192.168.208.1: (port 64300) op = 82
2026-09-23 10:09:47.827 [RMI TCP Connection(2)-192.168.208.1] DEBUG sun.rmi.transport.tcp [] - RMI TCP Connection(2)-192.168.208.1: (port 64300) op = 80
2026-09-23 10:09:47.827 [RMI TCP Connection(2)-192.168.208.1] DEBUG sun.rmi.loader [] - RMI TCP Connection(2)-192.168.208.1: name = "javax.management.ObjectName", codebase = ""
2026-09-23 10:09:47.827 [RMI TCP Connection(2)-192.168.208.1] DEBUG javax.management.remote.rmi [] - connectionId=rmi://192.168.208.1  1, name=java.lang:type=Memory, attribute=HeapMemoryUsage
2026-09-23 10:09:48.828 [RMI TCP Connection(2)-192.168.208.1] DEBUG sun.rmi.transport.tcp [] - RMI TCP Connection(2)-192.168.208.1: (port 64300) op = 82
2026-09-23 10:09:48.828 [RMI TCP Connection(2)-192.168.208.1] DEBUG sun.rmi.transport.tcp [] - RMI TCP Connection(2)-192.168.208.1: (port 64300) op = 80
2026-09-23 10:09:48.828 [RMI TCP Connection(2)-192.168.208.1] DEBUG sun.rmi.loader [] - RMI TCP Connection(2)-192.168.208.1: name = "javax.management.ObjectName", codebase = ""
2026-09-23 10:09:48.828 [RMI TCP Connection(2)-192.168.208.1] DEBUG javax.management.remote.rmi [] - connectionId=rmi://192.168.208.1  1, name=java.lang:type=OperatingSystem, attribute=ProcessCpuLoad
2026-09-23 10:09:48.853 [RMI TCP Connection(2)-192.168.208.1] DEBUG sun.rmi.transport.tcp [] - RMI TCP Connection(2)-192.168.208.1: (port 64300) op = 82
2026-09-23 10:09:48.853 [RMI TCP Connection(2)-192.168.208.1] DEBUG sun.rmi.transport.tcp [] - RMI TCP Connection(2)-192.168.208.1: (port 64300) op = 80
2026-09-23 10:09:48.853 [RMI TCP Connection(2)-192.168.208.1] DEBUG sun.rmi.loader [] - RMI TCP Connection(2)-192.168.208.1: name = "javax.management.ObjectName", codebase = ""
2026-09-23 10:09:48.853 [RMI TCP Connection(2)-192.168.208.1] DEBUG javax.management.remote.rmi [] - connectionId=rmi://192.168.208.1  1, name=java.lang:type=Memory, attribute=HeapMemoryUsage
2026-09-23 10:09:48.854 [RMI TCP Connection(2)-192.168.208.1] DEBUG sun.rmi.transport.tcp [] - RMI TCP Connection(2)-192.168.208.1: (port 64300) op = 82
2026-09-23 10:09:48.854 [RMI TCP Connection(2)-192.168.208.1] DEBUG sun.rmi.transport.tcp [] - RMI TCP Connection(2)-192.168.208.1: (port 64300) op = 80
2026-09-23 10:09:48.854 [RMI TCP Connection(2)-192.168.208.1] DEBUG sun.rmi.loader [] - RMI TCP Connection(2)-192.168.208.1: name = "javax.management.ObjectName", codebase = ""
2026-09-23 10:09:48.854 [RMI TCP Connection(2)-192.168.208.1] DEBUG javax.management.remote.rmi [] - connectionId=rmi://192.168.208.1  1, name=java.lang:type=Memory, attribute=HeapMemoryUsage
2026-09-23 10:09:49.858 [RMI TCP Connection(2)-192.168.208.1] DEBUG sun.rmi.transport.tcp [] - RMI TCP Connection(2)-192.168.208.1: (port 64300) op = 82
2026-09-23 10:09:49.858 [RMI TCP Connection(2)-192.168.208.1] DEBUG sun.rmi.transport.tcp [] - RMI TCP Connection(2)-192.168.208.1: (port 64300) op = 80
2026-09-23 10:09:49.858 [RMI TCP Connection(2)-192.168.208.1] DEBUG sun.rmi.loader [] - RMI TCP Connection(2)-192.168.208.1: name = "javax.management.ObjectName", codebase = ""
2026-09-23 10:09:49.858 [RMI TCP Connection(2)-192.168.208.1] DEBUG javax.management.remote.rmi [] - connectionId=rmi://192.168.208.1  1, name=java.lang:type=OperatingSystem, attribute=ProcessCpuLoad
2026-09-23 10:09:49.880 [RMI TCP Connection(2)-192.168.208.1] DEBUG sun.rmi.transport.tcp [] - RMI TCP Connection(2)-192.168.208.1: (port 64300) op = 82
2026-09-23 10:09:49.880 [RMI TCP Connection(2)-192.168.208.1] DEBUG sun.rmi.transport.tcp [] - RMI TCP Connection(2)-192.168.208.1: (port 64300) op = 80
2026-09-23 10:09:49.880 [RMI TCP Connection(2)-192.168.208.1] DEBUG sun.rmi.loader [] - RMI TCP Connection(2)-192.168.208.1: name = "javax.management.ObjectName", codebase = ""
2026-09-23 10:09:49.880 [RMI TCP Connection(2)-192.168.208.1] DEBUG javax.management.remote.rmi [] - connectionId=rmi://192.168.208.1  1, name=java.lang:type=Memory, attribute=HeapMemoryUsage
2026-09-23 10:09:49.881 [RMI TCP Connection(2)-192.168.208.1] DEBUG sun.rmi.transport.tcp [] - RMI TCP Connection(2)-192.168.208.1: (port 64300) op = 82
2026-09-23 10:09:49.881 [RMI TCP Connection(2)-192.168.208.1] DEBUG sun.rmi.transport.tcp [] - RMI TCP Connection(2)-192.168.208.1: (port 64300) op = 80
2026-09-23 10:09:49.881 [RMI TCP Connection(2)-192.168.208.1] DEBUG sun.rmi.loader [] - RMI TCP Connection(2)-192.168.208.1: name = "javax.management.ObjectName", codebase = ""
2026-09-23 10:09:49.881 [RMI TCP Connection(2)-192.168.208.1] DEBUG javax.management.remote.rmi [] - connectionId=rmi://192.168.208.1  1, name=java.lang:type=Memory, attribute=HeapMemoryUsage
2026-09-23 10:09:49.972 [RMI TCP Connection(2)-192.168.208.1] DEBUG sun.rmi.transport.tcp [] - RMI TCP Connection(2)-192.168.208.1: (port 64300) op = 82
2026-09-23 10:09:49.972 [RMI TCP Connection(2)-192.168.208.1] DEBUG sun.rmi.transport.tcp [] - RMI TCP Connection(2)-192.168.208.1: (port 64300) op = 80
2026-09-23 10:09:49.972 [RMI TCP Connection(2)-192.168.208.1] DEBUG javax.management.remote.rmi [] - connectionId=rmi://192.168.208.1  1
2026-09-23 10:09:50.882 [RMI TCP Connection(2)-192.168.208.1] DEBUG sun.rmi.transport.tcp [] - RMI TCP Connection(2)-192.168.208.1: (port 64300) op = 82
2026-09-23 10:09:50.882 [RMI TCP Connection(2)-192.168.208.1] DEBUG sun.rmi.transport.tcp [] - RMI TCP Connection(2)-192.168.208.1: (port 64300) op = 80
2026-09-23 10:09:50.882 [RMI TCP Connection(2)-192.168.208.1] DEBUG sun.rmi.loader [] - RMI TCP Connection(2)-192.168.208.1: name = "javax.management.ObjectName", codebase = ""
2026-09-23 10:09:50.882 [RMI TCP Connection(2)-192.168.208.1] DEBUG javax.management.remote.rmi [] - connectionId=rmi://192.168.208.1  1, name=java.lang:type=OperatingSystem, attribute=ProcessCpuLoad
2026-09-23 10:09:50.900 [RMI TCP Connection(2)-192.168.208.1] DEBUG sun.rmi.transport.tcp [] - RMI TCP Connection(2)-192.168.208.1: (port 64300) op = 82
2026-09-23 10:09:50.900 [RMI TCP Connection(2)-192.168.208.1] DEBUG sun.rmi.transport.tcp [] - RMI TCP Connection(2)-192.168.208.1: (port 64300) op = 80
2026-09-23 10:09:50.900 [RMI TCP Connection(2)-192.168.208.1] DEBUG sun.rmi.loader [] - RMI TCP Connection(2)-192.168.208.1: name = "javax.management.ObjectName", codebase = ""
2026-09-23 10:09:50.902 [RMI TCP Connection(2)-192.168.208.1] DEBUG javax.management.remote.rmi [] - connectionId=rmi://192.168.208.1  1, name=java.lang:type=Memory, attribute=HeapMemoryUsage
2026-09-23 10:09:50.902 [RMI TCP Connection(2)-192.168.208.1] DEBUG sun.rmi.transport.tcp [] - RMI TCP Connection(2)-192.168.208.1: (port 64300) op = 82
2026-09-23 10:09:50.902 [RMI TCP Connection(2)-192.168.208.1] DEBUG sun.rmi.transport.tcp [] - RMI TCP Connection(2)-192.168.208.1: (port 64300) op = 80
2026-09-23 10:09:50.902 [RMI TCP Connection(2)-192.168.208.1] DEBUG sun.rmi.loader [] - RMI TCP Connection(2)-192.168.208.1: name = "javax.management.ObjectName", codebase = ""
2026-09-23 10:09:50.902 [RMI TCP Connection(2)-192.168.208.1] DEBUG javax.management.remote.rmi [] - connectionId=rmi://192.168.208.1  1, name=java.lang:type=Memory, attribute=HeapMemoryUsage
2026-09-23 10:09:51.903 [RMI TCP Connection(2)-192.168.208.1] DEBUG sun.rmi.transport.tcp [] - RMI TCP Connection(2)-192.168.208.1: (port 64300) op = 82
2026-09-23 10:09:51.904 [RMI TCP Connection(2)-192.168.208.1] DEBUG sun.rmi.transport.tcp [] - RMI TCP Connection(2)-192.168.208.1: (port 64300) op = 80
2026-09-23 10:09:51.904 [RMI TCP Connection(2)-192.168.208.1] DEBUG sun.rmi.loader [] - RMI TCP Connection(2)-192.168.208.1: name = "javax.management.ObjectName", codebase = ""
2026-09-23 10:09:51.904 [RMI TCP Connection(2)-192.168.208.1] DEBUG javax.management.remote.rmi [] - connectionId=rmi://192.168.208.1  1, name=java.lang:type=OperatingSystem, attribute=ProcessCpuLoad
2026-09-23 10:09:51.922 [RMI TCP Connection(2)-192.168.208.1] DEBUG sun.rmi.transport.tcp [] - RMI TCP Connection(2)-192.168.208.1: (port 64300) op = 80
2026-09-23 10:09:51.922 [RMI TCP Connection(2)-192.168.208.1] DEBUG sun.rmi.loader [] - RMI TCP Connection(2)-192.168.208.1: name = "javax.management.ObjectName", codebase = ""
2026-09-23 10:09:51.922 [RMI TCP Connection(2)-192.168.208.1] DEBUG javax.management.remote.rmi [] - connectionId=rmi://192.168.208.1  1, name=java.lang:type=Memory, attribute=HeapMemoryUsage
2026-09-23 10:09:51.922 [RMI TCP Connection(2)-192.168.208.1] DEBUG sun.rmi.transport.tcp [] - RMI TCP Connection(2)-192.168.208.1: (port 64300) op = 80
2026-09-23 10:09:51.922 [RMI TCP Connection(2)-192.168.208.1] DEBUG sun.rmi.loader [] - RMI TCP Connection(2)-192.168.208.1: name = "javax.management.ObjectName", codebase = ""
2026-09-23 10:09:51.922 [RMI TCP Connection(2)-192.168.208.1] DEBUG javax.management.remote.rmi [] - connectionId=rmi://192.168.208.1  1, name=java.lang:type=Memory, attribute=HeapMemoryUsage
2026-09-23 10:09:52.924 [RMI TCP Connection(2)-192.168.208.1] DEBUG sun.rmi.transport.tcp [] - RMI TCP Connection(2)-192.168.208.1: (port 64300) op = 82
2026-09-23 10:09:52.924 [RMI TCP Connection(2)-192.168.208.1] DEBUG sun.rmi.transport.tcp [] - RMI TCP Connection(2)-192.168.208.1: (port 64300) op = 80
2026-09-23 10:09:52.924 [RMI TCP Connection(2)-192.168.208.1] DEBUG sun.rmi.loader [] - RMI TCP Connection(2)-192.168.208.1: name = "javax.management.ObjectName", codebase = ""
2026-09-23 10:09:52.924 [RMI TCP Connection(2)-192.168.208.1] DEBUG javax.management.remote.rmi [] - connectionId=rmi://192.168.208.1  1, name=java.lang:type=OperatingSystem, attribute=ProcessCpuLoad
2026-09-23 10:09:52.945 [RMI TCP Connection(2)-192.168.208.1] DEBUG sun.rmi.transport.tcp [] - RMI TCP Connection(2)-192.168.208.1: (port 64300) op = 82
2026-09-23 10:09:52.945 [RMI TCP Connection(2)-192.168.208.1] DEBUG sun.rmi.transport.tcp [] - RMI TCP Connection(2)-192.168.208.1: (port 64300) op = 80
2026-09-23 10:09:52.945 [RMI TCP Connection(2)-192.168.208.1] DEBUG sun.rmi.loader [] - RMI TCP Connection(2)-192.168.208.1: name = "javax.management.ObjectName", codebase = ""
2026-09-23 10:09:52.945 [RMI TCP Connection(2)-192.168.208.1] DEBUG javax.management.remote.rmi [] - connectionId=rmi://192.168.208.1  1, name=java.lang:type=Memory, attribute=HeapMemoryUsage
2026-09-23 10:09:52.946 [RMI TCP Connection(2)-192.168.208.1] DEBUG sun.rmi.transport.tcp [] - RMI TCP Connection(2)-192.168.208.1: (port 64300) op = 82
2026-09-23 10:09:52.946 [RMI TCP Connection(2)-192.168.208.1] DEBUG sun.rmi.transport.tcp [] - RMI TCP Connection(2)-192.168.208.1: (port 64300) op = 80
2026-09-23 10:09:52.946 [RMI TCP Connection(2)-192.168.208.1] DEBUG sun.rmi.loader [] - RMI TCP Connection(2)-192.168.208.1: name = "javax.management.ObjectName", codebase = ""
2026-09-23 10:09:52.946 [RMI TCP Connection(2)-192.168.208.1] DEBUG javax.management.remote.rmi [] - connectionId=rmi://192.168.208.1  1, name=java.lang:type=Memory, attribute=HeapMemoryUsage
2026-09-23 10:09:53.948 [RMI TCP Connection(2)-192.168.208.1] DEBUG sun.rmi.transport.tcp [] - RMI TCP Connection(2)-192.168.208.1: (port 64300) op = 82
2026-09-23 10:09:53.948 [RMI TCP Connection(2)-192.168.208.1] DEBUG sun.rmi.transport.tcp [] - RMI TCP Connection(2)-192.168.208.1: (port 64300) op = 80
2026-09-23 10:09:53.948 [RMI TCP Connection(2)-192.168.208.1] DEBUG sun.rmi.loader [] - RMI TCP Connection(2)-192.168.208.1: name = "javax.management.ObjectName", codebase = ""
2026-09-23 10:09:53.948 [RMI TCP Connection(2)-192.168.208.1] DEBUG javax.management.remote.rmi [] - connectionId=rmi://192.168.208.1  1, name=java.lang:type=OperatingSystem, attribute=ProcessCpuLoad
2026-09-23 10:09:53.971 [RMI TCP Connection(2)-192.168.208.1] DEBUG sun.rmi.transport.tcp [] - RMI TCP Connection(2)-192.168.208.1: (port 64300) op = 82
2026-09-23 10:09:53.971 [RMI TCP Connection(2)-192.168.208.1] DEBUG sun.rmi.transport.tcp [] - RMI TCP Connection(2)-192.168.208.1: (port 64300) op = 80
2026-09-23 10:09:53.971 [RMI TCP Connection(2)-192.168.208.1] DEBUG sun.rmi.loader [] - RMI TCP Connection(2)-192.168.208.1: name = "javax.management.ObjectName", codebase = ""
2026-09-23 10:09:53.971 [RMI TCP Connection(2)-192.168.208.1] DEBUG javax.management.remote.rmi [] - connectionId=rmi://192.168.208.1  1, name=java.lang:type=Memory, attribute=HeapMemoryUsage
2026-09-23 10:09:53.972 [RMI TCP Connection(2)-192.168.208.1] DEBUG sun.rmi.transport.tcp [] - RMI TCP Connection(2)-192.168.208.1: (port 64300) op = 82
2026-09-23 10:09:53.972 [RMI TCP Connection(2)-192.168.208.1] DEBUG sun.rmi.transport.tcp [] - RMI TCP Connection(2)-192.168.208.1: (port 64300) op = 80
2026-09-23 10:09:53.972 [RMI TCP Connection(2)-192.168.208.1] DEBUG sun.rmi.loader [] - RMI TCP Connection(2)-192.168.208.1: name = "javax.management.ObjectName", codebase = ""
2026-09-23 10:09:53.972 [RMI TCP Connection(2)-192.168.208.1] DEBUG javax.management.remote.rmi [] - connectionId=rmi://192.168.208.1  1, name=java.lang:type=Memory, attribute=HeapMemoryUsage
2026-09-23 10:09:54.973 [RMI TCP Connection(2)-192.168.208.1] DEBUG sun.rmi.transport.tcp [] - RMI TCP Connection(2)-192.168.208.1: (port 64300) op = 82
2026-09-23 10:09:54.973 [RMI TCP Connection(2)-192.168.208.1] DEBUG sun.rmi.transport.tcp [] - RMI TCP Connection(2)-192.168.208.1: (port 64300) op = 80
2026-09-23 10:09:54.973 [RMI TCP Connection(2)-192.168.208.1] DEBUG sun.rmi.loader [] - RMI TCP Connection(2)-192.168.208.1: name = "javax.management.ObjectName", codebase = ""
2026-09-23 10:09:54.973 [RMI TCP Connection(2)-192.168.208.1] DEBUG javax.management.remote.rmi [] - connectionId=rmi://192.168.208.1  1, name=java.lang:type=OperatingSystem, attribute=ProcessCpuLoad
2026-09-23 10:09:54.993 [RMI TCP Connection(2)-192.168.208.1] DEBUG sun.rmi.transport.tcp [] - RMI TCP Connection(2)-192.168.208.1: (port 64300) op = 82
2026-09-23 10:09:54.993 [RMI TCP Connection(2)-192.168.208.1] DEBUG sun.rmi.transport.tcp [] - RMI TCP Connection(2)-192.168.208.1: (port 64300) op = 80
2026-09-23 10:09:54.993 [RMI TCP Connection(2)-192.168.208.1] DEBUG sun.rmi.loader [] - RMI TCP Connection(2)-192.168.208.1: name = "javax.management.ObjectName", codebase = ""
2026-09-23 10:09:54.993 [RMI TCP Connection(2)-192.168.208.1] DEBUG javax.management.remote.rmi [] - connectionId=rmi://192.168.208.1  1, name=java.lang:type=Memory, attribute=HeapMemoryUsage
2026-09-23 10:09:54.994 [RMI TCP Connection(2)-192.168.208.1] DEBUG sun.rmi.transport.tcp [] - RMI TCP Connection(2)-192.168.208.1: (port 64300) op = 82
2026-09-23 10:09:54.994 [RMI TCP Connection(2)-192.168.208.1] DEBUG sun.rmi.transport.tcp [] - RMI TCP Connection(2)-192.168.208.1: (port 64300) op = 80
2026-09-23 10:09:54.994 [RMI TCP Connection(2)-192.168.208.1] DEBUG sun.rmi.loader [] - RMI TCP Connection(2)-192.168.208.1: name = "javax.management.ObjectName", codebase = ""
2026-09-23 10:09:54.994 [RMI TCP Connection(2)-192.168.208.1] DEBUG javax.management.remote.rmi [] - connectionId=rmi://192.168.208.1  1, name=java.lang:type=Memory, attribute=HeapMemoryUsage
2026-09-23 10:09:55.997 [RMI TCP Connection(2)-192.168.208.1] DEBUG sun.rmi.transport.tcp [] - RMI TCP Connection(2)-192.168.208.1: (port 64300) op = 82
2026-09-23 10:09:55.997 [RMI TCP Connection(2)-192.168.208.1] DEBUG sun.rmi.transport.tcp [] - RMI TCP Connection(2)-192.168.208.1: (port 64300) op = 80
2026-09-23 10:09:55.998 [RMI TCP Connection(2)-192.168.208.1] DEBUG sun.rmi.loader [] - RMI TCP Connection(2)-192.168.208.1: name = "javax.management.ObjectName", codebase = ""
2026-09-23 10:09:55.998 [RMI TCP Connection(2)-192.168.208.1] DEBUG javax.management.remote.rmi [] - connectionId=rmi://192.168.208.1  1, name=java.lang:type=OperatingSystem, attribute=ProcessCpuLoad
2026-09-23 10:09:56.016 [RMI TCP Connection(2)-192.168.208.1] DEBUG sun.rmi.transport.tcp [] - RMI TCP Connection(2)-192.168.208.1: (port 64300) op = 82
2026-09-23 10:09:56.016 [RMI TCP Connection(2)-192.168.208.1] DEBUG sun.rmi.transport.tcp [] - RMI TCP Connection(2)-192.168.208.1: (port 64300) op = 80
2026-09-23 10:09:56.016 [RMI TCP Connection(2)-192.168.208.1] DEBUG sun.rmi.loader [] - RMI TCP Connection(2)-192.168.208.1: name = "javax.management.ObjectName", codebase = ""
2026-09-23 10:09:56.016 [RMI TCP Connection(2)-192.168.208.1] DEBUG javax.management.remote.rmi [] - connectionId=rmi://192.168.208.1  1, name=java.lang:type=Memory, attribute=HeapMemoryUsage
2026-09-23 10:09:56.016 [RMI TCP Connection(2)-192.168.208.1] DEBUG sun.rmi.transport.tcp [] - RMI TCP Connection(2)-192.168.208.1: (port 64300) op = 82
2026-09-23 10:09:56.016 [RMI TCP Connection(2)-192.168.208.1] DEBUG sun.rmi.transport.tcp [] - RMI TCP Connection(2)-192.168.208.1: (port 64300) op = 80
2026-09-23 10:09:56.016 [RMI TCP Connection(2)-192.168.208.1] DEBUG sun.rmi.loader [] - RMI TCP Connection(2)-192.168.208.1: name = "javax.management.ObjectName", codebase = ""
2026-09-23 10:09:56.016 [RMI TCP Connection(2)-192.168.208.1] DEBUG javax.management.remote.rmi [] - connectionId=rmi://192.168.208.1  1, name=java.lang:type=Memory, attribute=HeapMemoryUsage
2026-09-23 10:09:57.019 [RMI TCP Connection(2)-192.168.208.1] DEBUG sun.rmi.transport.tcp [] - RMI TCP Connection(2)-192.168.208.1: (port 64300) op = 82
2026-09-23 10:09:57.019 [RMI TCP Connection(2)-192.168.208.1] DEBUG sun.rmi.transport.tcp [] - RMI TCP Connection(2)-192.168.208.1: (port 64300) op = 80
2026-09-23 10:09:57.019 [RMI TCP Connection(2)-192.168.208.1] DEBUG sun.rmi.loader [] - RMI TCP Connection(2)-192.168.208.1: name = "javax.management.ObjectName", codebase = ""
2026-09-23 10:09:57.019 [RMI TCP Connection(2)-192.168.208.1] DEBUG javax.management.remote.rmi [] - connectionId=rmi://192.168.208.1  1, name=java.lang:type=OperatingSystem, attribute=ProcessCpuLoad
2026-09-23 10:09:57.039 [RMI TCP Connection(2)-192.168.208.1] DEBUG sun.rmi.transport.tcp [] - RMI TCP Connection(2)-192.168.208.1: (port 64300) op = 82
2026-09-23 10:09:57.040 [RMI TCP Connection(2)-192.168.208.1] DEBUG sun.rmi.transport.tcp [] - RMI TCP Connection(2)-192.168.208.1: (port 64300) op = 80
2026-09-23 10:09:57.040 [RMI TCP Connection(2)-192.168.208.1] DEBUG sun.rmi.loader [] - RMI TCP Connection(2)-192.168.208.1: name = "javax.management.ObjectName", codebase = ""
2026-09-23 10:09:57.040 [RMI TCP Connection(2)-192.168.208.1] DEBUG javax.management.remote.rmi [] - connectionId=rmi://192.168.208.1  1, name=java.lang:type=Memory, attribute=HeapMemoryUsage
2026-09-23 10:09:57.040 [RMI TCP Connection(2)-192.168.208.1] DEBUG sun.rmi.transport.tcp [] - RMI TCP Connection(2)-192.168.208.1: (port 64300) op = 82
2026-09-23 10:09:57.040 [RMI TCP Connection(2)-192.168.208.1] DEBUG sun.rmi.transport.tcp [] - RMI TCP Connection(2)-192.168.208.1: (port 64300) op = 80
2026-09-23 10:09:57.040 [RMI TCP Connection(2)-192.168.208.1] DEBUG sun.rmi.loader [] - RMI TCP Connection(2)-192.168.208.1: name = "javax.management.ObjectName", codebase = ""
2026-09-23 10:09:57.040 [RMI TCP Connection(2)-192.168.208.1] DEBUG javax.management.remote.rmi [] - connectionId=rmi://192.168.208.1  1, name=java.lang:type=Memory, attribute=HeapMemoryUsage
2026-09-23 10:09:58.042 [RMI TCP Connection(2)-192.168.208.1] DEBUG sun.rmi.transport.tcp [] - RMI TCP Connection(2)-192.168.208.1: (port 64300) op = 82
2026-09-23 10:09:58.043 [RMI TCP Connection(2)-192.168.208.1] DEBUG sun.rmi.transport.tcp [] - RMI TCP Connection(2)-192.168.208.1: (port 64300) op = 80
2026-09-23 10:09:58.043 [RMI TCP Connection(2)-192.168.208.1] DEBUG sun.rmi.loader [] - RMI TCP Connection(2)-192.168.208.1: name = "javax.management.ObjectName", codebase = ""
2026-09-23 10:09:58.043 [RMI TCP Connection(2)-192.168.208.1] DEBUG javax.management.remote.rmi [] - connectionId=rmi://192.168.208.1  1, name=java.lang:type=OperatingSystem, attribute=ProcessCpuLoad
2026-09-23 10:09:58.065 [RMI TCP Connection(2)-192.168.208.1] DEBUG sun.rmi.transport.tcp [] - RMI TCP Connection(2)-192.168.208.1: (port 64300) op = 80
2026-09-23 10:09:58.066 [RMI TCP Connection(2)-192.168.208.1] DEBUG sun.rmi.loader [] - RMI TCP Connection(2)-192.168.208.1: name = "javax.management.ObjectName", codebase = ""
2026-09-23 10:09:58.066 [RMI TCP Connection(2)-192.168.208.1] DEBUG javax.management.remote.rmi [] - connectionId=rmi://192.168.208.1  1, name=java.lang:type=Memory, attribute=HeapMemoryUsage
2026-09-23 10:09:58.066 [RMI TCP Connection(2)-192.168.208.1] DEBUG sun.rmi.transport.tcp [] - RMI TCP Connection(2)-192.168.208.1: (port 64300) op = 80
2026-09-23 10:09:58.066 [RMI TCP Connection(2)-192.168.208.1] DEBUG sun.rmi.loader [] - RMI TCP Connection(2)-192.168.208.1: name = "javax.management.ObjectName", codebase = ""
2026-09-23 10:09:58.066 [RMI TCP Connection(2)-192.168.208.1] DEBUG javax.management.remote.rmi [] - connectionId=rmi://192.168.208.1  1, name=java.lang:type=Memory, attribute=HeapMemoryUsage
2026-09-23 10:09:59.069 [RMI TCP Connection(2)-192.168.208.1] DEBUG sun.rmi.transport.tcp [] - RMI TCP Connection(2)-192.168.208.1: (port 64300) op = 82
2026-09-23 10:09:59.069 [RMI TCP Connection(2)-192.168.208.1] DEBUG sun.rmi.transport.tcp [] - RMI TCP Connection(2)-192.168.208.1: (port 64300) op = 80
2026-09-23 10:09:59.069 [RMI TCP Connection(2)-192.168.208.1] DEBUG sun.rmi.loader [] - RMI TCP Connection(2)-192.168.208.1: name = "javax.management.ObjectName", codebase = ""
2026-09-23 10:09:59.069 [RMI TCP Connection(2)-192.168.208.1] DEBUG javax.management.remote.rmi [] - connectionId=rmi://192.168.208.1  1, name=java.lang:type=OperatingSystem, attribute=ProcessCpuLoad
2026-09-23 10:09:59.087 [RMI TCP Connection(2)-192.168.208.1] DEBUG sun.rmi.transport.tcp [] - RMI TCP Connection(2)-192.168.208.1: (port 64300) op = 82
2026-09-23 10:09:59.087 [RMI TCP Connection(2)-192.168.208.1] DEBUG sun.rmi.transport.tcp [] - RMI TCP Connection(2)-192.168.208.1: (port 64300) op = 80
2026-09-23 10:09:59.087 [RMI TCP Connection(2)-192.168.208.1] DEBUG sun.rmi.loader [] - RMI TCP Connection(2)-192.168.208.1: name = "javax.management.ObjectName", codebase = ""
2026-09-23 10:09:59.087 [RMI TCP Connection(2)-192.168.208.1] DEBUG javax.management.remote.rmi [] - connectionId=rmi://192.168.208.1  1, name=java.lang:type=Memory, attribute=HeapMemoryUsage
2026-09-23 10:09:59.087 [RMI TCP Connection(2)-192.168.208.1] DEBUG sun.rmi.transport.tcp [] - RMI TCP Connection(2)-192.168.208.1: (port 64300) op = 82
2026-09-23 10:09:59.087 [RMI TCP Connection(2)-192.168.208.1] DEBUG sun.rmi.transport.tcp [] - RMI TCP Connection(2)-192.168.208.1: (port 64300) op = 80
2026-09-23 10:09:59.087 [RMI TCP Connection(2)-192.168.208.1] DEBUG sun.rmi.loader [] - RMI TCP Connection(2)-192.168.208.1: name = "javax.management.ObjectName", codebase = ""
2026-09-23 10:09:59.087 [RMI TCP Connection(2)-192.168.208.1] DEBUG javax.management.remote.rmi [] - connectionId=rmi://192.168.208.1  1, name=java.lang:type=Memory, attribute=HeapMemoryUsage
2026-09-23 10:10:00.090 [RMI TCP Connection(2)-192.168.208.1] DEBUG sun.rmi.transport.tcp [] - RMI TCP Connection(2)-192.168.208.1: (port 64300) op = 82
2026-09-23 10:10:00.090 [RMI TCP Connection(2)-192.168.208.1] DEBUG sun.rmi.transport.tcp [] - RMI TCP Connection(2)-192.168.208.1: (port 64300) op = 80
2026-09-23 10:10:00.090 [RMI TCP Connection(2)-192.168.208.1] DEBUG sun.rmi.loader [] - RMI TCP Connection(2)-192.168.208.1: name = "javax.management.ObjectName", codebase = ""
2026-09-23 10:10:00.090 [RMI TCP Connection(2)-192.168.208.1] DEBUG javax.management.remote.rmi [] - connectionId=rmi://192.168.208.1  1, name=java.lang:type=OperatingSystem, attribute=ProcessCpuLoad
2026-09-23 10:10:00.116 [RMI TCP Connection(2)-192.168.208.1] DEBUG sun.rmi.transport.tcp [] - RMI TCP Connection(2)-192.168.208.1: (port 64300) op = 82
2026-09-23 10:10:00.116 [RMI TCP Connection(2)-192.168.208.1] DEBUG sun.rmi.transport.tcp [] - RMI TCP Connection(2)-192.168.208.1: (port 64300) op = 80
2026-09-23 10:10:00.116 [RMI TCP Connection(2)-192.168.208.1] DEBUG sun.rmi.loader [] - RMI TCP Connection(2)-192.168.208.1: name = "javax.management.ObjectName", codebase = ""
2026-09-23 10:10:00.116 [RMI TCP Connection(2)-192.168.208.1] DEBUG javax.management.remote.rmi [] - connectionId=rmi://192.168.208.1  1, name=java.lang:type=Memory, attribute=HeapMemoryUsage
2026-09-23 10:10:00.116 [RMI TCP Connection(2)-192.168.208.1] DEBUG sun.rmi.transport.tcp [] - RMI TCP Connection(2)-192.168.208.1: (port 64300) op = 80
2026-09-23 10:10:00.116 [RMI TCP Connection(2)-192.168.208.1] DEBUG sun.rmi.loader [] - RMI TCP Connection(2)-192.168.208.1: name = "javax.management.ObjectName", codebase = ""
2026-09-23 10:10:00.117 [RMI TCP Connection(2)-192.168.208.1] DEBUG javax.management.remote.rmi [] - connectionId=rmi://192.168.208.1  1, name=java.lang:type=Memory, attribute=HeapMemoryUsage
2026-09-23 10:10:01.124 [RMI TCP Connection(2)-192.168.208.1] DEBUG sun.rmi.transport.tcp [] - RMI TCP Connection(2)-192.168.208.1: (port 64300) op = 82
2026-09-23 10:10:01.124 [RMI TCP Connection(2)-192.168.208.1] DEBUG sun.rmi.transport.tcp [] - RMI TCP Connection(2)-192.168.208.1: (port 64300) op = 80
2026-09-23 10:10:01.124 [RMI TCP Connection(2)-192.168.208.1] DEBUG sun.rmi.loader [] - RMI TCP Connection(2)-192.168.208.1: name = "javax.management.ObjectName", codebase = ""
2026-09-23 10:10:01.124 [RMI TCP Connection(2)-192.168.208.1] DEBUG javax.management.remote.rmi [] - connectionId=rmi://192.168.208.1  1, name=java.lang:type=OperatingSystem, attribute=ProcessCpuLoad
2026-09-23 10:10:01.144 [RMI TCP Connection(2)-192.168.208.1] DEBUG sun.rmi.transport.tcp [] - RMI TCP Connection(2)-192.168.208.1: (port 64300) op = 82
2026-09-23 10:10:01.144 [RMI TCP Connection(2)-192.168.208.1] DEBUG sun.rmi.transport.tcp [] - RMI TCP Connection(2)-192.168.208.1: (port 64300) op = 80
2026-09-23 10:10:01.144 [RMI TCP Connection(2)-192.168.208.1] DEBUG sun.rmi.loader [] - RMI TCP Connection(2)-192.168.208.1: name = "javax.management.ObjectName", codebase = ""
2026-09-23 10:10:01.144 [RMI TCP Connection(2)-192.168.208.1] DEBUG javax.management.remote.rmi [] - connectionId=rmi://192.168.208.1  1, name=java.lang:type=Memory, attribute=HeapMemoryUsage
2026-09-23 10:10:01.144 [RMI TCP Connection(2)-192.168.208.1] DEBUG sun.rmi.transport.tcp [] - RMI TCP Connection(2)-192.168.208.1: (port 64300) op = 82
2026-09-23 10:10:01.145 [RMI TCP Connection(2)-192.168.208.1] DEBUG sun.rmi.transport.tcp [] - RMI TCP Connection(2)-192.168.208.1: (port 64300) op = 80
2026-09-23 10:10:01.145 [RMI TCP Connection(2)-192.168.208.1] DEBUG sun.rmi.loader [] - RMI TCP Connection(2)-192.168.208.1: name = "javax.management.ObjectName", codebase = ""
2026-09-23 10:10:01.145 [RMI TCP Connection(2)-192.168.208.1] DEBUG javax.management.remote.rmi [] - connectionId=rmi://192.168.208.1  1, name=java.lang:type=Memory, attribute=HeapMemoryUsage
2026-09-23 10:10:02.146 [RMI TCP Connection(2)-192.168.208.1] DEBUG sun.rmi.transport.tcp [] - RMI TCP Connection(2)-192.168.208.1: (port 64300) op = 82
2026-09-23 10:10:02.146 [RMI TCP Connection(2)-192.168.208.1] DEBUG sun.rmi.transport.tcp [] - RMI TCP Connection(2)-192.168.208.1: (port 64300) op = 80
2026-09-23 10:10:02.146 [RMI TCP Connection(2)-192.168.208.1] DEBUG sun.rmi.loader [] - RMI TCP Connection(2)-192.168.208.1: name = "javax.management.ObjectName", codebase = ""
2026-09-23 10:10:02.146 [RMI TCP Connection(2)-192.168.208.1] DEBUG javax.management.remote.rmi [] - connectionId=rmi://192.168.208.1  1, name=java.lang:type=OperatingSystem, attribute=ProcessCpuLoad
2026-09-23 10:10:02.165 [RMI TCP Connection(2)-192.168.208.1] DEBUG sun.rmi.transport.tcp [] - RMI TCP Connection(2)-192.168.208.1: (port 64300) op = 82
2026-09-23 10:10:02.165 [RMI TCP Connection(2)-192.168.208.1] DEBUG sun.rmi.transport.tcp [] - RMI TCP Connection(2)-192.168.208.1: (port 64300) op = 80
2026-09-23 10:10:02.165 [RMI TCP Connection(2)-192.168.208.1] DEBUG sun.rmi.loader [] - RMI TCP Connection(2)-192.168.208.1: name = "javax.management.ObjectName", codebase = ""
2026-09-23 10:10:02.165 [RMI TCP Connection(2)-192.168.208.1] DEBUG javax.management.remote.rmi [] - connectionId=rmi://192.168.208.1  1, name=java.lang:type=Memory, attribute=HeapMemoryUsage
2026-09-23 10:10:02.166 [RMI TCP Connection(2)-192.168.208.1] DEBUG sun.rmi.transport.tcp [] - RMI TCP Connection(2)-192.168.208.1: (port 64300) op = 82
2026-09-23 10:10:02.166 [RMI TCP Connection(2)-192.168.208.1] DEBUG sun.rmi.transport.tcp [] - RMI TCP Connection(2)-192.168.208.1: (port 64300) op = 80
2026-09-23 10:10:02.166 [RMI TCP Connection(2)-192.168.208.1] DEBUG sun.rmi.loader [] - RMI TCP Connection(2)-192.168.208.1: name = "javax.management.ObjectName", codebase = ""
2026-09-23 10:10:02.166 [RMI TCP Connection(2)-192.168.208.1] DEBUG javax.management.remote.rmi [] - connectionId=rmi://192.168.208.1  1, name=java.lang:type=Memory, attribute=HeapMemoryUsage
2026-09-23 10:10:03.167 [RMI TCP Connection(2)-192.168.208.1] DEBUG sun.rmi.transport.tcp [] - RMI TCP Connection(2)-192.168.208.1: (port 64300) op = 82
2026-09-23 10:10:03.167 [RMI TCP Connection(2)-192.168.208.1] DEBUG sun.rmi.transport.tcp [] - RMI TCP Connection(2)-192.168.208.1: (port 64300) op = 80
2026-09-23 10:10:03.168 [RMI TCP Connection(2)-192.168.208.1] DEBUG sun.rmi.loader [] - RMI TCP Connection(2)-192.168.208.1: name = "javax.management.ObjectName", codebase = ""
2026-09-23 10:10:03.168 [RMI TCP Connection(2)-192.168.208.1] DEBUG javax.management.remote.rmi [] - connectionId=rmi://192.168.208.1  1, name=java.lang:type=OperatingSystem, attribute=ProcessCpuLoad
2026-09-23 10:10:03.186 [RMI TCP Connection(2)-192.168.208.1] DEBUG sun.rmi.transport.tcp [] - RMI TCP Connection(2)-192.168.208.1: (port 64300) op = 82
2026-09-23 10:10:03.186 [RMI TCP Connection(2)-192.168.208.1] DEBUG sun.rmi.transport.tcp [] - RMI TCP Connection(2)-192.168.208.1: (port 64300) op = 80
2026-09-23 10:10:03.186 [RMI TCP Connection(2)-192.168.208.1] DEBUG sun.rmi.loader [] - RMI TCP Connection(2)-192.168.208.1: name = "javax.management.ObjectName", codebase = ""
2026-09-23 10:10:03.186 [RMI TCP Connection(2)-192.168.208.1] DEBUG javax.management.remote.rmi [] - connectionId=rmi://192.168.208.1  1, name=java.lang:type=Memory, attribute=HeapMemoryUsage
2026-09-23 10:10:03.186 [RMI TCP Connection(2)-192.168.208.1] DEBUG sun.rmi.transport.tcp [] - RMI TCP Connection(2)-192.168.208.1: (port 64300) op = 82
2026-09-23 10:10:03.186 [RMI TCP Connection(2)-192.168.208.1] DEBUG sun.rmi.transport.tcp [] - RMI TCP Connection(2)-192.168.208.1: (port 64300) op = 80
2026-09-23 10:10:03.186 [RMI TCP Connection(2)-192.168.208.1] DEBUG sun.rmi.loader [] - RMI TCP Connection(2)-192.168.208.1: name = "javax.management.ObjectName", codebase = ""
2026-09-23 10:10:03.186 [RMI TCP Connection(2)-192.168.208.1] DEBUG javax.management.remote.rmi [] - connectionId=rmi://192.168.208.1  1, name=java.lang:type=Memory, attribute=HeapMemoryUsage
2026-09-23 10:10:04.188 [RMI TCP Connection(2)-192.168.208.1] DEBUG sun.rmi.transport.tcp [] - RMI TCP Connection(2)-192.168.208.1: (port 64300) op = 82
2026-09-23 10:10:04.188 [RMI TCP Connection(2)-192.168.208.1] DEBUG sun.rmi.transport.tcp [] - RMI TCP Connection(2)-192.168.208.1: (port 64300) op = 80
2026-09-23 10:10:04.188 [RMI TCP Connection(2)-192.168.208.1] DEBUG sun.rmi.loader [] - RMI TCP Connection(2)-192.168.208.1: name = "javax.management.ObjectName", codebase = ""
2026-09-23 10:10:04.188 [RMI TCP Connection(2)-192.168.208.1] DEBUG javax.management.remote.rmi [] - connectionId=rmi://192.168.208.1  1, name=java.lang:type=OperatingSystem, attribute=ProcessCpuLoad
2026-09-23 10:10:04.206 [RMI TCP Connection(2)-192.168.208.1] DEBUG sun.rmi.transport.tcp [] - RMI TCP Connection(2)-192.168.208.1: (port 64300) op = 82
2026-09-23 10:10:04.208 [RMI TCP Connection(2)-192.168.208.1] DEBUG sun.rmi.transport.tcp [] - RMI TCP Connection(2)-192.168.208.1: (port 64300) op = 80
2026-09-23 10:10:04.208 [RMI TCP Connection(2)-192.168.208.1] DEBUG sun.rmi.loader [] - RMI TCP Connection(2)-192.168.208.1: name = "javax.management.ObjectName", codebase = ""
2026-09-23 10:10:04.208 [RMI TCP Connection(2)-192.168.208.1] DEBUG javax.management.remote.rmi [] - connectionId=rmi://192.168.208.1  1, name=java.lang:type=Memory, attribute=HeapMemoryUsage
2026-09-23 10:10:04.208 [RMI TCP Connection(2)-192.168.208.1] DEBUG sun.rmi.transport.tcp [] - RMI TCP Connection(2)-192.168.208.1: (port 64300) op = 80
2026-09-23 10:10:04.208 [RMI TCP Connection(2)-192.168.208.1] DEBUG sun.rmi.loader [] - RMI TCP Connection(2)-192.168.208.1: name = "javax.management.ObjectName", codebase = ""
2026-09-23 10:10:04.208 [RMI TCP Connection(2)-192.168.208.1] DEBUG javax.management.remote.rmi [] - connectionId=rmi://192.168.208.1  1, name=java.lang:type=Memory, attribute=HeapMemoryUsage
2026-09-23 10:10:05.210 [RMI TCP Connection(2)-192.168.208.1] DEBUG sun.rmi.transport.tcp [] - RMI TCP Connection(2)-192.168.208.1: (port 64300) op = 82
2026-09-23 10:10:05.210 [RMI TCP Connection(2)-192.168.208.1] DEBUG sun.rmi.transport.tcp [] - RMI TCP Connection(2)-192.168.208.1: (port 64300) op = 80
2026-09-23 10:10:05.210 [RMI TCP Connection(2)-192.168.208.1] DEBUG sun.rmi.loader [] - RMI TCP Connection(2)-192.168.208.1: name = "javax.management.ObjectName", codebase = ""
2026-09-23 10:10:05.210 [RMI TCP Connection(2)-192.168.208.1] DEBUG javax.management.remote.rmi [] - connectionId=rmi://192.168.208.1  1, name=java.lang:type=OperatingSystem, attribute=ProcessCpuLoad
2026-09-23 10:10:05.229 [RMI TCP Connection(2)-192.168.208.1] DEBUG sun.rmi.transport.tcp [] - RMI TCP Connection(2)-192.168.208.1: (port 64300) op = 82
2026-09-23 10:10:05.229 [RMI TCP Connection(2)-192.168.208.1] DEBUG sun.rmi.transport.tcp [] - RMI TCP Connection(2)-192.168.208.1: (port 64300) op = 80
2026-09-23 10:10:05.229 [RMI TCP Connection(2)-192.168.208.1] DEBUG sun.rmi.loader [] - RMI TCP Connection(2)-192.168.208.1: name = "javax.management.ObjectName", codebase = ""
2026-09-23 10:10:05.230 [RMI TCP Connection(2)-192.168.208.1] DEBUG javax.management.remote.rmi [] - connectionId=rmi://192.168.208.1  1, name=java.lang:type=Memory, attribute=HeapMemoryUsage
2026-09-23 10:10:05.230 [RMI TCP Connection(2)-192.168.208.1] DEBUG sun.rmi.transport.tcp [] - RMI TCP Connection(2)-192.168.208.1: (port 64300) op = 82
2026-09-23 10:10:05.230 [RMI TCP Connection(2)-192.168.208.1] DEBUG sun.rmi.transport.tcp [] - RMI TCP Connection(2)-192.168.208.1: (port 64300) op = 80
2026-09-23 10:10:05.230 [RMI TCP Connection(2)-192.168.208.1] DEBUG sun.rmi.loader [] - RMI TCP Connection(2)-192.168.208.1: name = "javax.management.ObjectName", codebase = ""
2026-09-23 10:10:05.230 [RMI TCP Connection(2)-192.168.208.1] DEBUG javax.management.remote.rmi [] - connectionId=rmi://192.168.208.1  1, name=java.lang:type=Memory, attribute=HeapMemoryUsage
2026-09-23 10:10:06.231 [RMI TCP Connection(2)-192.168.208.1] DEBUG sun.rmi.transport.tcp [] - RMI TCP Connection(2)-192.168.208.1: (port 64300) op = 82
2026-09-23 10:10:06.231 [RMI TCP Connection(2)-192.168.208.1] DEBUG sun.rmi.transport.tcp [] - RMI TCP Connection(2)-192.168.208.1: (port 64300) op = 80
2026-09-23 10:10:06.231 [RMI TCP Connection(2)-192.168.208.1] DEBUG sun.rmi.loader [] - RMI TCP Connection(2)-192.168.208.1: name = "javax.management.ObjectName", codebase = ""
2026-09-23 10:10:06.231 [RMI TCP Connection(2)-192.168.208.1] DEBUG javax.management.remote.rmi [] - connectionId=rmi://192.168.208.1  1, name=java.lang:type=OperatingSystem, attribute=ProcessCpuLoad
2026-09-23 10:10:06.251 [RMI TCP Connection(2)-192.168.208.1] DEBUG sun.rmi.transport.tcp [] - RMI TCP Connection(2)-192.168.208.1: (port 64300) op = 82
2026-09-23 10:10:06.251 [RMI TCP Connection(2)-192.168.208.1] DEBUG sun.rmi.transport.tcp [] - RMI TCP Connection(2)-192.168.208.1: (port 64300) op = 80
2026-09-23 10:10:06.251 [RMI TCP Connection(2)-192.168.208.1] DEBUG sun.rmi.loader [] - RMI TCP Connection(2)-192.168.208.1: name = "javax.management.ObjectName", codebase = ""
2026-09-23 10:10:06.251 [RMI TCP Connection(2)-192.168.208.1] DEBUG javax.management.remote.rmi [] - connectionId=rmi://192.168.208.1  1, name=java.lang:type=Memory, attribute=HeapMemoryUsage
2026-09-23 10:10:06.251 [RMI TCP Connection(2)-192.168.208.1] DEBUG sun.rmi.transport.tcp [] - RMI TCP Connection(2)-192.168.208.1: (port 64300) op = 82
2026-09-23 10:10:06.252 [RMI TCP Connection(2)-192.168.208.1] DEBUG sun.rmi.transport.tcp [] - RMI TCP Connection(2)-192.168.208.1: (port 64300) op = 80
2026-09-23 10:10:06.252 [RMI TCP Connection(2)-192.168.208.1] DEBUG sun.rmi.loader [] - RMI TCP Connection(2)-192.168.208.1: name = "javax.management.ObjectName", codebase = ""
2026-09-23 10:10:06.252 [RMI TCP Connection(2)-192.168.208.1] DEBUG javax.management.remote.rmi [] - connectionId=rmi://192.168.208.1  1, name=java.lang:type=Memory, attribute=HeapMemoryUsage
2026-09-23 10:10:07.254 [RMI TCP Connection(2)-192.168.208.1] DEBUG sun.rmi.transport.tcp [] - RMI TCP Connection(2)-192.168.208.1: (port 64300) op = 82
2026-09-23 10:10:07.254 [RMI TCP Connection(2)-192.168.208.1] DEBUG sun.rmi.transport.tcp [] - RMI TCP Connection(2)-192.168.208.1: (port 64300) op = 80
2026-09-23 10:10:07.254 [RMI TCP Connection(2)-192.168.208.1] DEBUG sun.rmi.loader [] - RMI TCP Connection(2)-192.168.208.1: name = "javax.management.ObjectName", codebase = ""
2026-09-23 10:10:07.254 [RMI TCP Connection(2)-192.168.208.1] DEBUG javax.management.remote.rmi [] - connectionId=rmi://192.168.208.1  1, name=java.lang:type=OperatingSystem, attribute=ProcessCpuLoad
2026-09-23 10:10:07.276 [RMI TCP Connection(2)-192.168.208.1] DEBUG sun.rmi.transport.tcp [] - RMI TCP Connection(2)-192.168.208.1: (port 64300) op = 82
2026-09-23 10:10:07.276 [RMI TCP Connection(2)-192.168.208.1] DEBUG sun.rmi.transport.tcp [] - RMI TCP Connection(2)-192.168.208.1: (port 64300) op = 80
2026-09-23 10:10:07.276 [RMI TCP Connection(2)-192.168.208.1] DEBUG sun.rmi.loader [] - RMI TCP Connection(2)-192.168.208.1: name = "javax.management.ObjectName", codebase = ""
2026-09-23 10:10:07.276 [RMI TCP Connection(2)-192.168.208.1] DEBUG javax.management.remote.rmi [] - connectionId=rmi://192.168.208.1  1, name=java.lang:type=Memory, attribute=HeapMemoryUsage
2026-09-23 10:10:07.277 [RMI TCP Connection(2)-192.168.208.1] DEBUG sun.rmi.transport.tcp [] - RMI TCP Connection(2)-192.168.208.1: (port 64300) op = 82
2026-09-23 10:10:07.277 [RMI TCP Connection(2)-192.168.208.1] DEBUG sun.rmi.transport.tcp [] - RMI TCP Connection(2)-192.168.208.1: (port 64300) op = 80
2026-09-23 10:10:07.277 [RMI TCP Connection(2)-192.168.208.1] DEBUG sun.rmi.loader [] - RMI TCP Connection(2)-192.168.208.1: name = "javax.management.ObjectName", codebase = ""
2026-09-23 10:10:07.277 [RMI TCP Connection(2)-192.168.208.1] DEBUG javax.management.remote.rmi [] - connectionId=rmi://192.168.208.1  1, name=java.lang:type=Memory, attribute=HeapMemoryUsage
2026-09-23 10:10:08.279 [RMI TCP Connection(2)-192.168.208.1] DEBUG sun.rmi.transport.tcp [] - RMI TCP Connection(2)-192.168.208.1: (port 64300) op = 82
2026-09-23 10:10:08.280 [RMI TCP Connection(2)-192.168.208.1] DEBUG sun.rmi.transport.tcp [] - RMI TCP Connection(2)-192.168.208.1: (port 64300) op = 80
2026-09-23 10:10:08.280 [RMI TCP Connection(2)-192.168.208.1] DEBUG sun.rmi.loader [] - RMI TCP Connection(2)-192.168.208.1: name = "javax.management.ObjectName", codebase = ""
2026-09-23 10:10:08.280 [RMI TCP Connection(2)-192.168.208.1] DEBUG javax.management.remote.rmi [] - connectionId=rmi://192.168.208.1  1, name=java.lang:type=OperatingSystem, attribute=ProcessCpuLoad
2026-09-23 10:10:08.298 [RMI TCP Connection(2)-192.168.208.1] DEBUG sun.rmi.transport.tcp [] - RMI TCP Connection(2)-192.168.208.1: (port 64300) op = 82
2026-09-23 10:10:08.299 [RMI TCP Connection(2)-192.168.208.1] DEBUG sun.rmi.transport.tcp [] - RMI TCP Connection(2)-192.168.208.1: (port 64300) op = 80
2026-09-23 10:10:08.299 [RMI TCP Connection(2)-192.168.208.1] DEBUG sun.rmi.loader [] - RMI TCP Connection(2)-192.168.208.1: name = "javax.management.ObjectName", codebase = ""
2026-09-23 10:10:08.299 [RMI TCP Connection(2)-192.168.208.1] DEBUG javax.management.remote.rmi [] - connectionId=rmi://192.168.208.1  1, name=java.lang:type=Memory, attribute=HeapMemoryUsage
2026-09-23 10:10:08.300 [RMI TCP Connection(2)-192.168.208.1] DEBUG sun.rmi.transport.tcp [] - RMI TCP Connection(2)-192.168.208.1: (port 64300) op = 80
2026-09-23 10:10:08.300 [RMI TCP Connection(2)-192.168.208.1] DEBUG sun.rmi.loader [] - RMI TCP Connection(2)-192.168.208.1: name = "javax.management.ObjectName", codebase = ""
2026-09-23 10:10:08.300 [RMI TCP Connection(2)-192.168.208.1] DEBUG javax.management.remote.rmi [] - connectionId=rmi://192.168.208.1  1, name=java.lang:type=Memory, attribute=HeapMemoryUsage
2026-09-23 10:10:09.301 [RMI TCP Connection(2)-192.168.208.1] DEBUG sun.rmi.transport.tcp [] - RMI TCP Connection(2)-192.168.208.1: (port 64300) op = 82
2026-09-23 10:10:09.301 [RMI TCP Connection(2)-192.168.208.1] DEBUG sun.rmi.transport.tcp [] - RMI TCP Connection(2)-192.168.208.1: (port 64300) op = 80
2026-09-23 10:10:09.301 [RMI TCP Connection(2)-192.168.208.1] DEBUG sun.rmi.loader [] - RMI TCP Connection(2)-192.168.208.1: name = "javax.management.ObjectName", codebase = ""
2026-09-23 10:10:09.301 [RMI TCP Connection(2)-192.168.208.1] DEBUG javax.management.remote.rmi [] - connectionId=rmi://192.168.208.1  1, name=java.lang:type=OperatingSystem, attribute=ProcessCpuLoad
2026-09-23 10:10:09.320 [RMI TCP Connection(2)-192.168.208.1] DEBUG sun.rmi.transport.tcp [] - RMI TCP Connection(2)-192.168.208.1: (port 64300) op = 82
2026-09-23 10:10:09.320 [RMI TCP Connection(2)-192.168.208.1] DEBUG sun.rmi.transport.tcp [] - RMI TCP Connection(2)-192.168.208.1: (port 64300) op = 80
2026-09-23 10:10:09.320 [RMI TCP Connection(2)-192.168.208.1] DEBUG sun.rmi.loader [] - RMI TCP Connection(2)-192.168.208.1: name = "javax.management.ObjectName", codebase = ""
2026-09-23 10:10:09.320 [RMI TCP Connection(2)-192.168.208.1] DEBUG javax.management.remote.rmi [] - connectionId=rmi://192.168.208.1  1, name=java.lang:type=Memory, attribute=HeapMemoryUsage
2026-09-23 10:10:09.321 [RMI TCP Connection(2)-192.168.208.1] DEBUG sun.rmi.transport.tcp [] - RMI TCP Connection(2)-192.168.208.1: (port 64300) op = 82
2026-09-23 10:10:09.321 [RMI TCP Connection(2)-192.168.208.1] DEBUG sun.rmi.transport.tcp [] - RMI TCP Connection(2)-192.168.208.1: (port 64300) op = 80
2026-09-23 10:10:09.321 [RMI TCP Connection(2)-192.168.208.1] DEBUG sun.rmi.loader [] - RMI TCP Connection(2)-192.168.208.1: name = "javax.management.ObjectName", codebase = ""
2026-09-23 10:10:09.321 [RMI TCP Connection(2)-192.168.208.1] DEBUG javax.management.remote.rmi [] - connectionId=rmi://192.168.208.1  1, name=java.lang:type=Memory, attribute=HeapMemoryUsage
2026-09-23 10:10:10.322 [RMI TCP Connection(2)-192.168.208.1] DEBUG sun.rmi.transport.tcp [] - RMI TCP Connection(2)-192.168.208.1: (port 64300) op = 82
2026-09-23 10:10:10.322 [RMI TCP Connection(2)-192.168.208.1] DEBUG sun.rmi.transport.tcp [] - RMI TCP Connection(2)-192.168.208.1: (port 64300) op = 80
2026-09-23 10:10:10.322 [RMI TCP Connection(2)-192.168.208.1] DEBUG sun.rmi.loader [] - RMI TCP Connection(2)-192.168.208.1: name = "javax.management.ObjectName", codebase = ""
2026-09-23 10:10:10.322 [RMI TCP Connection(2)-192.168.208.1] DEBUG javax.management.remote.rmi [] - connectionId=rmi://192.168.208.1  1, name=java.lang:type=OperatingSystem, attribute=ProcessCpuLoad
2026-09-23 10:10:10.339 [RMI TCP Connection(2)-192.168.208.1] DEBUG sun.rmi.transport.tcp [] - RMI TCP Connection(2)-192.168.208.1: (port 64300) op = 82
2026-09-23 10:10:10.339 [RMI TCP Connection(2)-192.168.208.1] DEBUG sun.rmi.transport.tcp [] - RMI TCP Connection(2)-192.168.208.1: (port 64300) op = 80
2026-09-23 10:10:10.339 [RMI TCP Connection(2)-192.168.208.1] DEBUG sun.rmi.loader [] - RMI TCP Connection(2)-192.168.208.1: name = "javax.management.ObjectName", codebase = ""
2026-09-23 10:10:10.339 [RMI TCP Connection(2)-192.168.208.1] DEBUG javax.management.remote.rmi [] - connectionId=rmi://192.168.208.1  1, name=java.lang:type=Memory, attribute=HeapMemoryUsage
2026-09-23 10:10:10.340 [RMI TCP Connection(2)-192.168.208.1] DEBUG sun.rmi.transport.tcp [] - RMI TCP Connection(2)-192.168.208.1: (port 64300) op = 82
2026-09-23 10:10:10.340 [RMI TCP Connection(2)-192.168.208.1] DEBUG sun.rmi.transport.tcp [] - RMI TCP Connection(2)-192.168.208.1: (port 64300) op = 80
2026-09-23 10:10:10.340 [RMI TCP Connection(2)-192.168.208.1] DEBUG sun.rmi.loader [] - RMI TCP Connection(2)-192.168.208.1: name = "javax.management.ObjectName", codebase = ""
2026-09-23 10:10:10.340 [RMI TCP Connection(2)-192.168.208.1] DEBUG javax.management.remote.rmi [] - connectionId=rmi://192.168.208.1  1, name=java.lang:type=Memory, attribute=HeapMemoryUsage
2026-09-23 10:10:11.342 [RMI TCP Connection(2)-192.168.208.1] DEBUG sun.rmi.transport.tcp [] - RMI TCP Connection(2)-192.168.208.1: (port 64300) op = 82
2026-09-23 10:10:11.342 [RMI TCP Connection(2)-192.168.208.1] DEBUG sun.rmi.transport.tcp [] - RMI TCP Connection(2)-192.168.208.1: (port 64300) op = 80
2026-09-23 10:10:11.342 [RMI TCP Connection(2)-192.168.208.1] DEBUG sun.rmi.loader [] - RMI TCP Connection(2)-192.168.208.1: name = "javax.management.ObjectName", codebase = ""
2026-09-23 10:10:11.342 [RMI TCP Connection(2)-192.168.208.1] DEBUG javax.management.remote.rmi [] - connectionId=rmi://192.168.208.1  1, name=java.lang:type=OperatingSystem, attribute=ProcessCpuLoad
2026-09-23 10:10:11.361 [RMI TCP Connection(2)-192.168.208.1] DEBUG sun.rmi.transport.tcp [] - RMI TCP Connection(2)-192.168.208.1: (port 64300) op = 82
2026-09-23 10:10:11.362 [RMI TCP Connection(2)-192.168.208.1] DEBUG sun.rmi.transport.tcp [] - RMI TCP Connection(2)-192.168.208.1: (port 64300) op = 80
2026-09-23 10:10:11.362 [RMI TCP Connection(2)-192.168.208.1] DEBUG sun.rmi.loader [] - RMI TCP Connection(2)-192.168.208.1: name = "javax.management.ObjectName", codebase = ""
2026-09-23 10:10:11.362 [RMI TCP Connection(2)-192.168.208.1] DEBUG javax.management.remote.rmi [] - connectionId=rmi://192.168.208.1  1, name=java.lang:type=Memory, attribute=HeapMemoryUsage
2026-09-23 10:10:11.362 [RMI TCP Connection(2)-192.168.208.1] DEBUG sun.rmi.transport.tcp [] - RMI TCP Connection(2)-192.168.208.1: (port 64300) op = 82
2026-09-23 10:10:11.362 [RMI TCP Connection(2)-192.168.208.1] DEBUG sun.rmi.transport.tcp [] - RMI TCP Connection(2)-192.168.208.1: (port 64300) op = 80
2026-09-23 10:10:11.362 [RMI TCP Connection(2)-192.168.208.1] DEBUG sun.rmi.loader [] - RMI TCP Connection(2)-192.168.208.1: name = "javax.management.ObjectName", codebase = ""
2026-09-23 10:10:11.362 [RMI TCP Connection(2)-192.168.208.1] DEBUG javax.management.remote.rmi [] - connectionId=rmi://192.168.208.1  1, name=java.lang:type=Memory, attribute=HeapMemoryUsage
2026-09-23 10:10:12.364 [RMI TCP Connection(2)-192.168.208.1] DEBUG sun.rmi.transport.tcp [] - RMI TCP Connection(2)-192.168.208.1: (port 64300) op = 82
2026-09-23 10:10:12.364 [RMI TCP Connection(2)-192.168.208.1] DEBUG sun.rmi.transport.tcp [] - RMI TCP Connection(2)-192.168.208.1: (port 64300) op = 80
2026-09-23 10:10:12.364 [RMI TCP Connection(2)-192.168.208.1] DEBUG sun.rmi.loader [] - RMI TCP Connection(2)-192.168.208.1: name = "javax.management.ObjectName", codebase = ""
2026-09-23 10:10:12.364 [RMI TCP Connection(2)-192.168.208.1] DEBUG javax.management.remote.rmi [] - connectionId=rmi://192.168.208.1  1, name=java.lang:type=OperatingSystem, attribute=ProcessCpuLoad
2026-09-23 10:10:12.383 [RMI TCP Connection(2)-192.168.208.1] DEBUG sun.rmi.transport.tcp [] - RMI TCP Connection(2)-192.168.208.1: (port 64300) op = 82
2026-09-23 10:10:12.383 [RMI TCP Connection(2)-192.168.208.1] DEBUG sun.rmi.transport.tcp [] - RMI TCP Connection(2)-192.168.208.1: (port 64300) op = 80
2026-09-23 10:10:12.384 [RMI TCP Connection(2)-192.168.208.1] DEBUG sun.rmi.loader [] - RMI TCP Connection(2)-192.168.208.1: name = "javax.management.ObjectName", codebase = ""
2026-09-23 10:10:12.384 [RMI TCP Connection(2)-192.168.208.1] DEBUG javax.management.remote.rmi [] - connectionId=rmi://192.168.208.1  1, name=java.lang:type=Memory, attribute=HeapMemoryUsage
2026-09-23 10:10:12.384 [RMI TCP Connection(2)-192.168.208.1] DEBUG sun.rmi.transport.tcp [] - RMI TCP Connection(2)-192.168.208.1: (port 64300) op = 82
2026-09-23 10:10:12.384 [RMI TCP Connection(2)-192.168.208.1] DEBUG sun.rmi.transport.tcp [] - RMI TCP Connection(2)-192.168.208.1: (port 64300) op = 80
2026-09-23 10:10:12.384 [RMI TCP Connection(2)-192.168.208.1] DEBUG sun.rmi.loader [] - RMI TCP Connection(2)-192.168.208.1: name = "javax.management.ObjectName", codebase = ""
2026-09-23 10:10:12.384 [RMI TCP Connection(2)-192.168.208.1] DEBUG javax.management.remote.rmi [] - connectionId=rmi://192.168.208.1  1, name=java.lang:type=Memory, attribute=HeapMemoryUsage
2026-09-23 10:10:13.385 [RMI TCP Connection(2)-192.168.208.1] DEBUG sun.rmi.transport.tcp [] - RMI TCP Connection(2)-192.168.208.1: (port 64300) op = 82
2026-09-23 10:10:13.385 [RMI TCP Connection(2)-192.168.208.1] DEBUG sun.rmi.transport.tcp [] - RMI TCP Connection(2)-192.168.208.1: (port 64300) op = 80
2026-09-23 10:10:13.385 [RMI TCP Connection(2)-192.168.208.1] DEBUG sun.rmi.loader [] - RMI TCP Connection(2)-192.168.208.1: name = "javax.management.ObjectName", codebase = ""
2026-09-23 10:10:13.385 [RMI TCP Connection(2)-192.168.208.1] DEBUG javax.management.remote.rmi [] - connectionId=rmi://192.168.208.1  1, name=java.lang:type=OperatingSystem, attribute=ProcessCpuLoad
2026-09-23 10:10:13.403 [RMI TCP Connection(2)-192.168.208.1] DEBUG sun.rmi.transport.tcp [] - RMI TCP Connection(2)-192.168.208.1: (port 64300) op = 82
2026-09-23 10:10:13.403 [RMI TCP Connection(2)-192.168.208.1] DEBUG sun.rmi.transport.tcp [] - RMI TCP Connection(2)-192.168.208.1: (port 64300) op = 80
2026-09-23 10:10:13.403 [RMI TCP Connection(2)-192.168.208.1] DEBUG sun.rmi.loader [] - RMI TCP Connection(2)-192.168.208.1: name = "javax.management.ObjectName", codebase = ""
2026-09-23 10:10:13.403 [RMI TCP Connection(2)-192.168.208.1] DEBUG javax.management.remote.rmi [] - connectionId=rmi://192.168.208.1  1, name=java.lang:type=Memory, attribute=HeapMemoryUsage
2026-09-23 10:10:13.404 [RMI TCP Connection(2)-192.168.208.1] DEBUG sun.rmi.transport.tcp [] - RMI TCP Connection(2)-192.168.208.1: (port 64300) op = 82
2026-09-23 10:10:13.404 [RMI TCP Connection(2)-192.168.208.1] DEBUG sun.rmi.transport.tcp [] - RMI TCP Connection(2)-192.168.208.1: (port 64300) op = 80
2026-09-23 10:10:13.404 [RMI TCP Connection(2)-192.168.208.1] DEBUG sun.rmi.loader [] - RMI TCP Connection(2)-192.168.208.1: name = "javax.management.ObjectName", codebase = ""
2026-09-23 10:10:13.404 [RMI TCP Connection(2)-192.168.208.1] DEBUG javax.management.remote.rmi [] - connectionId=rmi://192.168.208.1  1, name=java.lang:type=Memory, attribute=HeapMemoryUsage
2026-09-23 10:10:14.406 [RMI TCP Connection(2)-192.168.208.1] DEBUG sun.rmi.transport.tcp [] - RMI TCP Connection(2)-192.168.208.1: (port 64300) op = 82
2026-09-23 10:10:14.406 [RMI TCP Connection(2)-192.168.208.1] DEBUG sun.rmi.transport.tcp [] - RMI TCP Connection(2)-192.168.208.1: (port 64300) op = 80
2026-09-23 10:10:14.406 [RMI TCP Connection(2)-192.168.208.1] DEBUG sun.rmi.loader [] - RMI TCP Connection(2)-192.168.208.1: name = "javax.management.ObjectName", codebase = ""
2026-09-23 10:10:14.406 [RMI TCP Connection(2)-192.168.208.1] DEBUG javax.management.remote.rmi [] - connectionId=rmi://192.168.208.1  1, name=java.lang:type=OperatingSystem, attribute=ProcessCpuLoad
2026-09-23 10:10:14.426 [RMI TCP Connection(2)-192.168.208.1] DEBUG sun.rmi.transport.tcp [] - RMI TCP Connection(2)-192.168.208.1: (port 64300) op = 82
2026-09-23 10:10:14.426 [RMI TCP Connection(2)-192.168.208.1] DEBUG sun.rmi.transport.tcp [] - RMI TCP Connection(2)-192.168.208.1: (port 64300) op = 80
2026-09-23 10:10:14.426 [RMI TCP Connection(2)-192.168.208.1] DEBUG sun.rmi.loader [] - RMI TCP Connection(2)-192.168.208.1: name = "javax.management.ObjectName", codebase = ""
2026-09-23 10:10:14.426 [RMI TCP Connection(2)-192.168.208.1] DEBUG javax.management.remote.rmi [] - connectionId=rmi://192.168.208.1  1, name=java.lang:type=Memory, attribute=HeapMemoryUsage
2026-09-23 10:10:14.427 [RMI TCP Connection(2)-192.168.208.1] DEBUG sun.rmi.transport.tcp [] - RMI TCP Connection(2)-192.168.208.1: (port 64300) op = 82
2026-09-23 10:10:14.427 [RMI TCP Connection(2)-192.168.208.1] DEBUG sun.rmi.transport.tcp [] - RMI TCP Connection(2)-192.168.208.1: (port 64300) op = 80
2026-09-23 10:10:14.427 [RMI TCP Connection(2)-192.168.208.1] DEBUG sun.rmi.loader [] - RMI TCP Connection(2)-192.168.208.1: name = "javax.management.ObjectName", codebase = ""
2026-09-23 10:10:14.427 [RMI TCP Connection(2)-192.168.208.1] DEBUG javax.management.remote.rmi [] - connectionId=rmi://192.168.208.1  1, name=java.lang:type=Memory, attribute=HeapMemoryUsage
2026-09-23 10:10:15.428 [RMI TCP Connection(2)-192.168.208.1] DEBUG sun.rmi.transport.tcp [] - RMI TCP Connection(2)-192.168.208.1: (port 64300) op = 82
2026-09-23 10:10:15.428 [RMI TCP Connection(2)-192.168.208.1] DEBUG sun.rmi.transport.tcp [] - RMI TCP Connection(2)-192.168.208.1: (port 64300) op = 80
2026-09-23 10:10:15.428 [RMI TCP Connection(2)-192.168.208.1] DEBUG sun.rmi.loader [] - RMI TCP Connection(2)-192.168.208.1: name = "javax.management.ObjectName", codebase = ""
2026-09-23 10:10:15.428 [RMI TCP Connection(2)-192.168.208.1] DEBUG javax.management.remote.rmi [] - connectionId=rmi://192.168.208.1  1, name=java.lang:type=OperatingSystem, attribute=ProcessCpuLoad
2026-09-23 10:10:15.451 [RMI TCP Connection(2)-192.168.208.1] DEBUG sun.rmi.transport.tcp [] - RMI TCP Connection(2)-192.168.208.1: (port 64300) op = 82
2026-09-23 10:10:15.451 [RMI TCP Connection(2)-192.168.208.1] DEBUG sun.rmi.transport.tcp [] - RMI TCP Connection(2)-192.168.208.1: (port 64300) op = 80
2026-09-23 10:10:15.451 [RMI TCP Connection(2)-192.168.208.1] DEBUG sun.rmi.loader [] - RMI TCP Connection(2)-192.168.208.1: name = "javax.management.ObjectName", codebase = ""
2026-09-23 10:10:15.451 [RMI TCP Connection(2)-192.168.208.1] DEBUG javax.management.remote.rmi [] - connectionId=rmi://192.168.208.1  1, name=java.lang:type=Memory, attribute=HeapMemoryUsage
2026-09-23 10:10:15.452 [RMI TCP Connection(2)-192.168.208.1] DEBUG sun.rmi.transport.tcp [] - RMI TCP Connection(2)-192.168.208.1: (port 64300) op = 82
2026-09-23 10:10:15.452 [RMI TCP Connection(2)-192.168.208.1] DEBUG sun.rmi.transport.tcp [] - RMI TCP Connection(2)-192.168.208.1: (port 64300) op = 80
2026-09-23 10:10:15.452 [RMI TCP Connection(2)-192.168.208.1] DEBUG sun.rmi.loader [] - RMI TCP Connection(2)-192.168.208.1: name = "javax.management.ObjectName", codebase = ""
2026-09-23 10:10:15.452 [RMI TCP Connection(2)-192.168.208.1] DEBUG javax.management.remote.rmi [] - connectionId=rmi://192.168.208.1  1, name=java.lang:type=Memory, attribute=HeapMemoryUsage
2026-09-23 10:10:16.454 [RMI TCP Connection(2)-192.168.208.1] DEBUG sun.rmi.transport.tcp [] - RMI TCP Connection(2)-192.168.208.1: (port 64300) op = 82
2026-09-23 10:10:16.454 [RMI TCP Connection(2)-192.168.208.1] DEBUG sun.rmi.transport.tcp [] - RMI TCP Connection(2)-192.168.208.1: (port 64300) op = 80
2026-09-23 10:10:16.454 [RMI TCP Connection(2)-192.168.208.1] DEBUG sun.rmi.loader [] - RMI TCP Connection(2)-192.168.208.1: name = "javax.management.ObjectName", codebase = ""
2026-09-23 10:10:16.454 [RMI TCP Connection(2)-192.168.208.1] DEBUG javax.management.remote.rmi [] - connectionId=rmi://192.168.208.1  1, name=java.lang:type=OperatingSystem, attribute=ProcessCpuLoad
2026-09-23 10:10:16.470 [RMI TCP Connection(2)-192.168.208.1] DEBUG sun.rmi.transport.tcp [] - RMI TCP Connection(2)-192.168.208.1: (port 64300) op = 82
2026-09-23 10:10:16.472 [RMI TCP Connection(2)-192.168.208.1] DEBUG sun.rmi.transport.tcp [] - RMI TCP Connection(2)-192.168.208.1: (port 64300) op = 80
2026-09-23 10:10:16.472 [RMI TCP Connection(2)-192.168.208.1] DEBUG sun.rmi.loader [] - RMI TCP Connection(2)-192.168.208.1: name = "javax.management.ObjectName", codebase = ""
2026-09-23 10:10:16.472 [RMI TCP Connection(2)-192.168.208.1] DEBUG javax.management.remote.rmi [] - connectionId=rmi://192.168.208.1  1, name=java.lang:type=Memory, attribute=HeapMemoryUsage
2026-09-23 10:10:16.472 [RMI TCP Connection(2)-192.168.208.1] DEBUG sun.rmi.transport.tcp [] - RMI TCP Connection(2)-192.168.208.1: (port 64300) op = 82
2026-09-23 10:10:16.472 [RMI TCP Connection(2)-192.168.208.1] DEBUG sun.rmi.transport.tcp [] - RMI TCP Connection(2)-192.168.208.1: (port 64300) op = 80
2026-09-23 10:10:16.472 [RMI TCP Connection(2)-192.168.208.1] DEBUG sun.rmi.loader [] - RMI TCP Connection(2)-192.168.208.1: name = "javax.management.ObjectName", codebase = ""
2026-09-23 10:10:16.472 [RMI TCP Connection(2)-192.168.208.1] DEBUG javax.management.remote.rmi [] - connectionId=rmi://192.168.208.1  1, name=java.lang:type=Memory, attribute=HeapMemoryUsage
2026-09-23 10:10:17.474 [RMI TCP Connection(2)-192.168.208.1] DEBUG sun.rmi.transport.tcp [] - RMI TCP Connection(2)-192.168.208.1: (port 64300) op = 82
2026-09-23 10:10:17.474 [RMI TCP Connection(2)-192.168.208.1] DEBUG sun.rmi.transport.tcp [] - RMI TCP Connection(2)-192.168.208.1: (port 64300) op = 80
2026-09-23 10:10:17.474 [RMI TCP Connection(2)-192.168.208.1] DEBUG sun.rmi.loader [] - RMI TCP Connection(2)-192.168.208.1: name = "javax.management.ObjectName", codebase = ""
2026-09-23 10:10:17.474 [RMI TCP Connection(2)-192.168.208.1] DEBUG javax.management.remote.rmi [] - connectionId=rmi://192.168.208.1  1, name=java.lang:type=OperatingSystem, attribute=ProcessCpuLoad
2026-09-23 10:10:17.492 [RMI TCP Connection(2)-192.168.208.1] DEBUG sun.rmi.transport.tcp [] - RMI TCP Connection(2)-192.168.208.1: (port 64300) op = 82
2026-09-23 10:10:17.492 [RMI TCP Connection(2)-192.168.208.1] DEBUG sun.rmi.transport.tcp [] - RMI TCP Connection(2)-192.168.208.1: (port 64300) op = 80
2026-09-23 10:10:17.492 [RMI TCP Connection(2)-192.168.208.1] DEBUG sun.rmi.loader [] - RMI TCP Connection(2)-192.168.208.1: name = "javax.management.ObjectName", codebase = ""
2026-09-23 10:10:17.492 [RMI TCP Connection(2)-192.168.208.1] DEBUG javax.management.remote.rmi [] - connectionId=rmi://192.168.208.1  1, name=java.lang:type=Memory, attribute=HeapMemoryUsage
2026-09-23 10:10:17.492 [RMI TCP Connection(2)-192.168.208.1] DEBUG sun.rmi.transport.tcp [] - RMI TCP Connection(2)-192.168.208.1: (port 64300) op = 82
2026-09-23 10:10:17.492 [RMI TCP Connection(2)-192.168.208.1] DEBUG sun.rmi.transport.tcp [] - RMI TCP Connection(2)-192.168.208.1: (port 64300) op = 80
2026-09-23 10:10:17.492 [RMI TCP Connection(2)-192.168.208.1] DEBUG sun.rmi.loader [] - RMI TCP Connection(2)-192.168.208.1: name = "javax.management.ObjectName", codebase = ""
2026-09-23 10:10:17.492 [RMI TCP Connection(2)-192.168.208.1] DEBUG javax.management.remote.rmi [] - connectionId=rmi://192.168.208.1  1, name=java.lang:type=Memory, attribute=HeapMemoryUsage
2026-09-23 10:10:18.494 [RMI TCP Connection(2)-192.168.208.1] DEBUG sun.rmi.transport.tcp [] - RMI TCP Connection(2)-192.168.208.1: (port 64300) op = 82
2026-09-23 10:10:18.494 [RMI TCP Connection(2)-192.168.208.1] DEBUG sun.rmi.transport.tcp [] - RMI TCP Connection(2)-192.168.208.1: (port 64300) op = 80
2026-09-23 10:10:18.494 [RMI TCP Connection(2)-192.168.208.1] DEBUG sun.rmi.loader [] - RMI TCP Connection(2)-192.168.208.1: name = "javax.management.ObjectName", codebase = ""
2026-09-23 10:10:18.494 [RMI TCP Connection(2)-192.168.208.1] DEBUG javax.management.remote.rmi [] - connectionId=rmi://192.168.208.1  1, name=java.lang:type=OperatingSystem, attribute=ProcessCpuLoad
2026-09-23 10:10:18.514 [RMI TCP Connection(2)-192.168.208.1] DEBUG sun.rmi.transport.tcp [] - RMI TCP Connection(2)-192.168.208.1: (port 64300) op = 82
2026-09-23 10:10:18.514 [RMI TCP Connection(2)-192.168.208.1] DEBUG sun.rmi.transport.tcp [] - RMI TCP Connection(2)-192.168.208.1: (port 64300) op = 80
2026-09-23 10:10:18.514 [RMI TCP Connection(2)-192.168.208.1] DEBUG sun.rmi.loader [] - RMI TCP Connection(2)-192.168.208.1: name = "javax.management.ObjectName", codebase = ""
2026-09-23 10:10:18.514 [RMI TCP Connection(2)-192.168.208.1] DEBUG javax.management.remote.rmi [] - connectionId=rmi://192.168.208.1  1, name=java.lang:type=Memory, attribute=HeapMemoryUsage
2026-09-23 10:10:18.514 [RMI TCP Connection(2)-192.168.208.1] DEBUG sun.rmi.transport.tcp [] - RMI TCP Connection(2)-192.168.208.1: (port 64300) op = 82
2026-09-23 10:10:18.514 [RMI TCP Connection(2)-192.168.208.1] DEBUG sun.rmi.transport.tcp [] - RMI TCP Connection(2)-192.168.208.1: (port 64300) op = 80
2026-09-23 10:10:18.514 [RMI TCP Connection(2)-192.168.208.1] DEBUG sun.rmi.loader [] - RMI TCP Connection(2)-192.168.208.1: name = "javax.management.ObjectName", codebase = ""
2026-09-23 10:10:18.514 [RMI TCP Connection(2)-192.168.208.1] DEBUG javax.management.remote.rmi [] - connectionId=rmi://192.168.208.1  1, name=java.lang:type=Memory, attribute=HeapMemoryUsage
2026-09-23 10:10:19.516 [RMI TCP Connection(2)-192.168.208.1] DEBUG sun.rmi.transport.tcp [] - RMI TCP Connection(2)-192.168.208.1: (port 64300) op = 82
2026-09-23 10:10:19.516 [RMI TCP Connection(2)-192.168.208.1] DEBUG sun.rmi.transport.tcp [] - RMI TCP Connection(2)-192.168.208.1: (port 64300) op = 80
2026-09-23 10:10:19.516 [RMI TCP Connection(2)-192.168.208.1] DEBUG sun.rmi.loader [] - RMI TCP Connection(2)-192.168.208.1: name = "javax.management.ObjectName", codebase = ""
2026-09-23 10:10:19.516 [RMI TCP Connection(2)-192.168.208.1] DEBUG javax.management.remote.rmi [] - connectionId=rmi://192.168.208.1  1, name=java.lang:type=OperatingSystem, attribute=ProcessCpuLoad
2026-09-23 10:10:19.534 [RMI TCP Connection(2)-192.168.208.1] DEBUG sun.rmi.transport.tcp [] - RMI TCP Connection(2)-192.168.208.1: (port 64300) op = 82
2026-09-23 10:10:19.534 [RMI TCP Connection(2)-192.168.208.1] DEBUG sun.rmi.transport.tcp [] - RMI TCP Connection(2)-192.168.208.1: (port 64300) op = 80
2026-09-23 10:10:19.534 [RMI TCP Connection(2)-192.168.208.1] DEBUG sun.rmi.loader [] - RMI TCP Connection(2)-192.168.208.1: name = "javax.management.ObjectName", codebase = ""
2026-09-23 10:10:19.534 [RMI TCP Connection(2)-192.168.208.1] DEBUG javax.management.remote.rmi [] - connectionId=rmi://192.168.208.1  1, name=java.lang:type=Memory, attribute=HeapMemoryUsage
2026-09-23 10:10:19.535 [RMI TCP Connection(2)-192.168.208.1] DEBUG sun.rmi.transport.tcp [] - RMI TCP Connection(2)-192.168.208.1: (port 64300) op = 82
2026-09-23 10:10:19.535 [RMI TCP Connection(2)-192.168.208.1] DEBUG sun.rmi.transport.tcp [] - RMI TCP Connection(2)-192.168.208.1: (port 64300) op = 80
2026-09-23 10:10:19.535 [RMI TCP Connection(2)-192.168.208.1] DEBUG sun.rmi.loader [] - RMI TCP Connection(2)-192.168.208.1: name = "javax.management.ObjectName", codebase = ""
2026-09-23 10:10:19.535 [RMI TCP Connection(2)-192.168.208.1] DEBUG javax.management.remote.rmi [] - connectionId=rmi://192.168.208.1  1, name=java.lang:type=Memory, attribute=HeapMemoryUsage
2026-09-23 10:10:20.536 [RMI TCP Connection(2)-192.168.208.1] DEBUG sun.rmi.transport.tcp [] - RMI TCP Connection(2)-192.168.208.1: (port 64300) op = 82
2026-09-23 10:10:20.536 [RMI TCP Connection(2)-192.168.208.1] DEBUG sun.rmi.transport.tcp [] - RMI TCP Connection(2)-192.168.208.1: (port 64300) op = 80
2026-09-23 10:10:20.536 [RMI TCP Connection(2)-192.168.208.1] DEBUG sun.rmi.loader [] - RMI TCP Connection(2)-192.168.208.1: name = "javax.management.ObjectName", codebase = ""
2026-09-23 10:10:20.536 [RMI TCP Connection(2)-192.168.208.1] DEBUG javax.management.remote.rmi [] - connectionId=rmi://192.168.208.1  1, name=java.lang:type=OperatingSystem, attribute=ProcessCpuLoad
2026-09-23 10:10:20.554 [RMI TCP Connection(2)-192.168.208.1] DEBUG sun.rmi.transport.tcp [] - RMI TCP Connection(2)-192.168.208.1: (port 64300) op = 82
2026-09-23 10:10:20.554 [RMI TCP Connection(2)-192.168.208.1] DEBUG sun.rmi.transport.tcp [] - RMI TCP Connection(2)-192.168.208.1: (port 64300) op = 80
2026-09-23 10:10:20.554 [RMI TCP Connection(2)-192.168.208.1] DEBUG sun.rmi.loader [] - RMI TCP Connection(2)-192.168.208.1: name = "javax.management.ObjectName", codebase = ""
2026-09-23 10:10:20.556 [RMI TCP Connection(2)-192.168.208.1] DEBUG javax.management.remote.rmi [] - connectionId=rmi://192.168.208.1  1, name=java.lang:type=Memory, attribute=HeapMemoryUsage
2026-09-23 10:10:20.556 [RMI TCP Connection(2)-192.168.208.1] DEBUG sun.rmi.transport.tcp [] - RMI TCP Connection(2)-192.168.208.1: (port 64300) op = 82
2026-09-23 10:10:20.556 [RMI TCP Connection(2)-192.168.208.1] DEBUG sun.rmi.transport.tcp [] - RMI TCP Connection(2)-192.168.208.1: (port 64300) op = 80
2026-09-23 10:10:20.556 [RMI TCP Connection(2)-192.168.208.1] DEBUG sun.rmi.loader [] - RMI TCP Connection(2)-192.168.208.1: name = "javax.management.ObjectName", codebase = ""
2026-09-23 10:10:20.556 [RMI TCP Connection(2)-192.168.208.1] DEBUG javax.management.remote.rmi [] - connectionId=rmi://192.168.208.1  1, name=java.lang:type=Memory, attribute=HeapMemoryUsage
2026-09-23 10:10:21.557 [RMI TCP Connection(2)-192.168.208.1] DEBUG sun.rmi.transport.tcp [] - RMI TCP Connection(2)-192.168.208.1: (port 64300) op = 82
2026-09-23 10:10:21.557 [RMI TCP Connection(2)-192.168.208.1] DEBUG sun.rmi.transport.tcp [] - RMI TCP Connection(2)-192.168.208.1: (port 64300) op = 80
2026-09-23 10:10:21.557 [RMI TCP Connection(2)-192.168.208.1] DEBUG sun.rmi.loader [] - RMI TCP Connection(2)-192.168.208.1: name = "javax.management.ObjectName", codebase = ""
2026-09-23 10:10:21.559 [RMI TCP Connection(2)-192.168.208.1] DEBUG javax.management.remote.rmi [] - connectionId=rmi://192.168.208.1  1, name=java.lang:type=OperatingSystem, attribute=ProcessCpuLoad
2026-09-23 10:10:21.578 [RMI TCP Connection(2)-192.168.208.1] DEBUG sun.rmi.transport.tcp [] - RMI TCP Connection(2)-192.168.208.1: (port 64300) op = 82
2026-09-23 10:10:21.578 [RMI TCP Connection(2)-192.168.208.1] DEBUG sun.rmi.transport.tcp [] - RMI TCP Connection(2)-192.168.208.1: (port 64300) op = 80
2026-09-23 10:10:21.578 [RMI TCP Connection(2)-192.168.208.1] DEBUG sun.rmi.loader [] - RMI TCP Connection(2)-192.168.208.1: name = "javax.management.ObjectName", codebase = ""
2026-09-23 10:10:21.578 [RMI TCP Connection(2)-192.168.208.1] DEBUG javax.management.remote.rmi [] - connectionId=rmi://192.168.208.1  1, name=java.lang:type=Memory, attribute=HeapMemoryUsage
2026-09-23 10:10:21.578 [RMI TCP Connection(2)-192.168.208.1] DEBUG sun.rmi.transport.tcp [] - RMI TCP Connection(2)-192.168.208.1: (port 64300) op = 82
2026-09-23 10:10:21.579 [RMI TCP Connection(2)-192.168.208.1] DEBUG sun.rmi.transport.tcp [] - RMI TCP Connection(2)-192.168.208.1: (port 64300) op = 80
2026-09-23 10:10:21.579 [RMI TCP Connection(2)-192.168.208.1] DEBUG sun.rmi.loader [] - RMI TCP Connection(2)-192.168.208.1: name = "javax.management.ObjectName", codebase = ""
2026-09-23 10:10:21.579 [RMI TCP Connection(2)-192.168.208.1] DEBUG javax.management.remote.rmi [] - connectionId=rmi://192.168.208.1  1, name=java.lang:type=Memory, attribute=HeapMemoryUsage
2026-09-23 10:10:22.582 [RMI TCP Connection(2)-192.168.208.1] DEBUG sun.rmi.transport.tcp [] - RMI TCP Connection(2)-192.168.208.1: (port 64300) op = 82
2026-09-23 10:10:22.582 [RMI TCP Connection(2)-192.168.208.1] DEBUG sun.rmi.transport.tcp [] - RMI TCP Connection(2)-192.168.208.1: (port 64300) op = 80
2026-09-23 10:10:22.582 [RMI TCP Connection(2)-192.168.208.1] DEBUG sun.rmi.loader [] - RMI TCP Connection(2)-192.168.208.1: name = "javax.management.ObjectName", codebase = ""
2026-09-23 10:10:22.582 [RMI TCP Connection(2)-192.168.208.1] DEBUG javax.management.remote.rmi [] - connectionId=rmi://192.168.208.1  1, name=java.lang:type=OperatingSystem, attribute=ProcessCpuLoad
2026-09-23 10:10:22.602 [RMI TCP Connection(2)-192.168.208.1] DEBUG sun.rmi.transport.tcp [] - RMI TCP Connection(2)-192.168.208.1: (port 64300) op = 80
2026-09-23 10:10:22.602 [RMI TCP Connection(2)-192.168.208.1] DEBUG sun.rmi.loader [] - RMI TCP Connection(2)-192.168.208.1: name = "javax.management.ObjectName", codebase = ""
2026-09-23 10:10:22.602 [RMI TCP Connection(2)-192.168.208.1] DEBUG javax.management.remote.rmi [] - connectionId=rmi://192.168.208.1  1, name=java.lang:type=Memory, attribute=HeapMemoryUsage
2026-09-23 10:10:22.602 [RMI TCP Connection(2)-192.168.208.1] DEBUG sun.rmi.transport.tcp [] - RMI TCP Connection(2)-192.168.208.1: (port 64300) op = 80
2026-09-23 10:10:22.602 [RMI TCP Connection(2)-192.168.208.1] DEBUG sun.rmi.loader [] - RMI TCP Connection(2)-192.168.208.1: name = "javax.management.ObjectName", codebase = ""
2026-09-23 10:10:22.602 [RMI TCP Connection(2)-192.168.208.1] DEBUG javax.management.remote.rmi [] - connectionId=rmi://192.168.208.1  1, name=java.lang:type=Memory, attribute=HeapMemoryUsage
2026-09-23 10:10:23.603 [RMI TCP Connection(2)-192.168.208.1] DEBUG sun.rmi.transport.tcp [] - RMI TCP Connection(2)-192.168.208.1: (port 64300) op = 82
2026-09-23 10:10:23.603 [RMI TCP Connection(2)-192.168.208.1] DEBUG sun.rmi.transport.tcp [] - RMI TCP Connection(2)-192.168.208.1: (port 64300) op = 80
2026-09-23 10:10:23.603 [RMI TCP Connection(2)-192.168.208.1] DEBUG sun.rmi.loader [] - RMI TCP Connection(2)-192.168.208.1: name = "javax.management.ObjectName", codebase = ""
2026-09-23 10:10:23.603 [RMI TCP Connection(2)-192.168.208.1] DEBUG javax.management.remote.rmi [] - connectionId=rmi://192.168.208.1  1, name=java.lang:type=OperatingSystem, attribute=ProcessCpuLoad
2026-09-23 10:10:23.621 [RMI TCP Connection(2)-192.168.208.1] DEBUG sun.rmi.transport.tcp [] - RMI TCP Connection(2)-192.168.208.1: (port 64300) op = 82
2026-09-23 10:10:23.622 [RMI TCP Connection(2)-192.168.208.1] DEBUG sun.rmi.transport.tcp [] - RMI TCP Connection(2)-192.168.208.1: (port 64300) op = 80
2026-09-23 10:10:23.622 [RMI TCP Connection(2)-192.168.208.1] DEBUG sun.rmi.loader [] - RMI TCP Connection(2)-192.168.208.1: name = "javax.management.ObjectName", codebase = ""
2026-09-23 10:10:23.622 [RMI TCP Connection(2)-192.168.208.1] DEBUG javax.management.remote.rmi [] - connectionId=rmi://192.168.208.1  1, name=java.lang:type=Memory, attribute=HeapMemoryUsage
2026-09-23 10:10:23.622 [RMI TCP Connection(2)-192.168.208.1] DEBUG sun.rmi.transport.tcp [] - RMI TCP Connection(2)-192.168.208.1: (port 64300) op = 80
2026-09-23 10:10:23.622 [RMI TCP Connection(2)-192.168.208.1] DEBUG sun.rmi.loader [] - RMI TCP Connection(2)-192.168.208.1: name = "javax.management.ObjectName", codebase = ""
2026-09-23 10:10:23.622 [RMI TCP Connection(2)-192.168.208.1] DEBUG javax.management.remote.rmi [] - connectionId=rmi://192.168.208.1  1, name=java.lang:type=Memory, attribute=HeapMemoryUsage
2026-09-23 10:10:24.624 [RMI TCP Connection(2)-192.168.208.1] DEBUG sun.rmi.transport.tcp [] - RMI TCP Connection(2)-192.168.208.1: (port 64300) op = 82
2026-09-23 10:10:24.624 [RMI TCP Connection(2)-192.168.208.1] DEBUG sun.rmi.transport.tcp [] - RMI TCP Connection(2)-192.168.208.1: (port 64300) op = 80
2026-09-23 10:10:24.624 [RMI TCP Connection(2)-192.168.208.1] DEBUG sun.rmi.loader [] - RMI TCP Connection(2)-192.168.208.1: name = "javax.management.ObjectName", codebase = ""
2026-09-23 10:10:24.624 [RMI TCP Connection(2)-192.168.208.1] DEBUG javax.management.remote.rmi [] - connectionId=rmi://192.168.208.1  1, name=java.lang:type=OperatingSystem, attribute=ProcessCpuLoad
2026-09-23 10:10:24.642 [RMI TCP Connection(2)-192.168.208.1] DEBUG sun.rmi.transport.tcp [] - RMI TCP Connection(2)-192.168.208.1: (port 64300) op = 82
2026-09-23 10:10:24.642 [RMI TCP Connection(2)-192.168.208.1] DEBUG sun.rmi.transport.tcp [] - RMI TCP Connection(2)-192.168.208.1: (port 64300) op = 80
2026-09-23 10:10:24.642 [RMI TCP Connection(2)-192.168.208.1] DEBUG sun.rmi.loader [] - RMI TCP Connection(2)-192.168.208.1: name = "javax.management.ObjectName", codebase = ""
2026-09-23 10:10:24.642 [RMI TCP Connection(2)-192.168.208.1] DEBUG javax.management.remote.rmi [] - connectionId=rmi://192.168.208.1  1, name=java.lang:type=Memory, attribute=HeapMemoryUsage
2026-09-23 10:10:24.642 [RMI TCP Connection(2)-192.168.208.1] DEBUG sun.rmi.transport.tcp [] - RMI TCP Connection(2)-192.168.208.1: (port 64300) op = 82
2026-09-23 10:10:24.642 [RMI TCP Connection(2)-192.168.208.1] DEBUG sun.rmi.transport.tcp [] - RMI TCP Connection(2)-192.168.208.1: (port 64300) op = 80
2026-09-23 10:10:24.642 [RMI TCP Connection(2)-192.168.208.1] DEBUG sun.rmi.loader [] - RMI TCP Connection(2)-192.168.208.1: name = "javax.management.ObjectName", codebase = ""
2026-09-23 10:10:24.642 [RMI TCP Connection(2)-192.168.208.1] DEBUG javax.management.remote.rmi [] - connectionId=rmi://192.168.208.1  1, name=java.lang:type=Memory, attribute=HeapMemoryUsage
2026-09-23 10:10:25.643 [RMI TCP Connection(2)-192.168.208.1] DEBUG sun.rmi.transport.tcp [] - RMI TCP Connection(2)-192.168.208.1: (port 64300) op = 82
2026-09-23 10:10:25.643 [RMI TCP Connection(2)-192.168.208.1] DEBUG sun.rmi.transport.tcp [] - RMI TCP Connection(2)-192.168.208.1: (port 64300) op = 80
2026-09-23 10:10:25.643 [RMI TCP Connection(2)-192.168.208.1] DEBUG sun.rmi.loader [] - RMI TCP Connection(2)-192.168.208.1: name = "javax.management.ObjectName", codebase = ""
2026-09-23 10:10:25.643 [RMI TCP Connection(2)-192.168.208.1] DEBUG javax.management.remote.rmi [] - connectionId=rmi://192.168.208.1  1, name=java.lang:type=OperatingSystem, attribute=ProcessCpuLoad
2026-09-23 10:10:25.663 [RMI TCP Connection(2)-192.168.208.1] DEBUG sun.rmi.transport.tcp [] - RMI TCP Connection(2)-192.168.208.1: (port 64300) op = 82
2026-09-23 10:10:25.663 [RMI TCP Connection(2)-192.168.208.1] DEBUG sun.rmi.transport.tcp [] - RMI TCP Connection(2)-192.168.208.1: (port 64300) op = 80
2026-09-23 10:10:25.663 [RMI TCP Connection(2)-192.168.208.1] DEBUG sun.rmi.loader [] - RMI TCP Connection(2)-192.168.208.1: name = "javax.management.ObjectName", codebase = ""
2026-09-23 10:10:25.664 [RMI TCP Connection(2)-192.168.208.1] DEBUG javax.management.remote.rmi [] - connectionId=rmi://192.168.208.1  1, name=java.lang:type=Memory, attribute=HeapMemoryUsage
2026-09-23 10:10:25.664 [RMI TCP Connection(2)-192.168.208.1] DEBUG sun.rmi.transport.tcp [] - RMI TCP Connection(2)-192.168.208.1: (port 64300) op = 82
2026-09-23 10:10:25.664 [RMI TCP Connection(2)-192.168.208.1] DEBUG sun.rmi.transport.tcp [] - RMI TCP Connection(2)-192.168.208.1: (port 64300) op = 80
2026-09-23 10:10:25.664 [RMI TCP Connection(2)-192.168.208.1] DEBUG sun.rmi.loader [] - RMI TCP Connection(2)-192.168.208.1: name = "javax.management.ObjectName", codebase = ""
2026-09-23 10:10:25.664 [RMI TCP Connection(2)-192.168.208.1] DEBUG javax.management.remote.rmi [] - connectionId=rmi://192.168.208.1  1, name=java.lang:type=Memory, attribute=HeapMemoryUsage
2026-09-23 10:10:26.665 [RMI TCP Connection(2)-192.168.208.1] DEBUG sun.rmi.transport.tcp [] - RMI TCP Connection(2)-192.168.208.1: (port 64300) op = 82
2026-09-23 10:10:26.665 [RMI TCP Connection(2)-192.168.208.1] DEBUG sun.rmi.transport.tcp [] - RMI TCP Connection(2)-192.168.208.1: (port 64300) op = 80
2026-09-23 10:10:26.665 [RMI TCP Connection(2)-192.168.208.1] DEBUG sun.rmi.loader [] - RMI TCP Connection(2)-192.168.208.1: name = "javax.management.ObjectName", codebase = ""
2026-09-23 10:10:26.665 [RMI TCP Connection(2)-192.168.208.1] DEBUG javax.management.remote.rmi [] - connectionId=rmi://192.168.208.1  1, name=java.lang:type=OperatingSystem, attribute=ProcessCpuLoad
2026-09-23 10:10:26.687 [RMI TCP Connection(2)-192.168.208.1] DEBUG sun.rmi.transport.tcp [] - RMI TCP Connection(2)-192.168.208.1: (port 64300) op = 82
2026-09-23 10:10:26.687 [RMI TCP Connection(2)-192.168.208.1] DEBUG sun.rmi.transport.tcp [] - RMI TCP Connection(2)-192.168.208.1: (port 64300) op = 80
2026-09-23 10:10:26.687 [RMI TCP Connection(2)-192.168.208.1] DEBUG sun.rmi.loader [] - RMI TCP Connection(2)-192.168.208.1: name = "javax.management.ObjectName", codebase = ""
2026-09-23 10:10:26.687 [RMI TCP Connection(2)-192.168.208.1] DEBUG javax.management.remote.rmi [] - connectionId=rmi://192.168.208.1  1, name=java.lang:type=Memory, attribute=HeapMemoryUsage
2026-09-23 10:10:26.688 [RMI TCP Connection(2)-192.168.208.1] DEBUG sun.rmi.transport.tcp [] - RMI TCP Connection(2)-192.168.208.1: (port 64300) op = 82
2026-09-23 10:10:26.688 [RMI TCP Connection(2)-192.168.208.1] DEBUG sun.rmi.transport.tcp [] - RMI TCP Connection(2)-192.168.208.1: (port 64300) op = 80
2026-09-23 10:10:26.688 [RMI TCP Connection(2)-192.168.208.1] DEBUG sun.rmi.loader [] - RMI TCP Connection(2)-192.168.208.1: name = "javax.management.ObjectName", codebase = ""
2026-09-23 10:10:26.688 [RMI TCP Connection(2)-192.168.208.1] DEBUG javax.management.remote.rmi [] - connectionId=rmi://192.168.208.1  1, name=java.lang:type=Memory, attribute=HeapMemoryUsage
2026-09-23 10:10:27.689 [RMI TCP Connection(2)-192.168.208.1] DEBUG sun.rmi.transport.tcp [] - RMI TCP Connection(2)-192.168.208.1: (port 64300) op = 82
2026-09-23 10:10:27.689 [RMI TCP Connection(2)-192.168.208.1] DEBUG sun.rmi.transport.tcp [] - RMI TCP Connection(2)-192.168.208.1: (port 64300) op = 80
2026-09-23 10:10:27.690 [RMI TCP Connection(2)-192.168.208.1] DEBUG sun.rmi.loader [] - RMI TCP Connection(2)-192.168.208.1: name = "javax.management.ObjectName", codebase = ""
2026-09-23 10:10:27.691 [RMI TCP Connection(2)-192.168.208.1] DEBUG javax.management.remote.rmi [] - connectionId=rmi://192.168.208.1  1, name=java.lang:type=OperatingSystem, attribute=ProcessCpuLoad
2026-09-23 10:10:27.711 [RMI TCP Connection(2)-192.168.208.1] DEBUG sun.rmi.transport.tcp [] - RMI TCP Connection(2)-192.168.208.1: (port 64300) op = 82
2026-09-23 10:10:27.711 [RMI TCP Connection(2)-192.168.208.1] DEBUG sun.rmi.transport.tcp [] - RMI TCP Connection(2)-192.168.208.1: (port 64300) op = 80
2026-09-23 10:10:27.711 [RMI TCP Connection(2)-192.168.208.1] DEBUG sun.rmi.loader [] - RMI TCP Connection(2)-192.168.208.1: name = "javax.management.ObjectName", codebase = ""
2026-09-23 10:10:27.711 [RMI TCP Connection(2)-192.168.208.1] DEBUG javax.management.remote.rmi [] - connectionId=rmi://192.168.208.1  1, name=java.lang:type=Memory, attribute=HeapMemoryUsage
2026-09-23 10:10:27.712 [RMI TCP Connection(2)-192.168.208.1] DEBUG sun.rmi.transport.tcp [] - RMI TCP Connection(2)-192.168.208.1: (port 64300) op = 82
2026-09-23 10:10:27.712 [RMI TCP Connection(2)-192.168.208.1] DEBUG sun.rmi.transport.tcp [] - RMI TCP Connection(2)-192.168.208.1: (port 64300) op = 80
2026-09-23 10:10:27.712 [RMI TCP Connection(2)-192.168.208.1] DEBUG sun.rmi.loader [] - RMI TCP Connection(2)-192.168.208.1: name = "javax.management.ObjectName", codebase = ""
2026-09-23 10:10:27.712 [RMI TCP Connection(2)-192.168.208.1] DEBUG javax.management.remote.rmi [] - connectionId=rmi://192.168.208.1  1, name=java.lang:type=Memory, attribute=HeapMemoryUsage
2026-09-23 10:10:28.713 [RMI TCP Connection(2)-192.168.208.1] DEBUG sun.rmi.transport.tcp [] - RMI TCP Connection(2)-192.168.208.1: (port 64300) op = 82
2026-09-23 10:10:28.713 [RMI TCP Connection(2)-192.168.208.1] DEBUG sun.rmi.transport.tcp [] - RMI TCP Connection(2)-192.168.208.1: (port 64300) op = 80
2026-09-23 10:10:28.713 [RMI TCP Connection(2)-192.168.208.1] DEBUG sun.rmi.loader [] - RMI TCP Connection(2)-192.168.208.1: name = "javax.management.ObjectName", codebase = ""
2026-09-23 10:10:28.713 [RMI TCP Connection(2)-192.168.208.1] DEBUG javax.management.remote.rmi [] - connectionId=rmi://192.168.208.1  1, name=java.lang:type=OperatingSystem, attribute=ProcessCpuLoad
2026-09-23 10:10:28.734 [RMI TCP Connection(2)-192.168.208.1] DEBUG sun.rmi.transport.tcp [] - RMI TCP Connection(2)-192.168.208.1: (port 64300) op = 82
2026-09-23 10:10:28.734 [RMI TCP Connection(2)-192.168.208.1] DEBUG sun.rmi.transport.tcp [] - RMI TCP Connection(2)-192.168.208.1: (port 64300) op = 80
2026-09-23 10:10:28.734 [RMI TCP Connection(2)-192.168.208.1] DEBUG sun.rmi.loader [] - RMI TCP Connection(2)-192.168.208.1: name = "javax.management.ObjectName", codebase = ""
2026-09-23 10:10:28.734 [RMI TCP Connection(2)-192.168.208.1] DEBUG javax.management.remote.rmi [] - connectionId=rmi://192.168.208.1  1, name=java.lang:type=Memory, attribute=HeapMemoryUsage
2026-09-23 10:10:28.734 [RMI TCP Connection(2)-192.168.208.1] DEBUG sun.rmi.transport.tcp [] - RMI TCP Connection(2)-192.168.208.1: (port 64300) op = 82
2026-09-23 10:10:28.734 [RMI TCP Connection(2)-192.168.208.1] DEBUG sun.rmi.transport.tcp [] - RMI TCP Connection(2)-192.168.208.1: (port 64300) op = 80
2026-09-23 10:10:28.734 [RMI TCP Connection(2)-192.168.208.1] DEBUG sun.rmi.loader [] - RMI TCP Connection(2)-192.168.208.1: name = "javax.management.ObjectName", codebase = ""
2026-09-23 10:10:28.734 [RMI TCP Connection(2)-192.168.208.1] DEBUG javax.management.remote.rmi [] - connectionId=rmi://192.168.208.1  1, name=java.lang:type=Memory, attribute=HeapMemoryUsage
2026-09-23 10:10:29.736 [RMI TCP Connection(2)-192.168.208.1] DEBUG sun.rmi.transport.tcp [] - RMI TCP Connection(2)-192.168.208.1: (port 64300) op = 82
2026-09-23 10:10:29.736 [RMI TCP Connection(2)-192.168.208.1] DEBUG sun.rmi.transport.tcp [] - RMI TCP Connection(2)-192.168.208.1: (port 64300) op = 80
2026-09-23 10:10:29.736 [RMI TCP Connection(2)-192.168.208.1] DEBUG sun.rmi.loader [] - RMI TCP Connection(2)-192.168.208.1: name = "javax.management.ObjectName", codebase = ""
2026-09-23 10:10:29.736 [RMI TCP Connection(2)-192.168.208.1] DEBUG javax.management.remote.rmi [] - connectionId=rmi://192.168.208.1  1, name=java.lang:type=OperatingSystem, attribute=ProcessCpuLoad
2026-09-23 10:10:29.756 [RMI TCP Connection(2)-192.168.208.1] DEBUG sun.rmi.transport.tcp [] - RMI TCP Connection(2)-192.168.208.1: (port 64300) op = 82
2026-09-23 10:10:29.756 [RMI TCP Connection(2)-192.168.208.1] DEBUG sun.rmi.transport.tcp [] - RMI TCP Connection(2)-192.168.208.1: (port 64300) op = 80
2026-09-23 10:10:29.756 [RMI TCP Connection(2)-192.168.208.1] DEBUG sun.rmi.loader [] - RMI TCP Connection(2)-192.168.208.1: name = "javax.management.ObjectName", codebase = ""
2026-09-23 10:10:29.756 [RMI TCP Connection(2)-192.168.208.1] DEBUG javax.management.remote.rmi [] - connectionId=rmi://192.168.208.1  1, name=java.lang:type=Memory, attribute=HeapMemoryUsage
2026-09-23 10:10:29.757 [RMI TCP Connection(2)-192.168.208.1] DEBUG sun.rmi.transport.tcp [] - RMI TCP Connection(2)-192.168.208.1: (port 64300) op = 82
2026-09-23 10:10:29.757 [RMI TCP Connection(2)-192.168.208.1] DEBUG sun.rmi.transport.tcp [] - RMI TCP Connection(2)-192.168.208.1: (port 64300) op = 80
2026-09-23 10:10:29.757 [RMI TCP Connection(2)-192.168.208.1] DEBUG sun.rmi.loader [] - RMI TCP Connection(2)-192.168.208.1: name = "javax.management.ObjectName", codebase = ""
2026-09-23 10:10:29.757 [RMI TCP Connection(2)-192.168.208.1] DEBUG javax.management.remote.rmi [] - connectionId=rmi://192.168.208.1  1, name=java.lang:type=Memory, attribute=HeapMemoryUsage
2026-09-23 10:10:30.759 [RMI TCP Connection(2)-192.168.208.1] DEBUG sun.rmi.transport.tcp [] - RMI TCP Connection(2)-192.168.208.1: (port 64300) op = 82
2026-09-23 10:10:30.759 [RMI TCP Connection(2)-192.168.208.1] DEBUG sun.rmi.transport.tcp [] - RMI TCP Connection(2)-192.168.208.1: (port 64300) op = 80
2026-09-23 10:10:30.759 [RMI TCP Connection(2)-192.168.208.1] DEBUG sun.rmi.loader [] - RMI TCP Connection(2)-192.168.208.1: name = "javax.management.ObjectName", codebase = ""
2026-09-23 10:10:30.759 [RMI TCP Connection(2)-192.168.208.1] DEBUG javax.management.remote.rmi [] - connectionId=rmi://192.168.208.1  1, name=java.lang:type=OperatingSystem, attribute=ProcessCpuLoad
2026-09-23 10:10:30.776 [RMI TCP Connection(2)-192.168.208.1] DEBUG sun.rmi.transport.tcp [] - RMI TCP Connection(2)-192.168.208.1: (port 64300) op = 82
2026-09-23 10:10:30.776 [RMI TCP Connection(2)-192.168.208.1] DEBUG sun.rmi.transport.tcp [] - RMI TCP Connection(2)-192.168.208.1: (port 64300) op = 80
2026-09-23 10:10:30.776 [RMI TCP Connection(2)-192.168.208.1] DEBUG sun.rmi.loader [] - RMI TCP Connection(2)-192.168.208.1: name = "javax.management.ObjectName", codebase = ""
2026-09-23 10:10:30.776 [RMI TCP Connection(2)-192.168.208.1] DEBUG javax.management.remote.rmi [] - connectionId=rmi://192.168.208.1  1, name=java.lang:type=Memory, attribute=HeapMemoryUsage
2026-09-23 10:10:30.778 [RMI TCP Connection(2)-192.168.208.1] DEBUG sun.rmi.transport.tcp [] - RMI TCP Connection(2)-192.168.208.1: (port 64300) op = 82
2026-09-23 10:10:30.778 [RMI TCP Connection(2)-192.168.208.1] DEBUG sun.rmi.transport.tcp [] - RMI TCP Connection(2)-192.168.208.1: (port 64300) op = 80
2026-09-23 10:10:30.778 [RMI TCP Connection(2)-192.168.208.1] DEBUG sun.rmi.loader [] - RMI TCP Connection(2)-192.168.208.1: name = "javax.management.ObjectName", codebase = ""
2026-09-23 10:10:30.778 [RMI TCP Connection(2)-192.168.208.1] DEBUG javax.management.remote.rmi [] - connectionId=rmi://192.168.208.1  1, name=java.lang:type=Memory, attribute=HeapMemoryUsage
2026-09-23 10:10:31.780 [RMI TCP Connection(2)-192.168.208.1] DEBUG sun.rmi.transport.tcp [] - RMI TCP Connection(2)-192.168.208.1: (port 64300) op = 82
2026-09-23 10:10:31.780 [RMI TCP Connection(2)-192.168.208.1] DEBUG sun.rmi.transport.tcp [] - RMI TCP Connection(2)-192.168.208.1: (port 64300) op = 80
2026-09-23 10:10:31.780 [RMI TCP Connection(2)-192.168.208.1] DEBUG sun.rmi.loader [] - RMI TCP Connection(2)-192.168.208.1: name = "javax.management.ObjectName", codebase = ""
2026-09-23 10:10:31.780 [RMI TCP Connection(2)-192.168.208.1] DEBUG javax.management.remote.rmi [] - connectionId=rmi://192.168.208.1  1, name=java.lang:type=OperatingSystem, attribute=ProcessCpuLoad
2026-09-23 10:10:31.813 [RMI TCP Connection(2)-192.168.208.1] DEBUG sun.rmi.transport.tcp [] - RMI TCP Connection(2)-192.168.208.1: (port 64300) op = 82
2026-09-23 10:10:31.813 [RMI TCP Connection(2)-192.168.208.1] DEBUG sun.rmi.transport.tcp [] - RMI TCP Connection(2)-192.168.208.1: (port 64300) op = 80
2026-09-23 10:10:31.813 [RMI TCP Connection(2)-192.168.208.1] DEBUG sun.rmi.loader [] - RMI TCP Connection(2)-192.168.208.1: name = "javax.management.ObjectName", codebase = ""
2026-09-23 10:10:31.813 [RMI TCP Connection(2)-192.168.208.1] DEBUG javax.management.remote.rmi [] - connectionId=rmi://192.168.208.1  1, name=java.lang:type=Memory, attribute=HeapMemoryUsage
2026-09-23 10:10:31.813 [RMI TCP Connection(2)-192.168.208.1] DEBUG sun.rmi.transport.tcp [] - RMI TCP Connection(2)-192.168.208.1: (port 64300) op = 80
2026-09-23 10:10:31.813 [RMI TCP Connection(2)-192.168.208.1] DEBUG sun.rmi.loader [] - RMI TCP Connection(2)-192.168.208.1: name = "javax.management.ObjectName", codebase = ""
2026-09-23 10:10:31.813 [RMI TCP Connection(2)-192.168.208.1] DEBUG javax.management.remote.rmi [] - connectionId=rmi://192.168.208.1  1, name=java.lang:type=Memory, attribute=HeapMemoryUsage
2026-09-23 10:10:32.814 [RMI TCP Connection(2)-192.168.208.1] DEBUG sun.rmi.transport.tcp [] - RMI TCP Connection(2)-192.168.208.1: (port 64300) op = 82
2026-09-23 10:10:32.814 [RMI TCP Connection(2)-192.168.208.1] DEBUG sun.rmi.transport.tcp [] - RMI TCP Connection(2)-192.168.208.1: (port 64300) op = 80
2026-09-23 10:10:32.814 [RMI TCP Connection(2)-192.168.208.1] DEBUG sun.rmi.loader [] - RMI TCP Connection(2)-192.168.208.1: name = "javax.management.ObjectName", codebase = ""
2026-09-23 10:10:32.814 [RMI TCP Connection(2)-192.168.208.1] DEBUG javax.management.remote.rmi [] - connectionId=rmi://192.168.208.1  1, name=java.lang:type=OperatingSystem, attribute=ProcessCpuLoad
2026-09-23 10:10:32.836 [RMI TCP Connection(2)-192.168.208.1] DEBUG sun.rmi.transport.tcp [] - RMI TCP Connection(2)-192.168.208.1: (port 64300) op = 82
2026-09-23 10:10:32.836 [RMI TCP Connection(2)-192.168.208.1] DEBUG sun.rmi.transport.tcp [] - RMI TCP Connection(2)-192.168.208.1: (port 64300) op = 80
2026-09-23 10:10:32.836 [RMI TCP Connection(2)-192.168.208.1] DEBUG sun.rmi.loader [] - RMI TCP Connection(2)-192.168.208.1: name = "javax.management.ObjectName", codebase = ""
2026-09-23 10:10:32.836 [RMI TCP Connection(2)-192.168.208.1] DEBUG javax.management.remote.rmi [] - connectionId=rmi://192.168.208.1  1, name=java.lang:type=Memory, attribute=HeapMemoryUsage
2026-09-23 10:10:32.836 [RMI TCP Connection(2)-192.168.208.1] DEBUG sun.rmi.transport.tcp [] - RMI TCP Connection(2)-192.168.208.1: (port 64300) op = 82
2026-09-23 10:10:32.836 [RMI TCP Connection(2)-192.168.208.1] DEBUG sun.rmi.transport.tcp [] - RMI TCP Connection(2)-192.168.208.1: (port 64300) op = 80
2026-09-23 10:10:32.836 [RMI TCP Connection(2)-192.168.208.1] DEBUG sun.rmi.loader [] - RMI TCP Connection(2)-192.168.208.1: name = "javax.management.ObjectName", codebase = ""
2026-09-23 10:10:32.836 [RMI TCP Connection(2)-192.168.208.1] DEBUG javax.management.remote.rmi [] - connectionId=rmi://192.168.208.1  1, name=java.lang:type=Memory, attribute=HeapMemoryUsage
2026-09-23 10:10:33.837 [RMI TCP Connection(2)-192.168.208.1] DEBUG sun.rmi.transport.tcp [] - RMI TCP Connection(2)-192.168.208.1: (port 64300) op = 82
2026-09-23 10:10:33.837 [RMI TCP Connection(2)-192.168.208.1] DEBUG sun.rmi.transport.tcp [] - RMI TCP Connection(2)-192.168.208.1: (port 64300) op = 80
2026-09-23 10:10:33.837 [RMI TCP Connection(2)-192.168.208.1] DEBUG sun.rmi.loader [] - RMI TCP Connection(2)-192.168.208.1: name = "javax.management.ObjectName", codebase = ""
2026-09-23 10:10:33.837 [RMI TCP Connection(2)-192.168.208.1] DEBUG javax.management.remote.rmi [] - connectionId=rmi://192.168.208.1  1, name=java.lang:type=OperatingSystem, attribute=ProcessCpuLoad
2026-09-23 10:10:33.856 [RMI TCP Connection(2)-192.168.208.1] DEBUG sun.rmi.transport.tcp [] - RMI TCP Connection(2)-192.168.208.1: (port 64300) op = 82
2026-09-23 10:10:33.857 [RMI TCP Connection(2)-192.168.208.1] DEBUG sun.rmi.transport.tcp [] - RMI TCP Connection(2)-192.168.208.1: (port 64300) op = 80
2026-09-23 10:10:33.857 [RMI TCP Connection(2)-192.168.208.1] DEBUG sun.rmi.loader [] - RMI TCP Connection(2)-192.168.208.1: name = "javax.management.ObjectName", codebase = ""
2026-09-23 10:10:33.857 [RMI TCP Connection(2)-192.168.208.1] DEBUG javax.management.remote.rmi [] - connectionId=rmi://192.168.208.1  1, name=java.lang:type=Memory, attribute=HeapMemoryUsage
2026-09-23 10:10:33.857 [RMI TCP Connection(2)-192.168.208.1] DEBUG sun.rmi.transport.tcp [] - RMI TCP Connection(2)-192.168.208.1: (port 64300) op = 80
2026-09-23 10:10:33.857 [RMI TCP Connection(2)-192.168.208.1] DEBUG sun.rmi.loader [] - RMI TCP Connection(2)-192.168.208.1: name = "javax.management.ObjectName", codebase = ""
2026-09-23 10:10:33.857 [RMI TCP Connection(2)-192.168.208.1] DEBUG javax.management.remote.rmi [] - connectionId=rmi://192.168.208.1  1, name=java.lang:type=Memory, attribute=HeapMemoryUsage
2026-09-23 10:10:34.859 [RMI TCP Connection(2)-192.168.208.1] DEBUG sun.rmi.transport.tcp [] - RMI TCP Connection(2)-192.168.208.1: (port 64300) op = 82
2026-09-23 10:10:34.859 [RMI TCP Connection(2)-192.168.208.1] DEBUG sun.rmi.transport.tcp [] - RMI TCP Connection(2)-192.168.208.1: (port 64300) op = 80
2026-09-23 10:10:34.859 [RMI TCP Connection(2)-192.168.208.1] DEBUG sun.rmi.loader [] - RMI TCP Connection(2)-192.168.208.1: name = "javax.management.ObjectName", codebase = ""
2026-09-23 10:10:34.859 [RMI TCP Connection(2)-192.168.208.1] DEBUG javax.management.remote.rmi [] - connectionId=rmi://192.168.208.1  1, name=java.lang:type=OperatingSystem, attribute=ProcessCpuLoad
2026-09-23 10:10:34.880 [RMI TCP Connection(2)-192.168.208.1] DEBUG sun.rmi.transport.tcp [] - RMI TCP Connection(2)-192.168.208.1: (port 64300) op = 82
2026-09-23 10:10:34.880 [RMI TCP Connection(2)-192.168.208.1] DEBUG sun.rmi.transport.tcp [] - RMI TCP Connection(2)-192.168.208.1: (port 64300) op = 80
2026-09-23 10:10:34.880 [RMI TCP Connection(2)-192.168.208.1] DEBUG sun.rmi.loader [] - RMI TCP Connection(2)-192.168.208.1: name = "javax.management.ObjectName", codebase = ""
2026-09-23 10:10:34.880 [RMI TCP Connection(2)-192.168.208.1] DEBUG javax.management.remote.rmi [] - connectionId=rmi://192.168.208.1  1, name=java.lang:type=Memory, attribute=HeapMemoryUsage
2026-09-23 10:10:34.880 [RMI TCP Connection(2)-192.168.208.1] DEBUG sun.rmi.transport.tcp [] - RMI TCP Connection(2)-192.168.208.1: (port 64300) op = 82
2026-09-23 10:10:34.881 [RMI TCP Connection(2)-192.168.208.1] DEBUG sun.rmi.transport.tcp [] - RMI TCP Connection(2)-192.168.208.1: (port 64300) op = 80
2026-09-23 10:10:34.881 [RMI TCP Connection(2)-192.168.208.1] DEBUG sun.rmi.loader [] - RMI TCP Connection(2)-192.168.208.1: name = "javax.management.ObjectName", codebase = ""
2026-09-23 10:10:34.881 [RMI TCP Connection(2)-192.168.208.1] DEBUG javax.management.remote.rmi [] - connectionId=rmi://192.168.208.1  1, name=java.lang:type=Memory, attribute=HeapMemoryUsage
2026-09-23 10:10:35.882 [RMI TCP Connection(2)-192.168.208.1] DEBUG sun.rmi.transport.tcp [] - RMI TCP Connection(2)-192.168.208.1: (port 64300) op = 82
2026-09-23 10:10:35.882 [RMI TCP Connection(2)-192.168.208.1] DEBUG sun.rmi.transport.tcp [] - RMI TCP Connection(2)-192.168.208.1: (port 64300) op = 80
2026-09-23 10:10:35.882 [RMI TCP Connection(2)-192.168.208.1] DEBUG sun.rmi.loader [] - RMI TCP Connection(2)-192.168.208.1: name = "javax.management.ObjectName", codebase = ""
2026-09-23 10:10:35.882 [RMI TCP Connection(2)-192.168.208.1] DEBUG javax.management.remote.rmi [] - connectionId=rmi://192.168.208.1  1, name=java.lang:type=OperatingSystem, attribute=ProcessCpuLoad
2026-09-23 10:10:35.900 [RMI TCP Connection(2)-192.168.208.1] DEBUG sun.rmi.transport.tcp [] - RMI TCP Connection(2)-192.168.208.1: (port 64300) op = 82
2026-09-23 10:10:35.900 [RMI TCP Connection(2)-192.168.208.1] DEBUG sun.rmi.transport.tcp [] - RMI TCP Connection(2)-192.168.208.1: (port 64300) op = 80
2026-09-23 10:10:35.900 [RMI TCP Connection(2)-192.168.208.1] DEBUG sun.rmi.loader [] - RMI TCP Connection(2)-192.168.208.1: name = "javax.management.ObjectName", codebase = ""
2026-09-23 10:10:35.900 [RMI TCP Connection(2)-192.168.208.1] DEBUG javax.management.remote.rmi [] - connectionId=rmi://192.168.208.1  1, name=java.lang:type=Memory, attribute=HeapMemoryUsage
2026-09-23 10:10:35.901 [RMI TCP Connection(2)-192.168.208.1] DEBUG sun.rmi.transport.tcp [] - RMI TCP Connection(2)-192.168.208.1: (port 64300) op = 82
2026-09-23 10:10:35.901 [RMI TCP Connection(2)-192.168.208.1] DEBUG sun.rmi.transport.tcp [] - RMI TCP Connection(2)-192.168.208.1: (port 64300) op = 80
2026-09-23 10:10:35.901 [RMI TCP Connection(2)-192.168.208.1] DEBUG sun.rmi.loader [] - RMI TCP Connection(2)-192.168.208.1: name = "javax.management.ObjectName", codebase = ""
2026-09-23 10:10:35.901 [RMI TCP Connection(2)-192.168.208.1] DEBUG javax.management.remote.rmi [] - connectionId=rmi://192.168.208.1  1, name=java.lang:type=Memory, attribute=HeapMemoryUsage
2026-09-23 10:10:36.902 [RMI TCP Connection(2)-192.168.208.1] DEBUG sun.rmi.transport.tcp [] - RMI TCP Connection(2)-192.168.208.1: (port 64300) op = 82
2026-09-23 10:10:36.902 [RMI TCP Connection(2)-192.168.208.1] DEBUG sun.rmi.transport.tcp [] - RMI TCP Connection(2)-192.168.208.1: (port 64300) op = 80
2026-09-23 10:10:36.902 [RMI TCP Connection(2)-192.168.208.1] DEBUG sun.rmi.loader [] - RMI TCP Connection(2)-192.168.208.1: name = "javax.management.ObjectName", codebase = ""
2026-09-23 10:10:36.902 [RMI TCP Connection(2)-192.168.208.1] DEBUG javax.management.remote.rmi [] - connectionId=rmi://192.168.208.1  1, name=java.lang:type=OperatingSystem, attribute=ProcessCpuLoad
2026-09-23 10:10:36.921 [RMI TCP Connection(2)-192.168.208.1] DEBUG sun.rmi.transport.tcp [] - RMI TCP Connection(2)-192.168.208.1: (port 64300) op = 82
2026-09-23 10:10:36.921 [RMI TCP Connection(2)-192.168.208.1] DEBUG sun.rmi.transport.tcp [] - RMI TCP Connection(2)-192.168.208.1: (port 64300) op = 80
2026-09-23 10:10:36.921 [RMI TCP Connection(2)-192.168.208.1] DEBUG sun.rmi.loader [] - RMI TCP Connection(2)-192.168.208.1: name = "javax.management.ObjectName", codebase = ""
2026-09-23 10:10:36.921 [RMI TCP Connection(2)-192.168.208.1] DEBUG javax.management.remote.rmi [] - connectionId=rmi://192.168.208.1  1, name=java.lang:type=Memory, attribute=HeapMemoryUsage
2026-09-23 10:10:36.922 [RMI TCP Connection(2)-192.168.208.1] DEBUG sun.rmi.transport.tcp [] - RMI TCP Connection(2)-192.168.208.1: (port 64300) op = 82
2026-09-23 10:10:36.922 [RMI TCP Connection(2)-192.168.208.1] DEBUG sun.rmi.transport.tcp [] - RMI TCP Connection(2)-192.168.208.1: (port 64300) op = 80
2026-09-23 10:10:36.922 [RMI TCP Connection(2)-192.168.208.1] DEBUG sun.rmi.loader [] - RMI TCP Connection(2)-192.168.208.1: name = "javax.management.ObjectName", codebase = ""
2026-09-23 10:10:36.922 [RMI TCP Connection(2)-192.168.208.1] DEBUG javax.management.remote.rmi [] - connectionId=rmi://192.168.208.1  1, name=java.lang:type=Memory, attribute=HeapMemoryUsage
2026-09-23 10:10:37.923 [RMI TCP Connection(2)-192.168.208.1] DEBUG sun.rmi.transport.tcp [] - RMI TCP Connection(2)-192.168.208.1: (port 64300) op = 82
2026-09-23 10:10:37.923 [RMI TCP Connection(2)-192.168.208.1] DEBUG sun.rmi.transport.tcp [] - RMI TCP Connection(2)-192.168.208.1: (port 64300) op = 80
2026-09-23 10:10:37.923 [RMI TCP Connection(2)-192.168.208.1] DEBUG sun.rmi.loader [] - RMI TCP Connection(2)-192.168.208.1: name = "javax.management.ObjectName", codebase = ""
2026-09-23 10:10:37.923 [RMI TCP Connection(2)-192.168.208.1] DEBUG javax.management.remote.rmi [] - connectionId=rmi://192.168.208.1  1, name=java.lang:type=OperatingSystem, attribute=ProcessCpuLoad
2026-09-23 10:10:37.944 [RMI TCP Connection(2)-192.168.208.1] DEBUG sun.rmi.transport.tcp [] - RMI TCP Connection(2)-192.168.208.1: (port 64300) op = 82
2026-09-23 10:10:37.944 [RMI TCP Connection(2)-192.168.208.1] DEBUG sun.rmi.transport.tcp [] - RMI TCP Connection(2)-192.168.208.1: (port 64300) op = 80
2026-09-23 10:10:37.944 [RMI TCP Connection(2)-192.168.208.1] DEBUG sun.rmi.loader [] - RMI TCP Connection(2)-192.168.208.1: name = "javax.management.ObjectName", codebase = ""
2026-09-23 10:10:37.944 [RMI TCP Connection(2)-192.168.208.1] DEBUG javax.management.remote.rmi [] - connectionId=rmi://192.168.208.1  1, name=java.lang:type=Memory, attribute=HeapMemoryUsage
2026-09-23 10:10:37.944 [RMI TCP Connection(2)-192.168.208.1] DEBUG sun.rmi.transport.tcp [] - RMI TCP Connection(2)-192.168.208.1: (port 64300) op = 82
2026-09-23 10:10:37.944 [RMI TCP Connection(2)-192.168.208.1] DEBUG sun.rmi.transport.tcp [] - RMI TCP Connection(2)-192.168.208.1: (port 64300) op = 80
2026-09-23 10:10:37.944 [RMI TCP Connection(2)-192.168.208.1] DEBUG sun.rmi.loader [] - RMI TCP Connection(2)-192.168.208.1: name = "javax.management.ObjectName", codebase = ""
2026-09-23 10:10:37.944 [RMI TCP Connection(2)-192.168.208.1] DEBUG javax.management.remote.rmi [] - connectionId=rmi://192.168.208.1  1, name=java.lang:type=Memory, attribute=HeapMemoryUsage
2026-09-23 10:10:38.746 [File Watcher] INFO  o.s.b.d.a.LocalDevToolsAutoConfiguration$RestartingClassPathChangeChangedEventListener [] - Restarting due to 1 class path change (0 additions, 1 deletion, 0 modifications)
2026-09-23 10:10:38.747 [File Watcher] DEBUG o.s.b.d.a.LocalDevToolsAutoConfiguration$RestartingClassPathChangeChangedEventListener [] - Change set: [D:\Tools\Projects\backend-learning\03-logging\target\classes [D:\Tools\Projects\backend-learning\03-logging\target\classes\top\zff06\logging\controller\LoggingController.class (DELETE)]]
2026-09-23 10:10:38.747 [File Watcher] DEBUG o.s.boot.devtools.restart.Restarter [] - Restarting application
2026-09-23 10:10:38.748 [Thread-1] DEBUG o.s.boot.devtools.restart.Restarter [] - Stopping application
2026-09-23 10:10:38.748 [Thread-1] DEBUG o.s.b.a.ApplicationAvailabilityBean [] - Application availability state ReadinessState changed from ACCEPTING_TRAFFIC to REFUSING_TRAFFIC
2026-09-23 10:10:38.748 [Thread-1] DEBUG o.s.b.w.s.s.c.AnnotationConfigServletWebServerApplicationContext [] - Closing org.springframework.boot.web.server.servlet.context.AnnotationConfigServletWebServerApplicationContext@356dfaae, started on Wed Sep 23 10:08:50 CST 2026
2026-09-23 10:10:38.748 [Thread-1] DEBUG o.s.c.s.DefaultLifecycleProcessor [] - Stopping beans in phase 2147482623
2026-09-23 10:10:38.749 [Thread-1] INFO  o.s.boot.tomcat.GracefulShutdown [] - Commencing graceful shutdown. Waiting for active requests to complete
2026-09-23 10:10:38.750 [tomcat-shutdown] INFO  o.a.coyote.http11.Http11NioProtocol [] - Pausing ProtocolHandler ["http-nio-8003"]
2026-09-23 10:10:38.754 [tomcat-shutdown] INFO  o.s.boot.tomcat.GracefulShutdown [] - Graceful shutdown complete
2026-09-23 10:10:38.754 [Thread-1] DEBUG o.s.c.s.DefaultLifecycleProcessor [] - Stopping beans in phase 2147481599
2026-09-23 10:10:38.754 [tomcat-shutdown] DEBUG o.s.c.s.DefaultLifecycleProcessor [] - Bean 'webServerGracefulShutdown' completed its stop procedure
2026-09-23 10:10:38.755 [Thread-1] DEBUG o.apache.catalina.util.LifecycleBase [] - Setting state for [Connector["http-nio-8003"]] to [STOPPING_PREP]
2026-09-23 10:10:38.755 [Thread-1] DEBUG o.apache.catalina.util.LifecycleBase [] - Setting state for [Connector["http-nio-8003"]] to [STOPPING]
2026-09-23 10:10:38.755 [Thread-1] INFO  o.a.coyote.http11.Http11NioProtocol [] - Stopping ProtocolHandler ["http-nio-8003"]
2026-09-23 10:10:38.755 [Thread-1] DEBUG o.apache.catalina.util.LifecycleBase [] - Setting state for [Connector["http-nio-8003"]] to [STOPPED]
2026-09-23 10:10:38.755 [Thread-1] DEBUG o.s.c.s.DefaultLifecycleProcessor [] - Bean 'webServerStartStop' completed its stop procedure
2026-09-23 10:10:38.755 [Thread-1] DEBUG o.s.c.s.DefaultLifecycleProcessor [] - Stopping beans in phase 1073741823
2026-09-23 10:10:38.755 [Thread-1] DEBUG o.s.c.s.DefaultLifecycleProcessor [] - Bean 'applicationTaskExecutor' completed its stop procedure
2026-09-23 10:10:38.755 [Thread-1] DEBUG o.s.c.s.DefaultLifecycleProcessor [] - Stopping beans in phase -2147483647
2026-09-23 10:10:38.755 [Thread-1] DEBUG o.s.c.s.DefaultLifecycleProcessor [] - Bean 'springBootLoggingLifecycle' completed its stop procedure
2026-09-23 10:10:38.755 [Thread-1] DEBUG o.s.j.e.a.AnnotationMBeanExporter [] - Unregistering JMX-exposed beans on shutdown
2026-09-23 10:10:38.755 [Thread-1] DEBUG o.s.s.c.ThreadPoolTaskExecutor [] - Shutting down ExecutorService 'applicationTaskExecutor'
2026-09-23 10:10:38.776 [Thread-1] DEBUG o.s.boot.devtools.restart.Restarter [] - Starting application top.zff06.logging.LoggingApplication with URLs [file:/D:/Tools/Projects/backend-learning/03-logging/target/classes/]
2026-09-23 10:10:38.796 [restartedMain] INFO  t.zff06.logging.LoggingApplication [] - Starting LoggingApplication using Java 21.0.12.1 with PID 34612 (D:\Tools\Projects\backend-learning\03-logging\target\classes started by zff06 in D:\Tools\Projects\backend-learning)
2026-09-23 10:10:38.796 [restartedMain] DEBUG t.zff06.logging.LoggingApplication [] - Running with Spring Boot v4.1.1, Spring v7.0.9
2026-09-23 10:10:38.797 [restartedMain] INFO  t.zff06.logging.LoggingApplication [] - The following 1 profile is active: "dev"
2026-09-23 10:10:38.797 [restartedMain] DEBUG o.s.boot.SpringApplication [] - Loading source class top.zff06.logging.LoggingApplication
2026-09-23 10:10:38.799 [restartedMain] DEBUG o.s.b.w.s.s.c.AnnotationConfigServletWebServerApplicationContext [] - Refreshing org.springframework.boot.web.server.servlet.context.AnnotationConfigServletWebServerApplicationContext@244df192
2026-09-23 10:10:38.799 [restartedMain] DEBUG o.s.b.f.s.DefaultListableBeanFactory [] - Creating shared instance of singleton bean 'org.springframework.context.annotation.internalConfigurationAnnotationProcessor'
2026-09-23 10:10:38.799 [restartedMain] DEBUG o.s.b.f.s.DefaultListableBeanFactory [] - Creating shared instance of singleton bean 'org.springframework.boot.autoconfigure.internalCachingMetadataReaderFactory'
2026-09-23 10:10:38.803 [restartedMain] DEBUG o.s.c.a.ClassPathBeanDefinitionScanner [] - Identified candidate component class: file [D:\Tools\Projects\backend-learning\03-logging\target\classes\top\zff06\logging\controller\LoggingController.class]
2026-09-23 10:10:38.850 [restartedMain] DEBUG o.s.b.f.s.DefaultListableBeanFactory [] - Creating shared instance of singleton bean 'propertySourcesPlaceholderConfigurer'
2026-09-23 10:10:38.850 [restartedMain] DEBUG o.s.b.f.s.DefaultListableBeanFactory [] - Creating shared instance of singleton bean 'org.springframework.context.event.internalEventListenerProcessor'
2026-09-23 10:10:38.850 [restartedMain] DEBUG o.s.b.f.s.DefaultListableBeanFactory [] - Creating shared instance of singleton bean 'bootstrapExecutorAliasPostProcessor'
2026-09-23 10:10:38.850 [restartedMain] DEBUG o.s.b.f.s.DefaultListableBeanFactory [] - Creating shared instance of singleton bean 'preserveErrorControllerTargetClassPostProcessor'
2026-09-23 10:10:38.850 [restartedMain] DEBUG o.s.b.f.s.DefaultListableBeanFactory [] - Creating shared instance of singleton bean 'forceAutoProxyCreatorToUseClassProxying'
2026-09-23 10:10:38.850 [restartedMain] DEBUG o.s.b.f.s.DefaultListableBeanFactory [] - Creating shared instance of singleton bean 'org.springframework.context.event.internalEventListenerFactory'
2026-09-23 10:10:38.850 [restartedMain] DEBUG o.s.b.f.s.DefaultListableBeanFactory [] - Creating shared instance of singleton bean 'org.springframework.context.annotation.internalAutowiredAnnotationProcessor'
2026-09-23 10:10:38.850 [restartedMain] DEBUG o.s.b.f.s.DefaultListableBeanFactory [] - Creating shared instance of singleton bean 'org.springframework.context.annotation.internalCommonAnnotationProcessor'
2026-09-23 10:10:38.850 [restartedMain] DEBUG o.s.b.f.s.DefaultListableBeanFactory [] - Creating shared instance of singleton bean 'org.springframework.boot.context.properties.ConfigurationPropertiesBindingPostProcessor'
2026-09-23 10:10:38.850 [restartedMain] DEBUG o.s.b.f.s.DefaultListableBeanFactory [] - Creating shared instance of singleton bean 'org.springframework.boot.context.internalConfigurationPropertiesBinder'
2026-09-23 10:10:38.852 [restartedMain] DEBUG o.s.b.f.s.DefaultListableBeanFactory [] - Creating shared instance of singleton bean 'org.springframework.aop.config.internalAutoProxyCreator'
2026-09-23 10:10:38.852 [restartedMain] DEBUG o.s.b.f.s.DefaultListableBeanFactory [] - Creating shared instance of singleton bean 'org.springframework.aop.framework.autoproxy.defaultProxyConfig'
2026-09-23 10:10:38.852 [restartedMain] DEBUG o.s.b.f.s.DefaultListableBeanFactory [] - Creating shared instance of singleton bean 'webServerFactoryCustomizerBeanPostProcessor'
2026-09-23 10:10:38.852 [restartedMain] DEBUG o.s.b.f.s.DefaultListableBeanFactory [] - Creating shared instance of singleton bean 'errorPageRegistrarBeanPostProcessor'
2026-09-23 10:10:38.853 [restartedMain] DEBUG o.s.b.f.s.DefaultListableBeanFactory [] - Creating shared instance of singleton bean 'tomcatServletWebServerFactory'
2026-09-23 10:10:38.853 [restartedMain] DEBUG o.s.b.f.s.DefaultListableBeanFactory [] - Creating shared instance of singleton bean 'org.springframework.boot.tomcat.autoconfigure.servlet.TomcatServletWebServerAutoConfiguration'
2026-09-23 10:10:38.853 [restartedMain] DEBUG o.s.b.f.s.DefaultListableBeanFactory [] - Creating shared instance of singleton bean 'server.tomcat-org.springframework.boot.tomcat.autoconfigure.TomcatServerProperties'
2026-09-23 10:10:38.853 [restartedMain] DEBUG o.s.b.f.s.DefaultListableBeanFactory [] - Creating shared instance of singleton bean 'org.springframework.boot.context.properties.BoundConfigurationProperties'
2026-09-23 10:10:38.855 [restartedMain] DEBUG o.s.b.f.s.DefaultListableBeanFactory [] - Autowiring by type from bean name 'org.springframework.boot.tomcat.autoconfigure.servlet.TomcatServletWebServerAutoConfiguration' via constructor to bean named 'server.tomcat-org.springframework.boot.tomcat.autoconfigure.TomcatServerProperties'
2026-09-23 10:10:38.856 [restartedMain] DEBUG o.s.b.f.s.DefaultListableBeanFactory [] - Creating shared instance of singleton bean 'servletWebServerFactoryCustomizer'
2026-09-23 10:10:38.856 [restartedMain] DEBUG o.s.b.f.s.DefaultListableBeanFactory [] - Creating shared instance of singleton bean 'org.springframework.boot.web.server.autoconfigure.servlet.ServletWebServerConfiguration'
2026-09-23 10:10:38.856 [restartedMain] DEBUG o.s.b.f.s.DefaultListableBeanFactory [] - Creating shared instance of singleton bean 'server-org.springframework.boot.web.server.autoconfigure.ServerProperties'
2026-09-23 10:10:38.858 [restartedMain] DEBUG o.s.b.f.s.DefaultListableBeanFactory [] - Autowiring by type from bean name 'servletWebServerFactoryCustomizer' via factory method to bean named 'server-org.springframework.boot.web.server.autoconfigure.ServerProperties'
2026-09-23 10:10:38.858 [restartedMain] DEBUG o.s.b.f.s.DefaultListableBeanFactory [] - Creating shared instance of singleton bean 'sslBundleRegistry'
2026-09-23 10:10:38.858 [restartedMain] DEBUG o.s.b.f.s.DefaultListableBeanFactory [] - Creating shared instance of singleton bean 'org.springframework.boot.autoconfigure.ssl.SslAutoConfiguration'
2026-09-23 10:10:38.858 [restartedMain] DEBUG o.s.b.f.s.DefaultListableBeanFactory [] - Creating shared instance of singleton bean 'spring.ssl-org.springframework.boot.autoconfigure.ssl.SslProperties'
2026-09-23 10:10:38.858 [restartedMain] DEBUG o.s.b.f.s.DefaultListableBeanFactory [] - Autowiring by type from bean name 'org.springframework.boot.autoconfigure.ssl.SslAutoConfiguration' via constructor to bean named 'org.springframework.boot.web.server.servlet.context.AnnotationConfigServletWebServerApplicationContext@244df192'
2026-09-23 10:10:38.859 [restartedMain] DEBUG o.s.b.f.s.DefaultListableBeanFactory [] - Autowiring by type from bean name 'org.springframework.boot.autoconfigure.ssl.SslAutoConfiguration' via constructor to bean named 'spring.ssl-org.springframework.boot.autoconfigure.ssl.SslProperties'
2026-09-23 10:10:38.859 [restartedMain] DEBUG o.s.b.f.s.DefaultListableBeanFactory [] - Creating shared instance of singleton bean 'sslPropertiesSslBundleRegistrar'
2026-09-23 10:10:38.859 [restartedMain] DEBUG o.s.b.f.s.DefaultListableBeanFactory [] - Creating shared instance of singleton bean 'fileWatcher'
2026-09-23 10:10:38.859 [restartedMain] DEBUG o.s.b.f.s.DefaultListableBeanFactory [] - Autowiring by type from bean name 'sslPropertiesSslBundleRegistrar' via factory method to bean named 'fileWatcher'
2026-09-23 10:10:38.859 [restartedMain] DEBUG o.s.b.f.s.DefaultListableBeanFactory [] - Creating shared instance of singleton bean 'webSocketWebServerCustomizer'
2026-09-23 10:10:38.860 [restartedMain] DEBUG o.s.b.f.s.DefaultListableBeanFactory [] - Creating shared instance of singleton bean 'org.springframework.boot.tomcat.autoconfigure.TomcatWebServerConfiguration$TomcatWebSocketConfiguration'
2026-09-23 10:10:38.860 [restartedMain] DEBUG o.s.b.f.s.DefaultListableBeanFactory [] - Creating shared instance of singleton bean 'tomcatWebServerFactoryCustomizer'
2026-09-23 10:10:38.860 [restartedMain] DEBUG o.s.b.f.s.DefaultListableBeanFactory [] - Creating shared instance of singleton bean 'org.springframework.boot.tomcat.autoconfigure.TomcatWebServerConfiguration'
2026-09-23 10:10:38.860 [restartedMain] DEBUG o.s.b.f.s.DefaultListableBeanFactory [] - Creating shared instance of singleton bean 'spring.web-org.springframework.boot.autoconfigure.web.WebProperties'
2026-09-23 10:10:38.861 [restartedMain] DEBUG o.s.b.f.s.DefaultListableBeanFactory [] - Autowiring by type from bean name 'tomcatWebServerFactoryCustomizer' via factory method to bean named 'environment'
2026-09-23 10:10:38.862 [restartedMain] DEBUG o.s.b.f.s.DefaultListableBeanFactory [] - Autowiring by type from bean name 'tomcatWebServerFactoryCustomizer' via factory method to bean named 'server-org.springframework.boot.web.server.autoconfigure.ServerProperties'
2026-09-23 10:10:38.862 [restartedMain] DEBUG o.s.b.f.s.DefaultListableBeanFactory [] - Autowiring by type from bean name 'tomcatWebServerFactoryCustomizer' via factory method to bean named 'server.tomcat-org.springframework.boot.tomcat.autoconfigure.TomcatServerProperties'
2026-09-23 10:10:38.862 [restartedMain] DEBUG o.s.b.f.s.DefaultListableBeanFactory [] - Autowiring by type from bean name 'tomcatWebServerFactoryCustomizer' via factory method to bean named 'spring.web-org.springframework.boot.autoconfigure.web.WebProperties'
2026-09-23 10:10:38.862 [restartedMain] DEBUG o.s.b.f.s.DefaultListableBeanFactory [] - Creating shared instance of singleton bean 'tomcatServletWebServerFactoryCustomizer'
2026-09-23 10:10:38.862 [restartedMain] DEBUG o.s.b.f.s.DefaultListableBeanFactory [] - Autowiring by type from bean name 'tomcatServletWebServerFactoryCustomizer' via factory method to bean named 'server.tomcat-org.springframework.boot.tomcat.autoconfigure.TomcatServerProperties'
2026-09-23 10:10:38.862 [restartedMain] DEBUG o.s.b.f.s.DefaultListableBeanFactory [] - Creating shared instance of singleton bean 'errorPageCustomizer'
2026-09-23 10:10:38.862 [restartedMain] DEBUG o.s.b.f.s.DefaultListableBeanFactory [] - Creating shared instance of singleton bean 'org.springframework.boot.webmvc.autoconfigure.error.ErrorMvcAutoConfiguration'
2026-09-23 10:10:38.862 [restartedMain] DEBUG o.s.b.f.s.DefaultListableBeanFactory [] - Autowiring by type from bean name 'org.springframework.boot.webmvc.autoconfigure.error.ErrorMvcAutoConfiguration' via constructor to bean named 'spring.web-org.springframework.boot.autoconfigure.web.WebProperties'
2026-09-23 10:10:38.862 [restartedMain] DEBUG o.s.b.f.s.DefaultListableBeanFactory [] - Creating shared instance of singleton bean 'dispatcherServletRegistration'
2026-09-23 10:10:38.862 [restartedMain] DEBUG o.s.b.f.s.DefaultListableBeanFactory [] - Creating shared instance of singleton bean 'org.springframework.boot.webmvc.autoconfigure.DispatcherServletAutoConfiguration$DispatcherServletRegistrationConfiguration'
2026-09-23 10:10:38.862 [restartedMain] DEBUG o.s.b.f.s.DefaultListableBeanFactory [] - Creating shared instance of singleton bean 'dispatcherServlet'
2026-09-23 10:10:38.862 [restartedMain] DEBUG o.s.b.f.s.DefaultListableBeanFactory [] - Creating shared instance of singleton bean 'org.springframework.boot.webmvc.autoconfigure.DispatcherServletAutoConfiguration$DispatcherServletConfiguration'
2026-09-23 10:10:38.862 [restartedMain] DEBUG o.s.b.f.s.DefaultListableBeanFactory [] - Creating shared instance of singleton bean 'spring.mvc-org.springframework.boot.webmvc.autoconfigure.WebMvcProperties'
2026-09-23 10:10:38.864 [restartedMain] DEBUG o.s.b.f.s.DefaultListableBeanFactory [] - Autowiring by type from bean name 'dispatcherServlet' via factory method to bean named 'spring.mvc-org.springframework.boot.webmvc.autoconfigure.WebMvcProperties'
2026-09-23 10:10:38.864 [restartedMain] DEBUG o.s.b.f.s.DefaultListableBeanFactory [] - Autowiring by type from bean name 'dispatcherServletRegistration' via factory method to bean named 'dispatcherServlet'
2026-09-23 10:10:38.864 [restartedMain] DEBUG o.s.b.f.s.DefaultListableBeanFactory [] - Autowiring by type from bean name 'dispatcherServletRegistration' via factory method to bean named 'spring.mvc-org.springframework.boot.webmvc.autoconfigure.WebMvcProperties'
2026-09-23 10:10:38.864 [restartedMain] DEBUG o.s.b.f.s.DefaultListableBeanFactory [] - Creating shared instance of singleton bean 'multipartConfigElement'
2026-09-23 10:10:38.864 [restartedMain] DEBUG o.s.b.f.s.DefaultListableBeanFactory [] - Creating shared instance of singleton bean 'org.springframework.boot.servlet.autoconfigure.MultipartAutoConfiguration'
2026-09-23 10:10:38.864 [restartedMain] DEBUG o.s.b.f.s.DefaultListableBeanFactory [] - Creating shared instance of singleton bean 'spring.servlet.multipart-org.springframework.boot.servlet.autoconfigure.MultipartProperties'
2026-09-23 10:10:38.865 [restartedMain] DEBUG o.s.b.f.s.DefaultListableBeanFactory [] - Autowiring by type from bean name 'org.springframework.boot.servlet.autoconfigure.MultipartAutoConfiguration' via constructor to bean named 'spring.servlet.multipart-org.springframework.boot.servlet.autoconfigure.MultipartProperties'
2026-09-23 10:10:38.865 [restartedMain] DEBUG o.s.b.f.s.DefaultListableBeanFactory [] - Autowiring by type from bean name 'errorPageCustomizer' via factory method to bean named 'dispatcherServletRegistration'
2026-09-23 10:10:38.868 [restartedMain] DEBUG o.apache.catalina.core.ContainerBase [] - Add container child [StandardHost[localhost]] to container [StandardEngine[Tomcat]]
2026-09-23 10:10:38.868 [restartedMain] DEBUG o.s.b.t.s.TomcatServletWebServerFactory [] - Code archive: D:\Tools\maven_jar\org\springframework\boot\spring-boot-web-server\4.1.1\spring-boot-web-server-4.1.1.jar
2026-09-23 10:10:38.868 [restartedMain] DEBUG o.s.b.t.s.TomcatServletWebServerFactory [] - Code archive: D:\Tools\maven_jar\org\springframework\boot\spring-boot-web-server\4.1.1\spring-boot-web-server-4.1.1.jar
2026-09-23 10:10:38.868 [restartedMain] DEBUG o.s.b.t.s.TomcatServletWebServerFactory [] - None of the document roots [src/main/webapp, public, static] point to a directory and will be ignored.
2026-09-23 10:10:38.868 [restartedMain] DEBUG o.apache.catalina.core.ContainerBase [] - Add container child [TomcatEmbeddedContext[]] to container [StandardEngine[Tomcat].StandardHost[localhost]]
2026-09-23 10:10:38.872 [restartedMain] INFO  o.s.boot.tomcat.TomcatWebServer [] - Tomcat initialized with port 8003 (http)
2026-09-23 10:10:38.873 [restartedMain] DEBUG o.apache.catalina.util.LifecycleBase [] - Setting state for [StandardServer[-1]] to [INITIALIZING]
2026-09-23 10:10:38.873 [restartedMain] DEBUG o.apache.catalina.util.LifecycleBase [] - Setting state for [org.apache.catalina.deploy.NamingResourcesImpl@3dbed2ed] to [INITIALIZING]
2026-09-23 10:10:38.873 [restartedMain] DEBUG o.apache.catalina.util.LifecycleBase [] - Setting state for [org.apache.catalina.deploy.NamingResourcesImpl@3dbed2ed] to [INITIALIZED]
2026-09-23 10:10:38.873 [restartedMain] DEBUG o.apache.catalina.util.LifecycleBase [] - Setting state for [StandardService[Tomcat]] to [INITIALIZING]
2026-09-23 10:10:38.873 [restartedMain] DEBUG o.apache.catalina.util.LifecycleBase [] - Setting state for [StandardEngine[Tomcat]] to [INITIALIZING]
2026-09-23 10:10:38.873 [restartedMain] DEBUG o.apache.catalina.util.LifecycleBase [] - Setting state for [StandardEngine[Tomcat]] to [INITIALIZED]
2026-09-23 10:10:38.873 [restartedMain] DEBUG o.apache.catalina.util.LifecycleBase [] - Setting state for [org.apache.catalina.mapper.MapperListener@5327affd] to [INITIALIZING]
2026-09-23 10:10:38.873 [restartedMain] DEBUG o.apache.catalina.util.LifecycleBase [] - Setting state for [org.apache.catalina.mapper.MapperListener@5327affd] to [INITIALIZED]
2026-09-23 10:10:38.873 [restartedMain] DEBUG o.apache.catalina.util.LifecycleBase [] - Setting state for [Connector["http-nio-8003"]] to [INITIALIZING]
2026-09-23 10:10:38.873 [restartedMain] INFO  o.a.coyote.http11.Http11NioProtocol [] - Initializing ProtocolHandler ["http-nio-8003"]
2026-09-23 10:10:38.873 [restartedMain] DEBUG o.apache.catalina.util.LifecycleBase [] - Setting state for [Connector["http-nio-8003"]] to [INITIALIZED]
2026-09-23 10:10:38.873 [restartedMain] DEBUG o.apache.catalina.util.LifecycleBase [] - Setting state for [StandardService[Tomcat]] to [INITIALIZED]
2026-09-23 10:10:38.873 [restartedMain] DEBUG o.apache.catalina.util.LifecycleBase [] - Setting state for [StandardServer[-1]] to [INITIALIZED]
2026-09-23 10:10:38.873 [restartedMain] DEBUG o.apache.catalina.util.LifecycleBase [] - Setting state for [StandardServer[-1]] to [STARTING_PREP]
2026-09-23 10:10:38.873 [restartedMain] DEBUG o.apache.catalina.util.LifecycleBase [] - Setting state for [StandardServer[-1]] to [STARTING]
2026-09-23 10:10:38.873 [restartedMain] DEBUG o.apache.catalina.util.LifecycleBase [] - Setting state for [org.apache.catalina.deploy.NamingResourcesImpl@3dbed2ed] to [STARTING_PREP]
2026-09-23 10:10:38.873 [restartedMain] DEBUG o.apache.catalina.util.LifecycleBase [] - Setting state for [org.apache.catalina.deploy.NamingResourcesImpl@3dbed2ed] to [STARTING]
2026-09-23 10:10:38.873 [restartedMain] DEBUG o.apache.catalina.util.LifecycleBase [] - Setting state for [org.apache.catalina.deploy.NamingResourcesImpl@3dbed2ed] to [STARTED]
2026-09-23 10:10:38.873 [restartedMain] DEBUG o.apache.catalina.util.LifecycleBase [] - Setting state for [StandardService[Tomcat]] to [STARTING_PREP]
2026-09-23 10:10:38.873 [restartedMain] INFO  o.a.catalina.core.StandardService [] - Starting service [Tomcat]
2026-09-23 10:10:38.873 [restartedMain] DEBUG o.apache.catalina.util.LifecycleBase [] - Setting state for [StandardService[Tomcat]] to [STARTING]
2026-09-23 10:10:38.873 [restartedMain] DEBUG o.apache.catalina.util.LifecycleBase [] - Setting state for [StandardEngine[Tomcat]] to [STARTING_PREP]
2026-09-23 10:10:38.873 [restartedMain] INFO  o.a.catalina.core.StandardEngine [] - Starting Servlet engine: [Apache Tomcat/11.0.24]
2026-09-23 10:10:38.873 [restartedMain] DEBUG o.apache.catalina.util.LifecycleBase [] - Setting state for [SimpleRealm[StandardEngine[Tomcat]]] to [INITIALIZING]
2026-09-23 10:10:38.873 [restartedMain] DEBUG o.apache.catalina.util.LifecycleBase [] - Setting state for [SimpleRealm[StandardEngine[Tomcat]]] to [INITIALIZED]
2026-09-23 10:10:38.873 [restartedMain] DEBUG o.apache.catalina.util.LifecycleBase [] - Setting state for [SimpleRealm[StandardEngine[Tomcat]]] to [STARTING_PREP]
2026-09-23 10:10:38.873 [restartedMain] DEBUG o.apache.catalina.util.LifecycleBase [] - Setting state for [SimpleRealm[StandardEngine[Tomcat]]] to [STARTING]
2026-09-23 10:10:38.873 [restartedMain] DEBUG o.apache.catalina.util.LifecycleBase [] - Setting state for [SimpleRealm[StandardEngine[Tomcat]]] to [STARTED]
2026-09-23 10:10:38.873 [restartedMain] DEBUG o.apache.catalina.util.LifecycleBase [] - Setting state for [StandardEngine[Tomcat].StandardHost[localhost]] to [INITIALIZING]
2026-09-23 10:10:38.873 [restartedMain] DEBUG o.apache.catalina.util.LifecycleBase [] - Setting state for [StandardEngine[Tomcat].StandardHost[localhost]] to [INITIALIZED]
2026-09-23 10:10:38.873 [restartedMain] DEBUG o.apache.catalina.util.LifecycleBase [] - Setting state for [StandardEngine[Tomcat].StandardHost[localhost]] to [STARTING_PREP]
2026-09-23 10:10:38.873 [restartedMain] DEBUG o.apache.catalina.util.LifecycleBase [] - Setting state for [StandardEngine[Tomcat].StandardHost[localhost].TomcatEmbeddedContext[]] to [INITIALIZING]
2026-09-23 10:10:38.877 [restartedMain] DEBUG o.apache.catalina.util.LifecycleBase [] - Setting state for [StandardEngine[Tomcat].StandardHost[localhost].TomcatEmbeddedContext[]] to [INITIALIZED]
2026-09-23 10:10:38.878 [restartedMain] DEBUG o.apache.catalina.util.LifecycleBase [] - Setting state for [StandardEngine[Tomcat].StandardHost[localhost].TomcatEmbeddedContext[]] to [STARTING_PREP]
2026-09-23 10:10:38.880 [restartedMain] DEBUG o.apache.catalina.util.LifecycleBase [] - Setting state for [org.apache.catalina.webresources.StandardRoot@2d55ceac] to [INITIALIZING]
2026-09-23 10:10:38.880 [restartedMain] DEBUG o.apache.catalina.util.LifecycleBase [] - Setting state for [org.apache.catalina.webresources.StandardRoot@2d55ceac] to [INITIALIZED]
2026-09-23 10:10:38.880 [restartedMain] DEBUG o.apache.catalina.util.LifecycleBase [] - Setting state for [org.apache.catalina.webresources.StandardRoot@2d55ceac] to [STARTING_PREP]
2026-09-23 10:10:38.882 [restartedMain] DEBUG o.apache.catalina.util.LifecycleBase [] - Setting state for [org.apache.catalina.webresources.DirResourceSet@4ebda7d0] to [INITIALIZING]
2026-09-23 10:10:38.882 [restartedMain] DEBUG o.apache.catalina.util.LifecycleBase [] - Setting state for [org.apache.catalina.webresources.DirResourceSet@4ebda7d0] to [INITIALIZED]
2026-09-23 10:10:38.882 [restartedMain] DEBUG o.apache.catalina.util.LifecycleBase [] - Setting state for [org.apache.catalina.webresources.DirResourceSet@4ebda7d0] to [STARTING_PREP]
2026-09-23 10:10:38.882 [restartedMain] DEBUG o.apache.catalina.util.LifecycleBase [] - Setting state for [org.apache.catalina.webresources.DirResourceSet@4ebda7d0] to [STARTING]
2026-09-23 10:10:38.882 [restartedMain] DEBUG o.apache.catalina.util.LifecycleBase [] - Setting state for [org.apache.catalina.webresources.DirResourceSet@4ebda7d0] to [STARTED]
2026-09-23 10:10:38.882 [restartedMain] DEBUG o.apache.catalina.util.LifecycleBase [] - Setting state for [org.apache.catalina.webresources.StandardRoot@2d55ceac] to [STARTING]
2026-09-23 10:10:38.882 [restartedMain] DEBUG o.apache.catalina.util.LifecycleBase [] - Setting state for [org.apache.catalina.webresources.StandardRoot@2d55ceac] to [STARTED]
2026-09-23 10:10:38.882 [restartedMain] DEBUG o.apache.catalina.util.LifecycleBase [] - Setting state for [WebappLoader[StandardEngine[Tomcat].StandardHost[localhost].TomcatEmbeddedContext[]]] to [INITIALIZING]
2026-09-23 10:10:38.882 [restartedMain] DEBUG o.apache.catalina.util.LifecycleBase [] - Setting state for [WebappLoader[StandardEngine[Tomcat].StandardHost[localhost].TomcatEmbeddedContext[]]] to [INITIALIZED]
2026-09-23 10:10:38.882 [restartedMain] DEBUG o.apache.catalina.util.LifecycleBase [] - Setting state for [WebappLoader[StandardEngine[Tomcat].StandardHost[localhost].TomcatEmbeddedContext[]]] to [STARTING_PREP]
2026-09-23 10:10:38.883 [restartedMain] DEBUG o.a.catalina.loader.WebappLoader [] - Starting this Loader
2026-09-23 10:10:38.885 [restartedMain] DEBUG o.apache.catalina.webresources.Cache [] - Increased cache size by [531] for item [org.apache.catalina.webresources.CachedResource@63223158] at [/WEB-INF/classes] making total cache size [531]
2026-09-23 10:10:38.885 [restartedMain] DEBUG o.apache.catalina.util.LifecycleBase [] - Setting state for [WebappLoader[StandardEngine[Tomcat].StandardHost[localhost].TomcatEmbeddedContext[]]] to [STARTING]
2026-09-23 10:10:38.885 [restartedMain] DEBUG o.apache.catalina.util.LifecycleBase [] - Setting state for [WebappLoader[StandardEngine[Tomcat].StandardHost[localhost].TomcatEmbeddedContext[]]] to [STARTED]
2026-09-23 10:10:38.885 [restartedMain] DEBUG o.apache.catalina.util.LifecycleBase [] - Setting state for [StandardPipeline[StandardEngine[Tomcat].StandardHost[localhost].TomcatEmbeddedContext[]]] to [INITIALIZING]
2026-09-23 10:10:38.885 [restartedMain] DEBUG o.apache.catalina.util.LifecycleBase [] - Setting state for [StandardPipeline[StandardEngine[Tomcat].StandardHost[localhost].TomcatEmbeddedContext[]]] to [INITIALIZED]
2026-09-23 10:10:38.885 [restartedMain] DEBUG o.apache.catalina.util.LifecycleBase [] - Setting state for [StandardPipeline[StandardEngine[Tomcat].StandardHost[localhost].TomcatEmbeddedContext[]]] to [STARTING_PREP]
2026-09-23 10:10:38.885 [restartedMain] DEBUG o.apache.catalina.util.LifecycleBase [] - Setting state for [NonLoginAuthenticator[StandardEngine[Tomcat].StandardHost[localhost].TomcatEmbeddedContext[]]] to [INITIALIZING]
2026-09-23 10:10:38.885 [restartedMain] DEBUG o.apache.catalina.util.LifecycleBase [] - Setting state for [NonLoginAuthenticator[StandardEngine[Tomcat].StandardHost[localhost].TomcatEmbeddedContext[]]] to [INITIALIZED]
2026-09-23 10:10:38.885 [restartedMain] DEBUG o.apache.catalina.util.LifecycleBase [] - Setting state for [NonLoginAuthenticator[StandardEngine[Tomcat].StandardHost[localhost].TomcatEmbeddedContext[]]] to [STARTING_PREP]
2026-09-23 10:10:38.886 [restartedMain] DEBUG o.apache.catalina.util.LifecycleBase [] - Setting state for [NonLoginAuthenticator[StandardEngine[Tomcat].StandardHost[localhost].TomcatEmbeddedContext[]]] to [STARTING]
2026-09-23 10:10:38.886 [restartedMain] DEBUG o.apache.catalina.util.LifecycleBase [] - Setting state for [NonLoginAuthenticator[StandardEngine[Tomcat].StandardHost[localhost].TomcatEmbeddedContext[]]] to [STARTED]
2026-09-23 10:10:38.886 [restartedMain] DEBUG o.apache.catalina.util.LifecycleBase [] - Setting state for [StandardContextValve[StandardEngine[Tomcat].StandardHost[localhost].TomcatEmbeddedContext[]]] to [INITIALIZING]
2026-09-23 10:10:38.886 [restartedMain] DEBUG o.apache.catalina.util.LifecycleBase [] - Setting state for [StandardContextValve[StandardEngine[Tomcat].StandardHost[localhost].TomcatEmbeddedContext[]]] to [INITIALIZED]
2026-09-23 10:10:38.886 [restartedMain] DEBUG o.apache.catalina.util.LifecycleBase [] - Setting state for [StandardContextValve[StandardEngine[Tomcat].StandardHost[localhost].TomcatEmbeddedContext[]]] to [STARTING_PREP]
2026-09-23 10:10:38.886 [restartedMain] DEBUG o.apache.catalina.util.LifecycleBase [] - Setting state for [StandardContextValve[StandardEngine[Tomcat].StandardHost[localhost].TomcatEmbeddedContext[]]] to [STARTING]
2026-09-23 10:10:38.886 [restartedMain] DEBUG o.apache.catalina.util.LifecycleBase [] - Setting state for [StandardContextValve[StandardEngine[Tomcat].StandardHost[localhost].TomcatEmbeddedContext[]]] to [STARTED]
2026-09-23 10:10:38.886 [restartedMain] DEBUG o.apache.catalina.util.LifecycleBase [] - Setting state for [StandardPipeline[StandardEngine[Tomcat].StandardHost[localhost].TomcatEmbeddedContext[]]] to [STARTING]
2026-09-23 10:10:38.886 [restartedMain] DEBUG o.apache.catalina.util.LifecycleBase [] - Setting state for [StandardPipeline[StandardEngine[Tomcat].StandardHost[localhost].TomcatEmbeddedContext[]]] to [STARTED]
2026-09-23 10:10:38.886 [restartedMain] DEBUG o.apache.catalina.util.LifecycleBase [] - Setting state for [org.apache.catalina.deploy.NamingResourcesImpl@1a791f29] to [INITIALIZING]
2026-09-23 10:10:38.886 [restartedMain] DEBUG o.apache.catalina.util.LifecycleBase [] - Setting state for [org.apache.catalina.deploy.NamingResourcesImpl@1a791f29] to [INITIALIZED]
2026-09-23 10:10:38.886 [restartedMain] DEBUG o.apache.catalina.util.LifecycleBase [] - Setting state for [org.apache.catalina.deploy.NamingResourcesImpl@1a791f29] to [STARTING_PREP]
2026-09-23 10:10:38.886 [restartedMain] DEBUG o.apache.catalina.util.LifecycleBase [] - Setting state for [org.apache.catalina.deploy.NamingResourcesImpl@1a791f29] to [STARTING]
2026-09-23 10:10:38.886 [restartedMain] DEBUG o.apache.catalina.util.LifecycleBase [] - Setting state for [org.apache.catalina.deploy.NamingResourcesImpl@1a791f29] to [STARTED]
2026-09-23 10:10:38.886 [restartedMain] DEBUG o.s.b.w.c.s.WebApplicationContextInitializer [] - Published root WebApplicationContext as ServletContext attribute with name [org.springframework.web.context.WebApplicationContext.ROOT]
2026-09-23 10:10:38.886 [restartedMain] INFO  o.s.b.w.c.s.WebApplicationContextInitializer [] - Root WebApplicationContext: initialization completed in 87 ms
2026-09-23 10:10:38.887 [restartedMain] DEBUG o.s.b.f.s.DefaultListableBeanFactory [] - Creating shared instance of singleton bean 'requestContextFilter'
2026-09-23 10:10:38.887 [restartedMain] DEBUG o.s.b.f.s.DefaultListableBeanFactory [] - Creating shared instance of singleton bean 'formContentFilter'
2026-09-23 10:10:38.887 [restartedMain] DEBUG o.s.b.f.s.DefaultListableBeanFactory [] - Creating shared instance of singleton bean 'org.springframework.boot.webmvc.autoconfigure.WebMvcAutoConfiguration'
2026-09-23 10:10:38.887 [restartedMain] DEBUG o.s.b.f.s.DefaultListableBeanFactory [] - Creating shared instance of singleton bean 'characterEncodingFilter'
2026-09-23 10:10:38.887 [restartedMain] DEBUG o.s.b.f.s.DefaultListableBeanFactory [] - Creating shared instance of singleton bean 'org.springframework.boot.servlet.autoconfigure.HttpEncodingAutoConfiguration'
2026-09-23 10:10:38.887 [restartedMain] DEBUG o.s.b.f.s.DefaultListableBeanFactory [] - Creating shared instance of singleton bean 'spring.servlet.encoding-org.springframework.boot.servlet.autoconfigure.ServletEncodingProperties'
2026-09-23 10:10:38.888 [restartedMain] DEBUG o.s.b.f.s.DefaultListableBeanFactory [] - Autowiring by type from bean name 'characterEncodingFilter' via factory method to bean named 'spring.servlet.encoding-org.springframework.boot.servlet.autoconfigure.ServletEncodingProperties'
2026-09-23 10:10:38.888 [restartedMain] DEBUG o.s.b.w.s.ServletContextInitializerBeans [] - Mapping filters: characterEncodingFilter urls=[/*] order=-2147483648, formContentFilter urls=[/*] order=-9900, requestContextFilter urls=[/*] order=-105
2026-09-23 10:10:38.888 [restartedMain] DEBUG o.s.b.w.s.ServletContextInitializerBeans [] - Mapping servlets: dispatcherServlet urls=[/]
2026-09-23 10:10:38.888 [restartedMain] DEBUG o.apache.catalina.core.ContainerBase [] - Add container child [StandardWrapper[dispatcherServlet]] to container [StandardEngine[Tomcat].StandardHost[localhost].TomcatEmbeddedContext[]]
2026-09-23 10:10:38.888 [restartedMain] DEBUG o.apache.catalina.util.LifecycleBase [] - Setting state for [StandardEngine[Tomcat].StandardHost[localhost].TomcatEmbeddedContext[].StandardWrapper[dispatcherServlet]] to [INITIALIZING]
2026-09-23 10:10:38.888 [restartedMain] DEBUG o.apache.catalina.util.LifecycleBase [] - Setting state for [StandardEngine[Tomcat].StandardHost[localhost].TomcatEmbeddedContext[].StandardWrapper[dispatcherServlet]] to [INITIALIZED]
2026-09-23 10:10:38.888 [restartedMain] DEBUG o.apache.catalina.util.LifecycleBase [] - Setting state for [StandardEngine[Tomcat].StandardHost[localhost].TomcatEmbeddedContext[].StandardWrapper[dispatcherServlet]] to [STARTING_PREP]
2026-09-23 10:10:38.888 [restartedMain] DEBUG o.apache.catalina.util.LifecycleBase [] - Setting state for [StandardPipeline[StandardEngine[Tomcat].StandardHost[localhost].TomcatEmbeddedContext[].StandardWrapper[dispatcherServlet]]] to [INITIALIZING]
2026-09-23 10:10:38.888 [restartedMain] DEBUG o.apache.catalina.util.LifecycleBase [] - Setting state for [StandardPipeline[StandardEngine[Tomcat].StandardHost[localhost].TomcatEmbeddedContext[].StandardWrapper[dispatcherServlet]]] to [INITIALIZED]
2026-09-23 10:10:38.888 [restartedMain] DEBUG o.apache.catalina.util.LifecycleBase [] - Setting state for [StandardPipeline[StandardEngine[Tomcat].StandardHost[localhost].TomcatEmbeddedContext[].StandardWrapper[dispatcherServlet]]] to [STARTING_PREP]
2026-09-23 10:10:38.888 [restartedMain] DEBUG o.apache.catalina.util.LifecycleBase [] - Setting state for [StandardWrapperValve[StandardEngine[Tomcat].StandardHost[localhost].TomcatEmbeddedContext[].StandardWrapper[dispatcherServlet]]] to [INITIALIZING]
2026-09-23 10:10:38.888 [restartedMain] DEBUG o.apache.catalina.util.LifecycleBase [] - Setting state for [StandardWrapperValve[StandardEngine[Tomcat].StandardHost[localhost].TomcatEmbeddedContext[].StandardWrapper[dispatcherServlet]]] to [INITIALIZED]
2026-09-23 10:10:38.888 [restartedMain] DEBUG o.apache.catalina.util.LifecycleBase [] - Setting state for [StandardWrapperValve[StandardEngine[Tomcat].StandardHost[localhost].TomcatEmbeddedContext[].StandardWrapper[dispatcherServlet]]] to [STARTING_PREP]
2026-09-23 10:10:38.888 [restartedMain] DEBUG o.apache.catalina.util.LifecycleBase [] - Setting state for [StandardWrapperValve[StandardEngine[Tomcat].StandardHost[localhost].TomcatEmbeddedContext[].StandardWrapper[dispatcherServlet]]] to [STARTING]
2026-09-23 10:10:38.888 [restartedMain] DEBUG o.apache.catalina.util.LifecycleBase [] - Setting state for [StandardWrapperValve[StandardEngine[Tomcat].StandardHost[localhost].TomcatEmbeddedContext[].StandardWrapper[dispatcherServlet]]] to [STARTED]
2026-09-23 10:10:38.888 [restartedMain] DEBUG o.apache.catalina.util.LifecycleBase [] - Setting state for [StandardPipeline[StandardEngine[Tomcat].StandardHost[localhost].TomcatEmbeddedContext[].StandardWrapper[dispatcherServlet]]] to [STARTING]
2026-09-23 10:10:38.889 [restartedMain] DEBUG o.apache.catalina.util.LifecycleBase [] - Setting state for [StandardPipeline[StandardEngine[Tomcat].StandardHost[localhost].TomcatEmbeddedContext[].StandardWrapper[dispatcherServlet]]] to [STARTED]
2026-09-23 10:10:38.889 [restartedMain] DEBUG o.apache.catalina.util.LifecycleBase [] - Setting state for [StandardEngine[Tomcat].StandardHost[localhost].TomcatEmbeddedContext[].StandardWrapper[dispatcherServlet]] to [STARTING]
2026-09-23 10:10:38.889 [restartedMain] DEBUG o.apache.catalina.util.LifecycleBase [] - Setting state for [StandardEngine[Tomcat].StandardHost[localhost].TomcatEmbeddedContext[].StandardWrapper[dispatcherServlet]] to [STARTED]
2026-09-23 10:10:38.889 [restartedMain] DEBUG o.apache.catalina.util.LifecycleBase [] - Setting state for [StandardManager[StandardEngine[Tomcat].StandardHost[localhost].TomcatEmbeddedContext[]]] to [INITIALIZING]
2026-09-23 10:10:38.889 [restartedMain] DEBUG o.apache.catalina.util.LifecycleBase [] - Setting state for [StandardManager[StandardEngine[Tomcat].StandardHost[localhost].TomcatEmbeddedContext[]]] to [INITIALIZED]
2026-09-23 10:10:38.889 [restartedMain] DEBUG o.apache.catalina.util.LifecycleBase [] - Setting state for [StandardManager[StandardEngine[Tomcat].StandardHost[localhost].TomcatEmbeddedContext[]]] to [STARTING_PREP]
2026-09-23 10:10:38.889 [restartedMain] DEBUG o.apache.catalina.util.LifecycleBase [] - Setting state for [org.springframework.boot.tomcat.LazySessionIdGenerator@6910cde9] to [INITIALIZING]
2026-09-23 10:10:38.889 [restartedMain] DEBUG o.apache.catalina.util.LifecycleBase [] - Setting state for [org.springframework.boot.tomcat.LazySessionIdGenerator@6910cde9] to [INITIALIZED]
2026-09-23 10:10:38.889 [restartedMain] DEBUG o.apache.catalina.util.LifecycleBase [] - Setting state for [org.springframework.boot.tomcat.LazySessionIdGenerator@6910cde9] to [STARTING_PREP]
2026-09-23 10:10:38.889 [restartedMain] DEBUG o.apache.catalina.util.LifecycleBase [] - Setting state for [org.springframework.boot.tomcat.LazySessionIdGenerator@6910cde9] to [STARTING]
2026-09-23 10:10:38.889 [restartedMain] DEBUG o.apache.catalina.util.LifecycleBase [] - Setting state for [org.springframework.boot.tomcat.LazySessionIdGenerator@6910cde9] to [STARTED]
2026-09-23 10:10:38.889 [restartedMain] DEBUG o.a.catalina.session.StandardManager [] - Persisted data file [C:\Users\zff06\AppData\Local\Temp\1E156B3D13D52CB8BCE045945FDCCDCFF4D52EA3\servlet-sessions\SESSIONS.ser] was not found
java.io.FileNotFoundException: C:\Users\zff06\AppData\Local\Temp\1E156B3D13D52CB8BCE045945FDCCDCFF4D52EA3\servlet-sessions\SESSIONS.ser (系统找不到指定的文件。)
	at java.base/java.io.FileInputStream.open0(Native Method)
	at java.base/java.io.FileInputStream.open(FileInputStream.java:213)
	at java.base/java.io.FileInputStream.<init>(FileInputStream.java:152)
	at java.base/java.io.FileInputStream.<init>(FileInputStream.java:106)
	at org.apache.catalina.session.StandardManager.load(StandardManager.java:132)
	at org.apache.catalina.session.StandardManager.startInternal(StandardManager.java:265)
	at org.apache.catalina.util.LifecycleBase.start(LifecycleBase.java:170)
	at org.apache.catalina.core.StandardContext.startInternal(StandardContext.java:4600)
	at org.apache.catalina.util.LifecycleBase.start(LifecycleBase.java:170)
	at org.apache.catalina.core.ContainerBase$StartChild.call(ContainerBase.java:1204)
	at org.apache.catalina.core.ContainerBase$StartChild.call(ContainerBase.java:1200)
	at java.base/java.util.concurrent.FutureTask.run(FutureTask.java:317)
	at org.apache.tomcat.util.threads.InlineExecutorService.execute(InlineExecutorService.java:92)
	at java.base/java.util.concurrent.AbstractExecutorService.submit(AbstractExecutorService.java:145)
	at org.apache.catalina.core.ContainerBase.startInternal(ContainerBase.java:732)
	at org.apache.catalina.core.StandardHost.startInternal(StandardHost.java:794)
	at org.apache.catalina.util.LifecycleBase.start(LifecycleBase.java:170)
	at org.apache.catalina.core.ContainerBase$StartChild.call(ContainerBase.java:1204)
	at org.apache.catalina.core.ContainerBase$StartChild.call(ContainerBase.java:1200)
	at java.base/java.util.concurrent.FutureTask.run(FutureTask.java:317)
	at org.apache.tomcat.util.threads.InlineExecutorService.execute(InlineExecutorService.java:92)
	at java.base/java.util.concurrent.AbstractExecutorService.submit(AbstractExecutorService.java:145)
	at org.apache.catalina.core.ContainerBase.startInternal(ContainerBase.java:732)
	at org.apache.catalina.core.StandardEngine.startInternal(StandardEngine.java:201)
	at org.apache.catalina.util.LifecycleBase.start(LifecycleBase.java:170)
	at org.apache.catalina.core.StandardService.startInternal(StandardService.java:433)
	at org.apache.catalina.util.LifecycleBase.start(LifecycleBase.java:170)
	at org.apache.catalina.core.StandardServer.startInternal(StandardServer.java:871)
	at org.apache.catalina.util.LifecycleBase.start(LifecycleBase.java:170)
	at org.apache.catalina.startup.Tomcat.start(Tomcat.java:452)
	at org.springframework.boot.tomcat.TomcatWebServer.initialize(TomcatWebServer.java:131)
	at org.springframework.boot.tomcat.TomcatWebServer.<init>(TomcatWebServer.java:110)
	at org.springframework.boot.tomcat.servlet.TomcatServletWebServerFactory.getTomcatWebServer(TomcatServletWebServerFactory.java:429)
	at org.springframework.boot.tomcat.servlet.TomcatServletWebServerFactory.getWebServer(TomcatServletWebServerFactory.java:167)
	at org.springframework.boot.web.server.servlet.context.ServletWebServerApplicationContext.createWebServer(ServletWebServerApplicationContext.java:190)
	at org.springframework.boot.web.server.servlet.context.ServletWebServerApplicationContext.onRefresh(ServletWebServerApplicationContext.java:164)
	at org.springframework.context.support.AbstractApplicationContext.refresh(AbstractApplicationContext.java:615)
	at org.springframework.boot.web.server.servlet.context.ServletWebServerApplicationContext.refresh(ServletWebServerApplicationContext.java:143)
	at org.springframework.boot.SpringApplication.refresh(SpringApplication.java:756)
	at org.springframework.boot.SpringApplication.refreshContext(SpringApplication.java:445)
	at org.springframework.boot.SpringApplication.run(SpringApplication.java:321)
	at org.springframework.boot.SpringApplication.run(SpringApplication.java:1365)
	at org.springframework.boot.SpringApplication.run(SpringApplication.java:1354)
	at top.zff06.logging.LoggingApplication.main(LoggingApplication.java:14)
	at java.base/jdk.internal.reflect.DirectMethodHandleAccessor.invoke(DirectMethodHandleAccessor.java:103)
	at java.base/java.lang.reflect.Method.invoke(Method.java:580)
	at org.springframework.boot.devtools.restart.RestartLauncher.run(RestartLauncher.java:52)
2026-09-23 10:10:38.890 [restartedMain] DEBUG o.apache.catalina.util.LifecycleBase [] - Setting state for [StandardManager[StandardEngine[Tomcat].StandardHost[localhost].TomcatEmbeddedContext[]]] to [STARTING]
2026-09-23 10:10:38.890 [restartedMain] DEBUG o.apache.catalina.util.LifecycleBase [] - Setting state for [StandardManager[StandardEngine[Tomcat].StandardHost[localhost].TomcatEmbeddedContext[]]] to [STARTED]
2026-09-23 10:10:38.890 [restartedMain] DEBUG o.s.b.s.f.OrderedRequestContextFilter [] - Filter 'requestContextFilter' configured for use
2026-09-23 10:10:38.890 [restartedMain] DEBUG o.s.b.s.f.OrderedCharacterEncodingFilter [] - Filter 'characterEncodingFilter' configured for use
2026-09-23 10:10:38.890 [restartedMain] DEBUG o.s.b.s.f.OrderedFormContentFilter [] - Filter 'formContentFilter' configured for use
2026-09-23 10:10:38.890 [restartedMain] DEBUG o.apache.catalina.util.LifecycleBase [] - Setting state for [StandardEngine[Tomcat].StandardHost[localhost].TomcatEmbeddedContext[]] to [STARTING]
2026-09-23 10:10:38.890 [restartedMain] DEBUG o.apache.catalina.util.LifecycleBase [] - Setting state for [StandardEngine[Tomcat].StandardHost[localhost].TomcatEmbeddedContext[]] to [STARTED]
2026-09-23 10:10:38.890 [restartedMain] DEBUG o.apache.catalina.util.LifecycleBase [] - Setting state for [StandardPipeline[StandardEngine[Tomcat].StandardHost[localhost]]] to [INITIALIZING]
2026-09-23 10:10:38.890 [restartedMain] DEBUG o.apache.catalina.util.LifecycleBase [] - Setting state for [StandardPipeline[StandardEngine[Tomcat].StandardHost[localhost]]] to [INITIALIZED]
2026-09-23 10:10:38.890 [restartedMain] DEBUG o.apache.catalina.util.LifecycleBase [] - Setting state for [StandardPipeline[StandardEngine[Tomcat].StandardHost[localhost]]] to [STARTING_PREP]
2026-09-23 10:10:38.890 [restartedMain] DEBUG o.apache.catalina.util.LifecycleBase [] - Setting state for [ErrorReportValve[StandardEngine[Tomcat].StandardHost[localhost]]] to [INITIALIZING]
2026-09-23 10:10:38.890 [restartedMain] DEBUG o.apache.catalina.util.LifecycleBase [] - Setting state for [ErrorReportValve[StandardEngine[Tomcat].StandardHost[localhost]]] to [INITIALIZED]
2026-09-23 10:10:38.890 [restartedMain] DEBUG o.apache.catalina.util.LifecycleBase [] - Setting state for [ErrorReportValve[StandardEngine[Tomcat].StandardHost[localhost]]] to [STARTING_PREP]
2026-09-23 10:10:38.890 [restartedMain] DEBUG o.apache.catalina.util.LifecycleBase [] - Setting state for [ErrorReportValve[StandardEngine[Tomcat].StandardHost[localhost]]] to [STARTING]
2026-09-23 10:10:38.890 [restartedMain] DEBUG o.apache.catalina.util.LifecycleBase [] - Setting state for [ErrorReportValve[StandardEngine[Tomcat].StandardHost[localhost]]] to [STARTED]
2026-09-23 10:10:38.890 [restartedMain] DEBUG o.apache.catalina.util.LifecycleBase [] - Setting state for [StandardHostValve[StandardEngine[Tomcat].StandardHost[localhost]]] to [INITIALIZING]
2026-09-23 10:10:38.890 [restartedMain] DEBUG o.apache.catalina.util.LifecycleBase [] - Setting state for [StandardHostValve[StandardEngine[Tomcat].StandardHost[localhost]]] to [INITIALIZED]
2026-09-23 10:10:38.890 [restartedMain] DEBUG o.apache.catalina.util.LifecycleBase [] - Setting state for [StandardHostValve[StandardEngine[Tomcat].StandardHost[localhost]]] to [STARTING_PREP]
2026-09-23 10:10:38.890 [restartedMain] DEBUG o.apache.catalina.util.LifecycleBase [] - Setting state for [StandardHostValve[StandardEngine[Tomcat].StandardHost[localhost]]] to [STARTING]
2026-09-23 10:10:38.890 [restartedMain] DEBUG o.apache.catalina.util.LifecycleBase [] - Setting state for [StandardHostValve[StandardEngine[Tomcat].StandardHost[localhost]]] to [STARTED]
2026-09-23 10:10:38.890 [restartedMain] DEBUG o.apache.catalina.util.LifecycleBase [] - Setting state for [StandardPipeline[StandardEngine[Tomcat].StandardHost[localhost]]] to [STARTING]
2026-09-23 10:10:38.890 [restartedMain] DEBUG o.apache.catalina.util.LifecycleBase [] - Setting state for [StandardPipeline[StandardEngine[Tomcat].StandardHost[localhost]]] to [STARTED]
2026-09-23 10:10:38.890 [restartedMain] DEBUG o.apache.catalina.util.LifecycleBase [] - Setting state for [StandardEngine[Tomcat].StandardHost[localhost]] to [STARTING]
2026-09-23 10:10:38.890 [restartedMain] DEBUG o.apache.catalina.util.LifecycleBase [] - Setting state for [StandardEngine[Tomcat].StandardHost[localhost]] to [STARTED]
2026-09-23 10:10:38.890 [restartedMain] DEBUG o.apache.catalina.util.LifecycleBase [] - Setting state for [StandardPipeline[StandardEngine[Tomcat]]] to [INITIALIZING]
2026-09-23 10:10:38.890 [restartedMain] DEBUG o.apache.catalina.util.LifecycleBase [] - Setting state for [StandardPipeline[StandardEngine[Tomcat]]] to [INITIALIZED]
2026-09-23 10:10:38.890 [restartedMain] DEBUG o.apache.catalina.util.LifecycleBase [] - Setting state for [StandardPipeline[StandardEngine[Tomcat]]] to [STARTING_PREP]
2026-09-23 10:10:38.890 [restartedMain] DEBUG o.apache.catalina.util.LifecycleBase [] - Setting state for [StandardEngineValve[StandardEngine[Tomcat]]] to [INITIALIZING]
2026-09-23 10:10:38.890 [restartedMain] DEBUG o.apache.catalina.util.LifecycleBase [] - Setting state for [StandardEngineValve[StandardEngine[Tomcat]]] to [INITIALIZED]
2026-09-23 10:10:38.890 [restartedMain] DEBUG o.apache.catalina.util.LifecycleBase [] - Setting state for [StandardEngineValve[StandardEngine[Tomcat]]] to [STARTING_PREP]
2026-09-23 10:10:38.890 [restartedMain] DEBUG o.apache.catalina.util.LifecycleBase [] - Setting state for [StandardEngineValve[StandardEngine[Tomcat]]] to [STARTING]
2026-09-23 10:10:38.890 [restartedMain] DEBUG o.apache.catalina.util.LifecycleBase [] - Setting state for [StandardEngineValve[StandardEngine[Tomcat]]] to [STARTED]
2026-09-23 10:10:38.890 [restartedMain] DEBUG o.apache.catalina.util.LifecycleBase [] - Setting state for [StandardPipeline[StandardEngine[Tomcat]]] to [STARTING]
2026-09-23 10:10:38.890 [restartedMain] DEBUG o.apache.catalina.util.LifecycleBase [] - Setting state for [StandardPipeline[StandardEngine[Tomcat]]] to [STARTED]
2026-09-23 10:10:38.890 [restartedMain] DEBUG o.apache.catalina.util.LifecycleBase [] - Setting state for [StandardEngine[Tomcat]] to [STARTING]
2026-09-23 10:10:38.890 [restartedMain] DEBUG o.apache.catalina.util.LifecycleBase [] - Setting state for [StandardEngine[Tomcat]] to [STARTED]
2026-09-23 10:10:38.890 [restartedMain] DEBUG o.apache.catalina.util.LifecycleBase [] - Setting state for [org.apache.catalina.mapper.MapperListener@5327affd] to [STARTING_PREP]
2026-09-23 10:10:38.890 [restartedMain] DEBUG o.apache.catalina.util.LifecycleBase [] - Setting state for [org.apache.catalina.mapper.MapperListener@5327affd] to [STARTING]
2026-09-23 10:10:38.890 [restartedMain] DEBUG org.apache.catalina.mapper.Mapper [] - Registered host [localhost]
2026-09-23 10:10:38.890 [restartedMain] DEBUG o.a.catalina.mapper.MapperListener [] - Register Wrapper [dispatcherServlet] in Context [] for service [StandardService[Tomcat]]
2026-09-23 10:10:38.890 [restartedMain] DEBUG o.a.catalina.mapper.MapperListener [] - Register Context [] for service [StandardService[Tomcat]]
2026-09-23 10:10:38.890 [restartedMain] DEBUG o.a.catalina.mapper.MapperListener [] - Register host [localhost] at domain [Tomcat] for service [StandardService[Tomcat]]
2026-09-23 10:10:38.890 [restartedMain] DEBUG o.apache.catalina.util.LifecycleBase [] - Setting state for [org.apache.catalina.mapper.MapperListener@5327affd] to [STARTED]
2026-09-23 10:10:38.890 [restartedMain] DEBUG o.apache.catalina.util.LifecycleBase [] - Setting state for [StandardService[Tomcat]] to [STARTED]
2026-09-23 10:10:38.890 [restartedMain] DEBUG o.apache.catalina.util.LifecycleBase [] - Setting state for [StandardServer[-1]] to [STARTED]
2026-09-23 10:10:38.892 [restartedMain] DEBUG o.s.b.f.s.DefaultListableBeanFactory [] - Creating shared instance of singleton bean 'applicationTaskExecutor'
2026-09-23 10:10:38.892 [restartedMain] DEBUG o.s.b.f.s.DefaultListableBeanFactory [] - Creating shared instance of singleton bean 'org.springframework.boot.autoconfigure.task.TaskExecutorConfigurations$TaskExecutorConfiguration'
2026-09-23 10:10:38.892 [restartedMain] DEBUG o.s.b.f.s.DefaultListableBeanFactory [] - Creating shared instance of singleton bean 'threadPoolTaskExecutorBuilder'
2026-09-23 10:10:38.892 [restartedMain] DEBUG o.s.b.f.s.DefaultListableBeanFactory [] - Creating shared instance of singleton bean 'org.springframework.boot.autoconfigure.task.TaskExecutorConfigurations$ThreadPoolTaskExecutorBuilderConfiguration'
2026-09-23 10:10:38.892 [restartedMain] DEBUG o.s.b.f.s.DefaultListableBeanFactory [] - Creating shared instance of singleton bean 'spring.task.execution-org.springframework.boot.autoconfigure.task.TaskExecutionProperties'
2026-09-23 10:10:38.892 [restartedMain] DEBUG o.s.b.f.s.DefaultListableBeanFactory [] - Autowiring by type from bean name 'threadPoolTaskExecutorBuilder' via factory method to bean named 'spring.task.execution-org.springframework.boot.autoconfigure.task.TaskExecutionProperties'
2026-09-23 10:10:38.892 [restartedMain] DEBUG o.s.b.f.s.DefaultListableBeanFactory [] - Autowiring by type from bean name 'applicationTaskExecutor' via factory method to bean named 'threadPoolTaskExecutorBuilder'
2026-09-23 10:10:38.892 [restartedMain] DEBUG o.s.s.c.ThreadPoolTaskExecutor [] - Initializing ExecutorService 'applicationTaskExecutor'
2026-09-23 10:10:38.894 [restartedMain] DEBUG o.s.b.f.s.DefaultListableBeanFactory [] - Creating shared instance of singleton bean 'loggingApplication'
2026-09-23 10:10:38.894 [restartedMain] DEBUG o.s.b.f.s.DefaultListableBeanFactory [] - Creating shared instance of singleton bean 'loggingController'
2026-09-23 10:10:38.894 [restartedMain] DEBUG o.s.b.f.s.DefaultListableBeanFactory [] - Creating shared instance of singleton bean 'org.springframework.boot.autoconfigure.AutoConfigurationPackages'
2026-09-23 10:10:38.894 [restartedMain] DEBUG o.s.b.f.s.DefaultListableBeanFactory [] - Creating shared instance of singleton bean 'org.springframework.boot.autoconfigure.context.PropertyPlaceholderAutoConfiguration'
2026-09-23 10:10:38.894 [restartedMain] DEBUG o.s.b.f.s.DefaultListableBeanFactory [] - Creating shared instance of singleton bean 'org.springframework.boot.context.properties.EnableConfigurationPropertiesRegistrar.methodValidationExcludeFilter'
2026-09-23 10:10:38.894 [restartedMain] DEBUG o.s.b.f.s.DefaultListableBeanFactory [] - Creating shared instance of singleton bean 'org.springframework.boot.webmvc.autoconfigure.DispatcherServletAutoConfiguration'
2026-09-23 10:10:38.894 [restartedMain] DEBUG o.s.b.f.s.DefaultListableBeanFactory [] - Creating shared instance of singleton bean 'org.springframework.boot.autoconfigure.task.TaskExecutorConfigurations$SimpleAsyncTaskExecutorBuilderConfiguration'
2026-09-23 10:10:38.895 [restartedMain] DEBUG o.s.b.f.s.DefaultListableBeanFactory [] - Autowiring by type from bean name 'org.springframework.boot.autoconfigure.task.TaskExecutorConfigurations$SimpleAsyncTaskExecutorBuilderConfiguration' via constructor to bean named 'spring.task.execution-org.springframework.boot.autoconfigure.task.TaskExecutionProperties'
2026-09-23 10:10:38.895 [restartedMain] DEBUG o.s.b.f.s.DefaultListableBeanFactory [] - Creating shared instance of singleton bean 'simpleAsyncTaskExecutorBuilder'
2026-09-23 10:10:38.895 [restartedMain] DEBUG o.s.b.f.s.DefaultListableBeanFactory [] - Creating shared instance of singleton bean 'org.springframework.boot.autoconfigure.task.TaskExecutorConfigurations$AsyncConfigurerConfiguration'
2026-09-23 10:10:38.895 [restartedMain] DEBUG o.s.b.f.s.DefaultListableBeanFactory [] - Creating shared instance of singleton bean 'applicationTaskExecutorAsyncConfigurer'
2026-09-23 10:10:38.895 [restartedMain] DEBUG o.s.b.f.s.DefaultListableBeanFactory [] - Autowiring by type from bean name 'applicationTaskExecutorAsyncConfigurer' via factory method to bean named 'org.springframework.beans.factory.support.DefaultListableBeanFactory@a49d289'
2026-09-23 10:10:38.895 [restartedMain] DEBUG o.s.b.f.s.DefaultListableBeanFactory [] - Creating shared instance of singleton bean 'org.springframework.boot.autoconfigure.task.TaskExecutorConfigurations$BootstrapExecutorConfiguration'
2026-09-23 10:10:38.895 [restartedMain] DEBUG o.s.b.f.s.DefaultListableBeanFactory [] - Creating shared instance of singleton bean 'org.springframework.boot.autoconfigure.task.TaskExecutionAutoConfiguration'
2026-09-23 10:10:38.895 [restartedMain] DEBUG o.s.b.f.s.DefaultListableBeanFactory [] - Creating shared instance of singleton bean 'org.springframework.boot.webmvc.autoconfigure.error.ErrorMvcAutoConfiguration$WhitelabelErrorViewConfiguration'
2026-09-23 10:10:38.895 [restartedMain] DEBUG o.s.b.f.s.DefaultListableBeanFactory [] - Creating shared instance of singleton bean 'error'
2026-09-23 10:10:38.895 [restartedMain] DEBUG o.s.b.f.s.DefaultListableBeanFactory [] - Creating shared instance of singleton bean 'beanNameViewResolver'
2026-09-23 10:10:38.895 [restartedMain] DEBUG o.s.b.f.s.DefaultListableBeanFactory [] - Creating shared instance of singleton bean 'org.springframework.boot.webmvc.autoconfigure.error.ErrorMvcAutoConfiguration$DefaultErrorViewResolverConfiguration'
2026-09-23 10:10:38.896 [restartedMain] DEBUG o.s.b.f.s.DefaultListableBeanFactory [] - Autowiring by type from bean name 'org.springframework.boot.webmvc.autoconfigure.error.ErrorMvcAutoConfiguration$DefaultErrorViewResolverConfiguration' via constructor to bean named 'org.springframework.boot.web.server.servlet.context.AnnotationConfigServletWebServerApplicationContext@244df192'
2026-09-23 10:10:38.896 [restartedMain] DEBUG o.s.b.f.s.DefaultListableBeanFactory [] - Autowiring by type from bean name 'org.springframework.boot.webmvc.autoconfigure.error.ErrorMvcAutoConfiguration$DefaultErrorViewResolverConfiguration' via constructor to bean named 'spring.web-org.springframework.boot.autoconfigure.web.WebProperties'
2026-09-23 10:10:38.896 [restartedMain] DEBUG o.s.b.f.s.DefaultListableBeanFactory [] - Creating shared instance of singleton bean 'conventionErrorViewResolver'
2026-09-23 10:10:38.896 [restartedMain] DEBUG o.s.b.f.s.DefaultListableBeanFactory [] - Creating shared instance of singleton bean 'errorAttributes'
2026-09-23 10:10:38.896 [restartedMain] DEBUG o.s.b.f.s.DefaultListableBeanFactory [] - Creating shared instance of singleton bean 'basicErrorController'
2026-09-23 10:10:38.896 [restartedMain] DEBUG o.s.b.f.s.DefaultListableBeanFactory [] - Autowiring by type from bean name 'basicErrorController' via factory method to bean named 'errorAttributes'
2026-09-23 10:10:38.896 [restartedMain] DEBUG o.s.b.f.s.DefaultListableBeanFactory [] - Creating shared instance of singleton bean 'org.springframework.boot.webmvc.autoconfigure.WebMvcAutoConfiguration$EnableWebMvcConfiguration'
2026-09-23 10:10:38.896 [restartedMain] DEBUG o.s.b.f.s.DefaultListableBeanFactory [] - Autowiring by type from bean name 'org.springframework.boot.webmvc.autoconfigure.WebMvcAutoConfiguration$EnableWebMvcConfiguration' via constructor to bean named 'spring.mvc-org.springframework.boot.webmvc.autoconfigure.WebMvcProperties'
2026-09-23 10:10:38.896 [restartedMain] DEBUG o.s.b.f.s.DefaultListableBeanFactory [] - Autowiring by type from bean name 'org.springframework.boot.webmvc.autoconfigure.WebMvcAutoConfiguration$EnableWebMvcConfiguration' via constructor to bean named 'spring.web-org.springframework.boot.autoconfigure.web.WebProperties'
2026-09-23 10:10:38.896 [restartedMain] DEBUG o.s.b.f.s.DefaultListableBeanFactory [] - Autowiring by type from bean name 'org.springframework.boot.webmvc.autoconfigure.WebMvcAutoConfiguration$EnableWebMvcConfiguration' via constructor to bean named 'org.springframework.beans.factory.support.DefaultListableBeanFactory@a49d289'
2026-09-23 10:10:38.897 [restartedMain] DEBUG o.s.b.f.s.DefaultListableBeanFactory [] - Creating shared instance of singleton bean 'org.springframework.boot.webmvc.autoconfigure.WebMvcAutoConfiguration$WebMvcAutoConfigurationAdapter'
2026-09-23 10:10:38.897 [restartedMain] DEBUG o.s.b.f.s.DefaultListableBeanFactory [] - Autowiring by type from bean name 'org.springframework.boot.webmvc.autoconfigure.WebMvcAutoConfiguration$WebMvcAutoConfigurationAdapter' via constructor to bean named 'spring.web-org.springframework.boot.autoconfigure.web.WebProperties'
2026-09-23 10:10:38.897 [restartedMain] DEBUG o.s.b.f.s.DefaultListableBeanFactory [] - Autowiring by type from bean name 'org.springframework.boot.webmvc.autoconfigure.WebMvcAutoConfiguration$WebMvcAutoConfigurationAdapter' via constructor to bean named 'spring.mvc-org.springframework.boot.webmvc.autoconfigure.WebMvcProperties'
2026-09-23 10:10:38.897 [restartedMain] DEBUG o.s.b.f.s.DefaultListableBeanFactory [] - Autowiring by type from bean name 'org.springframework.boot.webmvc.autoconfigure.WebMvcAutoConfiguration$WebMvcAutoConfigurationAdapter' via constructor to bean named 'org.springframework.beans.factory.support.DefaultListableBeanFactory@a49d289'
2026-09-23 10:10:38.898 [restartedMain] DEBUG o.s.b.f.s.DefaultListableBeanFactory [] - Creating shared instance of singleton bean 'welcomePageHandlerMapping'
2026-09-23 10:10:38.898 [restartedMain] DEBUG o.s.b.f.s.DefaultListableBeanFactory [] - Creating shared instance of singleton bean 'mvcConversionService'
2026-09-23 10:10:38.898 [restartedMain] DEBUG o.s.b.f.s.DefaultListableBeanFactory [] - Creating shared instance of singleton bean 'mvcResourceUrlProvider'
2026-09-23 10:10:38.898 [restartedMain] DEBUG o.s.b.f.s.DefaultListableBeanFactory [] - Autowiring by type from bean name 'welcomePageHandlerMapping' via factory method to bean named 'org.springframework.boot.web.server.servlet.context.AnnotationConfigServletWebServerApplicationContext@244df192'
2026-09-23 10:10:38.898 [restartedMain] DEBUG o.s.b.f.s.DefaultListableBeanFactory [] - Autowiring by type from bean name 'welcomePageHandlerMapping' via factory method to bean named 'mvcConversionService'
2026-09-23 10:10:38.898 [restartedMain] DEBUG o.s.b.f.s.DefaultListableBeanFactory [] - Autowiring by type from bean name 'welcomePageHandlerMapping' via factory method to bean named 'mvcResourceUrlProvider'
2026-09-23 10:10:38.900 [restartedMain] DEBUG o.apache.catalina.webresources.Cache [] - Increased cache size by [521] for item [org.apache.catalina.webresources.CachedResource@44ab8a21] at [/index.html] making total cache size [1052]
2026-09-23 10:10:38.900 [restartedMain] DEBUG o.s.b.f.s.DefaultListableBeanFactory [] - Creating shared instance of singleton bean 'welcomePageNotAcceptableHandlerMapping'
2026-09-23 10:10:38.901 [restartedMain] DEBUG o.s.b.f.s.DefaultListableBeanFactory [] - Autowiring by type from bean name 'welcomePageNotAcceptableHandlerMapping' via factory method to bean named 'org.springframework.boot.web.server.servlet.context.AnnotationConfigServletWebServerApplicationContext@244df192'
2026-09-23 10:10:38.901 [restartedMain] DEBUG o.s.b.f.s.DefaultListableBeanFactory [] - Autowiring by type from bean name 'welcomePageNotAcceptableHandlerMapping' via factory method to bean named 'mvcConversionService'
2026-09-23 10:10:38.901 [restartedMain] DEBUG o.s.b.f.s.DefaultListableBeanFactory [] - Autowiring by type from bean name 'welcomePageNotAcceptableHandlerMapping' via factory method to bean named 'mvcResourceUrlProvider'
2026-09-23 10:10:38.901 [restartedMain] DEBUG o.s.b.f.s.DefaultListableBeanFactory [] - Creating shared instance of singleton bean 'localeResolver'
2026-09-23 10:10:38.901 [restartedMain] DEBUG o.s.b.f.s.DefaultListableBeanFactory [] - Creating shared instance of singleton bean 'flashMapManager'
2026-09-23 10:10:38.901 [restartedMain] DEBUG o.s.b.f.s.DefaultListableBeanFactory [] - Creating shared instance of singleton bean 'viewNameTranslator'
2026-09-23 10:10:38.901 [restartedMain] DEBUG o.s.b.f.s.DefaultListableBeanFactory [] - Creating shared instance of singleton bean 'mvcValidator'
2026-09-23 10:10:38.901 [restartedMain] DEBUG o.s.b.f.s.DefaultListableBeanFactory [] - Creating shared instance of singleton bean 'requestMappingHandlerMapping'
2026-09-23 10:10:38.901 [restartedMain] DEBUG o.s.b.f.s.DefaultListableBeanFactory [] - Creating shared instance of singleton bean 'mvcContentNegotiationManager'
2026-09-23 10:10:38.901 [restartedMain] DEBUG o.s.b.f.s.DefaultListableBeanFactory [] - Creating shared instance of singleton bean 'stringHttpMessageConvertersCustomizer'
2026-09-23 10:10:38.901 [restartedMain] DEBUG o.s.b.f.s.DefaultListableBeanFactory [] - Creating shared instance of singleton bean 'org.springframework.boot.http.converter.autoconfigure.HttpMessageConvertersAutoConfiguration$StringHttpMessageConverterConfiguration'
2026-09-23 10:10:38.902 [restartedMain] DEBUG o.s.b.f.s.DefaultListableBeanFactory [] - Creating shared instance of singleton bean 'spring.http.converters-org.springframework.boot.http.converter.autoconfigure.HttpMessageConvertersProperties'
2026-09-23 10:10:38.902 [restartedMain] DEBUG o.s.b.f.s.DefaultListableBeanFactory [] - Autowiring by type from bean name 'stringHttpMessageConvertersCustomizer' via factory method to bean named 'spring.http.converters-org.springframework.boot.http.converter.autoconfigure.HttpMessageConvertersProperties'
2026-09-23 10:10:38.902 [restartedMain] DEBUG o.s.b.f.s.DefaultListableBeanFactory [] - Creating shared instance of singleton bean 'jacksonJsonHttpMessageConvertersCustomizer'
2026-09-23 10:10:38.902 [restartedMain] DEBUG o.s.b.f.s.DefaultListableBeanFactory [] - Creating shared instance of singleton bean 'org.springframework.boot.http.converter.autoconfigure.JacksonHttpMessageConvertersConfiguration$JacksonJsonHttpMessageConverterConfiguration'
2026-09-23 10:10:38.902 [restartedMain] DEBUG o.s.b.f.s.DefaultListableBeanFactory [] - Creating shared instance of singleton bean 'jacksonJsonMapper'
2026-09-23 10:10:38.902 [restartedMain] DEBUG o.s.b.f.s.DefaultListableBeanFactory [] - Creating shared instance of singleton bean 'org.springframework.boot.jackson.autoconfigure.JacksonAutoConfiguration'
2026-09-23 10:10:38.902 [restartedMain] DEBUG o.s.b.f.s.DefaultListableBeanFactory [] - Creating shared instance of singleton bean 'jsonFactory'
2026-09-23 10:10:38.902 [restartedMain] DEBUG o.s.b.f.s.DefaultListableBeanFactory [] - Creating shared instance of singleton bean 'standardJsonFactoryBuilderCustomizer'
2026-09-23 10:10:38.902 [restartedMain] DEBUG o.s.b.f.s.DefaultListableBeanFactory [] - Creating shared instance of singleton bean 'org.springframework.boot.jackson.autoconfigure.JacksonAutoConfiguration$JacksonJsonCustomizerConfiguration'
2026-09-23 10:10:38.902 [restartedMain] DEBUG o.s.b.f.s.DefaultListableBeanFactory [] - Creating shared instance of singleton bean 'spring.jackson-org.springframework.boot.jackson.autoconfigure.JacksonProperties'
2026-09-23 10:10:38.904 [restartedMain] DEBUG o.s.b.f.s.DefaultListableBeanFactory [] - Autowiring by type from bean name 'org.springframework.boot.jackson.autoconfigure.JacksonAutoConfiguration$JacksonJsonCustomizerConfiguration' via constructor to bean named 'spring.jackson-org.springframework.boot.jackson.autoconfigure.JacksonProperties'
2026-09-23 10:10:38.904 [restartedMain] DEBUG o.s.b.f.s.DefaultListableBeanFactory [] - Autowiring by type from bean name 'jsonMapperBuilder' via factory method to bean named 'jsonFactory'
2026-09-23 10:10:38.904 [restartedMain] DEBUG o.s.b.f.s.DefaultListableBeanFactory [] - Creating shared instance of singleton bean 'problemDetailJsonMapperBuilderCustomizer'
2026-09-23 10:10:38.904 [restartedMain] DEBUG o.s.b.f.s.DefaultListableBeanFactory [] - Creating shared instance of singleton bean 'org.springframework.boot.jackson.autoconfigure.JacksonAutoConfiguration$JsonProblemDetailsConfiguration'
2026-09-23 10:10:38.904 [restartedMain] DEBUG o.s.b.f.s.DefaultListableBeanFactory [] - Creating shared instance of singleton bean 'standardJsonMapperBuilderCustomizer'
2026-09-23 10:10:38.904 [restartedMain] DEBUG o.s.b.f.s.DefaultListableBeanFactory [] - Autowiring by type from bean name 'standardJsonMapperBuilderCustomizer' via factory method to bean named 'org.springframework.beans.factory.support.DefaultListableBeanFactory@a49d289'
2026-09-23 10:10:38.904 [restartedMain] DEBUG o.s.b.f.s.DefaultListableBeanFactory [] - Creating shared instance of singleton bean 'jacksonMixinModule'
2026-09-23 10:10:38.904 [restartedMain] DEBUG o.s.b.f.s.DefaultListableBeanFactory [] - Creating shared instance of singleton bean 'org.springframework.boot.jackson.autoconfigure.JacksonAutoConfiguration$JacksonMixinConfiguration'
2026-09-23 10:10:38.904 [restartedMain] DEBUG o.s.b.f.s.DefaultListableBeanFactory [] - Creating shared instance of singleton bean 'jacksonMixinModuleEntries'
2026-09-23 10:10:38.905 [restartedMain] DEBUG o.s.b.f.s.DefaultListableBeanFactory [] - Autowiring by type from bean name 'jacksonMixinModuleEntries' via factory method to bean named 'org.springframework.boot.web.server.servlet.context.AnnotationConfigServletWebServerApplicationContext@244df192'
2026-09-23 10:10:38.905 [restartedMain] DEBUG o.s.b.a.AutoConfigurationPackages [] - @EnableAutoConfiguration was declared on a class in the package 'top.zff06.logging'. Automatic @Repository and @Entity scanning is enabled.
2026-09-23 10:10:38.906 [restartedMain] DEBUG o.s.b.f.s.DefaultListableBeanFactory [] - Autowiring by type from bean name 'jacksonMixinModule' via factory method to bean named 'org.springframework.boot.web.server.servlet.context.AnnotationConfigServletWebServerApplicationContext@244df192'
2026-09-23 10:10:38.906 [restartedMain] DEBUG o.s.b.f.s.DefaultListableBeanFactory [] - Autowiring by type from bean name 'jacksonMixinModule' via factory method to bean named 'jacksonMixinModuleEntries'
2026-09-23 10:10:38.906 [restartedMain] DEBUG o.s.b.f.s.DefaultListableBeanFactory [] - Creating shared instance of singleton bean 'jsonComponentModule'
2026-09-23 10:10:38.907 [restartedMain] DEBUG o.s.b.f.s.DefaultListableBeanFactory [] - Autowiring by type from bean name 'jacksonJsonMapper' via factory method to bean named 'jsonMapperBuilder'
2026-09-23 10:10:38.908 [restartedMain] DEBUG o.s.b.f.s.DefaultListableBeanFactory [] - Autowiring by type from bean name 'jacksonJsonHttpMessageConvertersCustomizer' via factory method to bean named 'jacksonJsonMapper'
2026-09-23 10:10:38.908 [restartedMain] DEBUG o.s.b.f.s.DefaultListableBeanFactory [] - Creating shared instance of singleton bean 'serverConvertersCustomizer'
2026-09-23 10:10:38.908 [restartedMain] DEBUG o.s.b.f.s.DefaultListableBeanFactory [] - Creating shared instance of singleton bean 'org.springframework.boot.http.converter.autoconfigure.HttpMessageConvertersAutoConfiguration'
2026-09-23 10:10:38.909 [restartedMain] DEBUG o.s.b.f.s.DefaultListableBeanFactory [] - Creating shared instance of singleton bean 'mvcApiVersionStrategy'
2026-09-23 10:10:38.909 [restartedMain] DEBUG o.s.b.f.s.DefaultListableBeanFactory [] - Autowiring by type from bean name 'requestMappingHandlerMapping' via factory method to bean named 'mvcContentNegotiationManager'
2026-09-23 10:10:38.909 [restartedMain] DEBUG o.s.b.f.s.DefaultListableBeanFactory [] - Autowiring by type from bean name 'requestMappingHandlerMapping' via factory method to bean named 'mvcApiVersionStrategy'
2026-09-23 10:10:38.909 [restartedMain] DEBUG o.s.b.f.s.DefaultListableBeanFactory [] - Autowiring by type from bean name 'requestMappingHandlerMapping' via factory method to bean named 'mvcConversionService'
2026-09-23 10:10:38.909 [restartedMain] DEBUG o.s.b.f.s.DefaultListableBeanFactory [] - Autowiring by type from bean name 'requestMappingHandlerMapping' via factory method to bean named 'mvcResourceUrlProvider'
2026-09-23 10:10:38.911 [restartedMain] DEBUG _.s.w.s.HandlerMapping.Mappings [] - 
	t.z.l.c.LoggingController:
	{GET [/logging/demo]}: demo()
	{GET [/logging/hello]}: hello()
2026-09-23 10:10:38.912 [restartedMain] DEBUG _.s.w.s.HandlerMapping.Mappings [] - 
	o.s.b.w.a.e.BasicErrorController:
	{ [/error]}: error(HttpServletRequest)
	{ [/error], produces [text/html]}: errorHtml(HttpServletRequest,HttpServletResponse)
2026-09-23 10:10:38.912 [restartedMain] DEBUG o.s.w.s.m.m.a.RequestMappingHandlerMapping [] - 4 mappings in 'requestMappingHandlerMapping'
2026-09-23 10:10:38.912 [restartedMain] DEBUG o.s.b.f.s.DefaultListableBeanFactory [] - Creating shared instance of singleton bean 'mvcPatternParser'
2026-09-23 10:10:38.913 [restartedMain] DEBUG o.s.b.f.s.DefaultListableBeanFactory [] - Creating shared instance of singleton bean 'mvcUrlPathHelper'
2026-09-23 10:10:38.913 [restartedMain] DEBUG o.s.b.f.s.DefaultListableBeanFactory [] - Creating shared instance of singleton bean 'mvcPathMatcher'
2026-09-23 10:10:38.913 [restartedMain] DEBUG o.s.b.f.s.DefaultListableBeanFactory [] - Creating shared instance of singleton bean 'viewControllerHandlerMapping'
2026-09-23 10:10:38.913 [restartedMain] DEBUG o.s.b.f.s.DefaultListableBeanFactory [] - Autowiring by type from bean name 'viewControllerHandlerMapping' via factory method to bean named 'mvcConversionService'
2026-09-23 10:10:38.913 [restartedMain] DEBUG o.s.b.f.s.DefaultListableBeanFactory [] - Autowiring by type from bean name 'viewControllerHandlerMapping' via factory method to bean named 'mvcResourceUrlProvider'
2026-09-23 10:10:38.913 [restartedMain] DEBUG o.s.b.f.s.DefaultListableBeanFactory [] - Creating shared instance of singleton bean 'beanNameHandlerMapping'
2026-09-23 10:10:38.913 [restartedMain] DEBUG o.s.b.f.s.DefaultListableBeanFactory [] - Autowiring by type from bean name 'beanNameHandlerMapping' via factory method to bean named 'mvcConversionService'
2026-09-23 10:10:38.913 [restartedMain] DEBUG o.s.b.f.s.DefaultListableBeanFactory [] - Autowiring by type from bean name 'beanNameHandlerMapping' via factory method to bean named 'mvcResourceUrlProvider'
2026-09-23 10:10:38.913 [restartedMain] DEBUG _.s.w.s.HandlerMapping.Mappings [] - 'beanNameHandlerMapping' {}
2026-09-23 10:10:38.913 [restartedMain] DEBUG o.s.b.f.s.DefaultListableBeanFactory [] - Creating shared instance of singleton bean 'routerFunctionMapping'
2026-09-23 10:10:38.913 [restartedMain] DEBUG o.s.b.f.s.DefaultListableBeanFactory [] - Autowiring by type from bean name 'routerFunctionMapping' via factory method to bean named 'mvcConversionService'
2026-09-23 10:10:38.913 [restartedMain] DEBUG o.s.b.f.s.DefaultListableBeanFactory [] - Autowiring by type from bean name 'routerFunctionMapping' via factory method to bean named 'mvcResourceUrlProvider'
2026-09-23 10:10:38.913 [restartedMain] DEBUG o.s.b.f.s.DefaultListableBeanFactory [] - Autowiring by type from bean name 'routerFunctionMapping' via factory method to bean named 'mvcApiVersionStrategy'
2026-09-23 10:10:38.914 [restartedMain] DEBUG o.s.b.f.s.DefaultListableBeanFactory [] - Creating shared instance of singleton bean 'resourceHandlerMapping'
2026-09-23 10:10:38.914 [restartedMain] DEBUG o.s.b.f.s.DefaultListableBeanFactory [] - Autowiring by type from bean name 'resourceHandlerMapping' via factory method to bean named 'mvcContentNegotiationManager'
2026-09-23 10:10:38.914 [restartedMain] DEBUG o.s.b.f.s.DefaultListableBeanFactory [] - Autowiring by type from bean name 'resourceHandlerMapping' via factory method to bean named 'mvcConversionService'
2026-09-23 10:10:38.914 [restartedMain] DEBUG o.s.b.f.s.DefaultListableBeanFactory [] - Autowiring by type from bean name 'resourceHandlerMapping' via factory method to bean named 'mvcResourceUrlProvider'
2026-09-23 10:10:38.915 [restartedMain] DEBUG _.s.w.s.HandlerMapping.Mappings [] - 'resourceHandlerMapping' {/webjars/**=ResourceHttpRequestHandler [classpath [META-INF/resources/webjars/]], /**=ResourceHttpRequestHandler [classpath [META-INF/resources/], classpath [resources/], classpath [static/], classpath [public/], ServletContext [/]]}
2026-09-23 10:10:38.915 [restartedMain] DEBUG o.s.b.f.s.DefaultListableBeanFactory [] - Creating shared instance of singleton bean 'defaultServletHandlerMapping'
2026-09-23 10:10:38.915 [restartedMain] DEBUG o.s.b.f.s.DefaultListableBeanFactory [] - Creating shared instance of singleton bean 'requestMappingHandlerAdapter'
2026-09-23 10:10:38.915 [restartedMain] DEBUG o.s.b.f.s.DefaultListableBeanFactory [] - Autowiring by type from bean name 'requestMappingHandlerAdapter' via factory method to bean named 'mvcContentNegotiationManager'
2026-09-23 10:10:38.915 [restartedMain] DEBUG o.s.b.f.s.DefaultListableBeanFactory [] - Autowiring by type from bean name 'requestMappingHandlerAdapter' via factory method to bean named 'mvcConversionService'
2026-09-23 10:10:38.915 [restartedMain] DEBUG o.s.b.f.s.DefaultListableBeanFactory [] - Autowiring by type from bean name 'requestMappingHandlerAdapter' via factory method to bean named 'mvcValidator'
2026-09-23 10:10:38.916 [restartedMain] DEBUG o.s.w.s.m.m.a.RequestMappingHandlerAdapter [] - ControllerAdvice beans: 0 @ModelAttribute, 0 @InitBinder, 2 RequestBodyAdvice, 1 ResponseBodyAdvice
2026-09-23 10:10:38.916 [restartedMain] DEBUG o.s.b.f.s.DefaultListableBeanFactory [] - Creating shared instance of singleton bean 'mvcViewResolver'
2026-09-23 10:10:38.916 [restartedMain] DEBUG o.s.b.f.s.DefaultListableBeanFactory [] - Autowiring by type from bean name 'mvcViewResolver' via factory method to bean named 'mvcContentNegotiationManager'
2026-09-23 10:10:38.916 [restartedMain] DEBUG o.s.b.f.s.DefaultListableBeanFactory [] - Creating shared instance of singleton bean 'defaultViewResolver'
2026-09-23 10:10:38.916 [restartedMain] DEBUG o.s.b.f.s.DefaultListableBeanFactory [] - Creating shared instance of singleton bean 'viewResolver'
2026-09-23 10:10:38.916 [restartedMain] DEBUG o.s.b.f.s.DefaultListableBeanFactory [] - Autowiring by type from bean name 'viewResolver' via factory method to bean named 'org.springframework.beans.factory.support.DefaultListableBeanFactory@a49d289'
2026-09-23 10:10:38.916 [restartedMain] DEBUG o.s.b.f.s.DefaultListableBeanFactory [] - Creating shared instance of singleton bean 'viewResolver'
2026-09-23 10:10:38.916 [restartedMain] DEBUG o.s.b.f.s.DefaultListableBeanFactory [] - Creating shared instance of singleton bean 'handlerFunctionAdapter'
2026-09-23 10:10:38.916 [restartedMain] DEBUG o.s.b.f.s.DefaultListableBeanFactory [] - Creating shared instance of singleton bean 'mvcUriComponentsContributor'
2026-09-23 10:10:38.917 [restartedMain] DEBUG o.s.b.f.s.DefaultListableBeanFactory [] - Autowiring by type from bean name 'mvcUriComponentsContributor' via factory method to bean named 'mvcConversionService'
2026-09-23 10:10:38.917 [restartedMain] DEBUG o.s.b.f.s.DefaultListableBeanFactory [] - Autowiring by type from bean name 'mvcUriComponentsContributor' via factory method to bean named 'requestMappingHandlerAdapter'
2026-09-23 10:10:38.917 [restartedMain] DEBUG o.s.b.f.s.DefaultListableBeanFactory [] - Creating shared instance of singleton bean 'httpRequestHandlerAdapter'
2026-09-23 10:10:38.917 [restartedMain] DEBUG o.s.b.f.s.DefaultListableBeanFactory [] - Creating shared instance of singleton bean 'simpleControllerHandlerAdapter'
2026-09-23 10:10:38.917 [restartedMain] DEBUG o.s.b.f.s.DefaultListableBeanFactory [] - Creating shared instance of singleton bean 'handlerExceptionResolver'
2026-09-23 10:10:38.917 [restartedMain] DEBUG o.s.b.f.s.DefaultListableBeanFactory [] - Autowiring by type from bean name 'handlerExceptionResolver' via factory method to bean named 'mvcContentNegotiationManager'
2026-09-23 10:10:38.918 [restartedMain] DEBUG o.s.w.s.m.m.a.ExceptionHandlerExceptionResolver [] - ControllerAdvice beans: 0 @ExceptionHandler, 1 ResponseBodyAdvice
2026-09-23 10:10:38.918 [restartedMain] DEBUG o.s.b.f.s.DefaultListableBeanFactory [] - Creating shared instance of singleton bean 'org.springframework.boot.autoconfigure.jmx.JmxAutoConfiguration'
2026-09-23 10:10:38.918 [restartedMain] DEBUG o.s.b.f.s.DefaultListableBeanFactory [] - Creating shared instance of singleton bean 'spring.jmx-org.springframework.boot.autoconfigure.jmx.JmxProperties'
2026-09-23 10:10:38.918 [restartedMain] DEBUG o.s.b.f.s.DefaultListableBeanFactory [] - Autowiring by type from bean name 'org.springframework.boot.autoconfigure.jmx.JmxAutoConfiguration' via constructor to bean named 'spring.jmx-org.springframework.boot.autoconfigure.jmx.JmxProperties'
2026-09-23 10:10:38.918 [restartedMain] DEBUG o.s.b.f.s.DefaultListableBeanFactory [] - Creating shared instance of singleton bean 'mbeanExporter'
2026-09-23 10:10:38.918 [restartedMain] DEBUG o.s.b.f.s.DefaultListableBeanFactory [] - Creating shared instance of singleton bean 'objectNamingStrategy'
2026-09-23 10:10:38.919 [restartedMain] DEBUG o.s.b.f.s.DefaultListableBeanFactory [] - Autowiring by type from bean name 'mbeanExporter' via factory method to bean named 'objectNamingStrategy'
2026-09-23 10:10:38.919 [restartedMain] DEBUG o.s.b.f.s.DefaultListableBeanFactory [] - Autowiring by type from bean name 'mbeanExporter' via factory method to bean named 'org.springframework.beans.factory.support.DefaultListableBeanFactory@a49d289'
2026-09-23 10:10:38.919 [restartedMain] DEBUG o.s.b.f.s.DefaultListableBeanFactory [] - Creating shared instance of singleton bean 'mbeanServer'
2026-09-23 10:10:38.919 [restartedMain] DEBUG o.s.jmx.support.JmxUtils [] - Found MBeanServer: com.sun.jmx.mbeanserver.JmxMBeanServer@43903d8e
2026-09-23 10:10:38.919 [restartedMain] DEBUG o.s.b.f.s.DefaultListableBeanFactory [] - Creating shared instance of singleton bean 'org.springframework.boot.autoconfigure.admin.SpringApplicationAdminJmxAutoConfiguration'
2026-09-23 10:10:38.919 [restartedMain] DEBUG o.s.b.f.s.DefaultListableBeanFactory [] - Creating shared instance of singleton bean 'springApplicationAdminRegistrar'
2026-09-23 10:10:38.919 [restartedMain] DEBUG o.s.b.f.s.DefaultListableBeanFactory [] - Autowiring by type from bean name 'springApplicationAdminRegistrar' via factory method to bean named 'environment'
2026-09-23 10:10:38.919 [restartedMain] DEBUG o.s.b.a.SpringApplicationAdminMXBeanRegistrar$SpringApplicationAdmin [] - Application Admin MBean registered with name 'org.springframework.boot:type=Admin,name=SpringApplication'
2026-09-23 10:10:38.919 [restartedMain] DEBUG o.s.b.f.s.DefaultListableBeanFactory [] - Creating shared instance of singleton bean 'org.springframework.boot.autoconfigure.aop.AopAutoConfiguration$ClassProxyingConfiguration'
2026-09-23 10:10:38.920 [restartedMain] DEBUG o.s.b.f.s.DefaultListableBeanFactory [] - Creating shared instance of singleton bean 'org.springframework.boot.autoconfigure.aop.AopAutoConfiguration'
2026-09-23 10:10:38.920 [restartedMain] DEBUG o.s.b.f.s.DefaultListableBeanFactory [] - Creating shared instance of singleton bean 'org.springframework.boot.autoconfigure.availability.ApplicationAvailabilityAutoConfiguration'
2026-09-23 10:10:38.920 [restartedMain] DEBUG o.s.b.f.s.DefaultListableBeanFactory [] - Creating shared instance of singleton bean 'applicationAvailability'
2026-09-23 10:10:38.920 [restartedMain] DEBUG o.s.b.f.s.DefaultListableBeanFactory [] - Creating shared instance of singleton bean 'org.springframework.boot.autoconfigure.context.ConfigurationPropertiesAutoConfiguration'
2026-09-23 10:10:38.920 [restartedMain] DEBUG o.s.b.f.s.DefaultListableBeanFactory [] - Creating shared instance of singleton bean 'org.springframework.boot.autoconfigure.context.LifecycleAutoConfiguration'
2026-09-23 10:10:38.920 [restartedMain] DEBUG o.s.b.f.s.DefaultListableBeanFactory [] - Creating shared instance of singleton bean 'lifecycleProcessor'
2026-09-23 10:10:38.920 [restartedMain] DEBUG o.s.b.f.s.DefaultListableBeanFactory [] - Creating shared instance of singleton bean 'spring.lifecycle-org.springframework.boot.autoconfigure.context.LifecycleProperties'
2026-09-23 10:10:38.920 [restartedMain] DEBUG o.s.b.f.s.DefaultListableBeanFactory [] - Autowiring by type from bean name 'lifecycleProcessor' via factory method to bean named 'spring.lifecycle-org.springframework.boot.autoconfigure.context.LifecycleProperties'
2026-09-23 10:10:38.920 [restartedMain] DEBUG o.s.b.f.s.DefaultListableBeanFactory [] - Creating shared instance of singleton bean 'org.springframework.boot.autoconfigure.info.ProjectInfoAutoConfiguration'
2026-09-23 10:10:38.921 [restartedMain] DEBUG o.s.b.f.s.DefaultListableBeanFactory [] - Creating shared instance of singleton bean 'spring.info-org.springframework.boot.autoconfigure.info.ProjectInfoProperties'
2026-09-23 10:10:38.921 [restartedMain] DEBUG o.s.b.f.s.DefaultListableBeanFactory [] - Autowiring by type from bean name 'org.springframework.boot.autoconfigure.info.ProjectInfoAutoConfiguration' via constructor to bean named 'spring.info-org.springframework.boot.autoconfigure.info.ProjectInfoProperties'
2026-09-23 10:10:38.921 [restartedMain] DEBUG o.s.b.f.s.DefaultListableBeanFactory [] - Creating shared instance of singleton bean 'org.springframework.boot.autoconfigure.task.TaskSchedulingConfigurations$ThreadPoolTaskSchedulerBuilderConfiguration'
2026-09-23 10:10:38.921 [restartedMain] DEBUG o.s.b.f.s.DefaultListableBeanFactory [] - Creating shared instance of singleton bean 'threadPoolTaskSchedulerBuilder'
2026-09-23 10:10:38.921 [restartedMain] DEBUG o.s.b.f.s.DefaultListableBeanFactory [] - Creating shared instance of singleton bean 'spring.task.scheduling-org.springframework.boot.autoconfigure.task.TaskSchedulingProperties'
2026-09-23 10:10:38.922 [restartedMain] DEBUG o.s.b.f.s.DefaultListableBeanFactory [] - Autowiring by type from bean name 'threadPoolTaskSchedulerBuilder' via factory method to bean named 'spring.task.scheduling-org.springframework.boot.autoconfigure.task.TaskSchedulingProperties'
2026-09-23 10:10:38.922 [restartedMain] DEBUG o.s.b.f.s.DefaultListableBeanFactory [] - Creating shared instance of singleton bean 'org.springframework.boot.autoconfigure.task.TaskSchedulingConfigurations$SimpleAsyncTaskSchedulerBuilderConfiguration'
2026-09-23 10:10:38.922 [restartedMain] DEBUG o.s.b.f.s.DefaultListableBeanFactory [] - Autowiring by type from bean name 'org.springframework.boot.autoconfigure.task.TaskSchedulingConfigurations$SimpleAsyncTaskSchedulerBuilderConfiguration' via constructor to bean named 'spring.task.scheduling-org.springframework.boot.autoconfigure.task.TaskSchedulingProperties'
2026-09-23 10:10:38.922 [restartedMain] DEBUG o.s.b.f.s.DefaultListableBeanFactory [] - Creating shared instance of singleton bean 'simpleAsyncTaskSchedulerBuilder'
2026-09-23 10:10:38.922 [restartedMain] DEBUG o.s.b.f.s.DefaultListableBeanFactory [] - Creating shared instance of singleton bean 'org.springframework.boot.autoconfigure.task.TaskSchedulingAutoConfiguration'
2026-09-23 10:10:38.922 [restartedMain] DEBUG o.s.b.f.s.DefaultListableBeanFactory [] - Creating shared instance of singleton bean 'org.springframework.boot.devtools.autoconfigure.LocalDevToolsAutoConfiguration$RestartConfiguration'
2026-09-23 10:10:38.922 [restartedMain] DEBUG o.s.b.f.s.DefaultListableBeanFactory [] - Creating shared instance of singleton bean 'spring.devtools-org.springframework.boot.devtools.autoconfigure.DevToolsProperties'
2026-09-23 10:10:38.922 [restartedMain] DEBUG o.s.b.f.s.DefaultListableBeanFactory [] - Autowiring by type from bean name 'org.springframework.boot.devtools.autoconfigure.LocalDevToolsAutoConfiguration$RestartConfiguration' via constructor to bean named 'spring.devtools-org.springframework.boot.devtools.autoconfigure.DevToolsProperties'
2026-09-23 10:10:38.922 [restartedMain] DEBUG o.s.b.f.s.DefaultListableBeanFactory [] - Creating shared instance of singleton bean 'restartingClassPathChangedEventListener'
2026-09-23 10:10:38.922 [restartedMain] DEBUG o.s.b.f.s.DefaultListableBeanFactory [] - Creating shared instance of singleton bean 'fileSystemWatcherFactory'
2026-09-23 10:10:38.922 [restartedMain] DEBUG o.s.b.f.s.DefaultListableBeanFactory [] - Autowiring by type from bean name 'restartingClassPathChangedEventListener' via factory method to bean named 'fileSystemWatcherFactory'
2026-09-23 10:10:38.922 [restartedMain] DEBUG o.s.b.f.s.DefaultListableBeanFactory [] - Creating shared instance of singleton bean 'classPathFileSystemWatcher'
2026-09-23 10:10:38.922 [restartedMain] DEBUG o.s.b.f.s.DefaultListableBeanFactory [] - Creating shared instance of singleton bean 'classPathRestartStrategy'
2026-09-23 10:10:38.923 [restartedMain] DEBUG o.s.b.f.s.DefaultListableBeanFactory [] - Autowiring by type from bean name 'classPathFileSystemWatcher' via factory method to bean named 'fileSystemWatcherFactory'
2026-09-23 10:10:38.923 [restartedMain] DEBUG o.s.b.f.s.DefaultListableBeanFactory [] - Autowiring by type from bean name 'classPathFileSystemWatcher' via factory method to bean named 'classPathRestartStrategy'
2026-09-23 10:10:38.923 [restartedMain] DEBUG o.s.b.f.s.DefaultListableBeanFactory [] - Creating shared instance of singleton bean 'conditionEvaluationDeltaLoggingListener'
2026-09-23 10:10:38.923 [restartedMain] DEBUG o.s.b.f.s.DefaultListableBeanFactory [] - Creating shared instance of singleton bean 'org.springframework.boot.devtools.autoconfigure.LocalDevToolsAutoConfiguration'
2026-09-23 10:10:38.923 [restartedMain] DEBUG o.s.b.f.s.DefaultListableBeanFactory [] - Creating shared instance of singleton bean 'org.springframework.boot.http.converter.autoconfigure.JacksonHttpMessageConvertersConfiguration'
2026-09-23 10:10:38.923 [restartedMain] DEBUG o.s.b.f.s.DefaultListableBeanFactory [] - Creating shared instance of singleton bean 'org.springframework.boot.http.converter.autoconfigure.Jackson2HttpMessageConvertersConfiguration'
2026-09-23 10:10:38.923 [restartedMain] DEBUG o.s.b.f.s.DefaultListableBeanFactory [] - Creating shared instance of singleton bean 'clientConvertersCustomizer'
2026-09-23 10:10:38.923 [restartedMain] DEBUG o.s.b.f.s.DefaultListableBeanFactory [] - Creating shared instance of singleton bean 'multipartResolver'
2026-09-23 10:10:38.926 [restartedMain] DEBUG o.s.j.e.a.AnnotationMBeanExporter [] - Registering beans for JMX exposure on startup
2026-09-23 10:10:38.926 [restartedMain] DEBUG o.s.j.e.a.AnnotationMBeanExporter [] - Auto-detecting user-defined JMX MBeans
2026-09-23 10:10:38.927 [restartedMain] DEBUG o.s.c.s.DefaultLifecycleProcessor [] - Starting beans in phase -2147483647
2026-09-23 10:10:38.927 [restartedMain] DEBUG o.s.c.s.DefaultLifecycleProcessor [] - Successfully started bean 'springBootLoggingLifecycle'
2026-09-23 10:10:38.927 [restartedMain] DEBUG o.s.c.s.DefaultLifecycleProcessor [] - Starting beans in phase 1073741823
2026-09-23 10:10:38.927 [restartedMain] DEBUG o.s.c.s.DefaultLifecycleProcessor [] - Starting beans in phase 2147481599
2026-09-23 10:10:38.927 [restartedMain] DEBUG o.apache.catalina.util.LifecycleBase [] - Setting state for [Connector["http-nio-8003"]] to [STARTING_PREP]
2026-09-23 10:10:38.927 [restartedMain] DEBUG o.apache.catalina.util.LifecycleBase [] - Setting state for [Connector["http-nio-8003"]] to [STARTING]
2026-09-23 10:10:38.927 [restartedMain] INFO  o.a.coyote.http11.Http11NioProtocol [] - Starting ProtocolHandler ["http-nio-8003"]
2026-09-23 10:10:38.929 [restartedMain] DEBUG o.apache.catalina.util.LifecycleBase [] - Setting state for [Connector["http-nio-8003"]] to [STARTED]
2026-09-23 10:10:38.929 [restartedMain] INFO  o.s.boot.tomcat.TomcatWebServer [] - Tomcat started on port 8003 (http) with context path '/'
2026-09-23 10:10:38.929 [restartedMain] DEBUG o.s.c.s.DefaultLifecycleProcessor [] - Successfully started bean 'webServerStartStop'
2026-09-23 10:10:38.929 [restartedMain] DEBUG o.s.c.s.DefaultLifecycleProcessor [] - Starting beans in phase 2147482623
2026-09-23 10:10:38.929 [restartedMain] DEBUG o.s.c.s.DefaultLifecycleProcessor [] - Successfully started bean 'webServerGracefulShutdown'
2026-09-23 10:10:38.930 [restartedMain] DEBUG o.s.b.a.l.ConditionEvaluationReportLogger [] - 


============================
CONDITIONS EVALUATION REPORT
============================


Positive matches:
-----------------

   AopAutoConfiguration matched:
      - @ConditionalOnBooleanProperty (spring.aop.auto=true) matched (OnPropertyCondition)

   AopAutoConfiguration.ClassProxyingConfiguration matched:
      - @ConditionalOnMissingClass did not find unwanted class 'org.aspectj.weaver.Advice' (OnClassCondition)
      - @ConditionalOnBooleanProperty (spring.aop.proxy-target-class=true) matched (OnPropertyCondition)

   ApplicationAvailabilityAutoConfiguration#applicationAvailability matched:
      - @ConditionalOnMissingBean (types: org.springframework.boot.availability.ApplicationAvailability; SearchStrategy: all) did not find any beans (OnBeanCondition)

   DispatcherServletAutoConfiguration matched:
      - @ConditionalOnClass found required class 'org.springframework.web.servlet.DispatcherServlet' (OnClassCondition)
      - found 'session' scope (OnWebApplicationCondition)

   DispatcherServletAutoConfiguration.DispatcherServletConfiguration matched:
      - @ConditionalOnClass found required class 'jakarta.servlet.ServletRegistration' (OnClassCondition)
      - Default DispatcherServlet did not find dispatcher servlet beans (DispatcherServletAutoConfiguration.DefaultDispatcherServletCondition)

   DispatcherServletAutoConfiguration.DispatcherServletRegistrationConfiguration matched:
      - @ConditionalOnClass found required class 'jakarta.servlet.ServletRegistration' (OnClassCondition)
      - DispatcherServlet Registration did not find servlet registration bean (DispatcherServletAutoConfiguration.DispatcherServletRegistrationCondition)

   DispatcherServletAutoConfiguration.DispatcherServletRegistrationConfiguration#dispatcherServletRegistration matched:
      - @ConditionalOnBean (names: dispatcherServlet types: org.springframework.web.servlet.DispatcherServlet; SearchStrategy: all) found bean 'dispatcherServlet' (OnBeanCondition)

   ErrorMvcAutoConfiguration matched:
      - @ConditionalOnClass found required classes 'jakarta.servlet.Servlet', 'org.springframework.web.servlet.DispatcherServlet' (OnClassCondition)
      - found 'session' scope (OnWebApplicationCondition)

   ErrorMvcAutoConfiguration#basicErrorController matched:
      - @ConditionalOnMissingBean (types: org.springframework.boot.webmvc.error.ErrorController; SearchStrategy: current) did not find any beans (OnBeanCondition)

   ErrorMvcAutoConfiguration#errorAttributes matched:
      - @ConditionalOnMissingBean (types: org.springframework.boot.webmvc.error.ErrorAttributes; SearchStrategy: current) did not find any beans (OnBeanCondition)

   ErrorMvcAutoConfiguration.DefaultErrorViewResolverConfiguration#conventionErrorViewResolver matched:
      - @ConditionalOnBean (types: org.springframework.web.servlet.DispatcherServlet; SearchStrategy: all) found bean 'dispatcherServlet'; @ConditionalOnMissingBean (types: org.springframework.boot.webmvc.autoconfigure.error.ErrorViewResolver; SearchStrategy: all) did not find any beans (OnBeanCondition)

   ErrorMvcAutoConfiguration.WhitelabelErrorViewConfiguration matched:
      - @ConditionalOnBooleanProperty (spring.web.error.whitelabel.enabled=true) matched (OnPropertyCondition)
      - ErrorTemplate Missing did not find error template view (ErrorMvcAutoConfiguration.ErrorTemplateMissingCondition)

   ErrorMvcAutoConfiguration.WhitelabelErrorViewConfiguration#beanNameViewResolver matched:
      - @ConditionalOnMissingBean (types: org.springframework.web.servlet.view.BeanNameViewResolver; SearchStrategy: all) did not find any beans (OnBeanCondition)

   ErrorMvcAutoConfiguration.WhitelabelErrorViewConfiguration#defaultErrorView matched:
      - @ConditionalOnMissingBean (names: error; SearchStrategy: all) did not find any beans (OnBeanCondition)

   HttpEncodingAutoConfiguration matched:
      - @ConditionalOnClass found required class 'org.springframework.web.filter.CharacterEncodingFilter' (OnClassCondition)
      - found 'session' scope (OnWebApplicationCondition)
      - @ConditionalOnBooleanProperty (spring.servlet.encoding.enabled=true) matched (OnPropertyCondition)

   HttpEncodingAutoConfiguration#characterEncodingFilter matched:
      - @ConditionalOnMissingBean (types: org.springframework.web.filter.CharacterEncodingFilter; SearchStrategy: all) did not find any beans (OnBeanCondition)

   HttpMessageConvertersAutoConfiguration matched:
      - @ConditionalOnClass found required class 'org.springframework.http.converter.HttpMessageConverter' (OnClassCondition)
      - NoneNestedConditions 0 matched 1 did not; NestedCondition on HttpMessageConvertersAutoConfiguration.NotReactiveWebApplicationCondition.ReactiveWebApplication did not find reactive web application classes (HttpMessageConvertersAutoConfiguration.NotReactiveWebApplicationCondition)

   HttpMessageConvertersAutoConfiguration.StringHttpMessageConverterConfiguration#stringHttpMessageConvertersCustomizer matched:
      - @ConditionalOnMissingBean (types: org.springframework.http.converter.StringHttpMessageConverter; SearchStrategy: all) did not find any beans (OnBeanCondition)

   JacksonAutoConfiguration matched:
      - @ConditionalOnClass found required class 'tools.jackson.databind.json.JsonMapper' (OnClassCondition)

   JacksonAutoConfiguration#jacksonJsonMapper matched:
      - @ConditionalOnMissingBean (types: tools.jackson.databind.json.JsonMapper; SearchStrategy: all) did not find any beans (OnBeanCondition)

   JacksonAutoConfiguration#jsonFactory matched:
      - @ConditionalOnMissingBean (types: tools.jackson.core.json.JsonFactory; SearchStrategy: all) did not find any beans (OnBeanCondition)

   JacksonAutoConfiguration#jsonMapperBuilder matched:
      - @ConditionalOnMissingBean (types: tools.jackson.databind.json.JsonMapper$Builder; SearchStrategy: all) did not find any beans (OnBeanCondition)

   JacksonAutoConfiguration.JsonProblemDetailsConfiguration matched:
      - @ConditionalOnClass found required class 'org.springframework.http.ProblemDetail' (OnClassCondition)

   JacksonHttpMessageConvertersConfiguration.JacksonJsonHttpMessageConverterConfiguration matched:
      - @ConditionalOnClass found required class 'tools.jackson.databind.json.JsonMapper' (OnClassCondition)
      - @ConditionalOnProperty (spring.http.converters.preferred-json-mapper=jackson) matched (OnPropertyCondition)
      - @ConditionalOnBean (types: tools.jackson.databind.json.JsonMapper; SearchStrategy: all) found bean 'jacksonJsonMapper' (OnBeanCondition)

   JacksonHttpMessageConvertersConfiguration.JacksonJsonHttpMessageConverterConfiguration#jacksonJsonHttpMessageConvertersCustomizer matched:
      - @ConditionalOnMissingBean (types: org.springframework.http.converter.json.JacksonJsonHttpMessageConverter ignored: org.springframework.hateoas.server.mvc.TypeConstrainedJacksonJsonHttpMessageConverter,org.springframework.data.rest.webmvc.alps.AlpsJacksonJsonHttpMessageConverter; SearchStrategy: all) did not find any beans (OnBeanCondition)

   JmxAutoConfiguration matched:
      - @ConditionalOnClass found required class 'org.springframework.jmx.export.MBeanExporter' (OnClassCondition)
      - @ConditionalOnBooleanProperty (spring.jmx.enabled=true) matched (OnPropertyCondition)

   JmxAutoConfiguration#mbeanExporter matched:
      - @ConditionalOnMissingBean (types: org.springframework.jmx.export.MBeanExporter; SearchStrategy: current) did not find any beans (OnBeanCondition)

   JmxAutoConfiguration#mbeanServer matched:
      - @ConditionalOnMissingBean (types: javax.management.MBeanServer; SearchStrategy: all) did not find any beans (OnBeanCondition)

   JmxAutoConfiguration#objectNamingStrategy matched:
      - @ConditionalOnMissingBean (types: org.springframework.jmx.export.naming.ObjectNamingStrategy; SearchStrategy: current) did not find any beans (OnBeanCondition)

   LifecycleAutoConfiguration#defaultLifecycleProcessor matched:
      - @ConditionalOnMissingBean (names: lifecycleProcessor; SearchStrategy: current) did not find any beans (OnBeanCondition)

   LocalDevToolsAutoConfiguration matched:
      - Initialized Restarter Condition available and initialized (OnInitializedRestarterCondition)

   LocalDevToolsAutoConfiguration.RestartConfiguration matched:
      - @ConditionalOnBooleanProperty (spring.devtools.restart.enabled=true) matched (OnPropertyCondition)

   LocalDevToolsAutoConfiguration.RestartConfiguration#classPathFileSystemWatcher matched:
      - @ConditionalOnMissingBean (types: org.springframework.boot.devtools.classpath.ClassPathFileSystemWatcher; SearchStrategy: all) did not find any beans (OnBeanCondition)

   LocalDevToolsAutoConfiguration.RestartConfiguration#classPathRestartStrategy matched:
      - @ConditionalOnMissingBean (types: org.springframework.boot.devtools.classpath.ClassPathRestartStrategy; SearchStrategy: all) did not find any beans (OnBeanCondition)

   LocalDevToolsAutoConfiguration.RestartConfiguration#conditionEvaluationDeltaLoggingListener matched:
      - @ConditionalOnBooleanProperty (spring.devtools.restart.log-condition-evaluation-delta=true) matched (OnPropertyCondition)

   MultipartAutoConfiguration matched:
      - @ConditionalOnClass found required classes 'jakarta.servlet.Servlet', 'org.springframework.web.multipart.support.StandardServletMultipartResolver', 'jakarta.servlet.MultipartConfigElement' (OnClassCondition)
      - found 'session' scope (OnWebApplicationCondition)
      - @ConditionalOnBooleanProperty (spring.servlet.multipart.enabled=true) matched (OnPropertyCondition)

   MultipartAutoConfiguration#multipartConfigElement matched:
      - @ConditionalOnMissingBean (types: jakarta.servlet.MultipartConfigElement; SearchStrategy: all) did not find any beans (OnBeanCondition)

   MultipartAutoConfiguration#multipartResolver matched:
      - @ConditionalOnMissingBean (types: org.springframework.web.multipart.MultipartResolver; SearchStrategy: all) did not find any beans (OnBeanCondition)

   PropertyPlaceholderAutoConfiguration#propertySourcesPlaceholderConfigurer matched:
      - @ConditionalOnMissingBean (types: org.springframework.context.support.PropertySourcesPlaceholderConfigurer; SearchStrategy: current) did not find any beans (OnBeanCondition)

   SpringApplicationAdminJmxAutoConfiguration matched:
      - @ConditionalOnBooleanProperty (spring.application.admin.enabled=true) matched (OnPropertyCondition)

   SpringApplicationAdminJmxAutoConfiguration#springApplicationAdminRegistrar matched:
      - @ConditionalOnMissingBean (types: org.springframework.boot.admin.SpringApplicationAdminMXBeanRegistrar; SearchStrategy: all) did not find any beans (OnBeanCondition)

   SslAutoConfiguration#sslBundleRegistry matched:
      - @ConditionalOnMissingBean (types: org.springframework.boot.ssl.SslBundleRegistry,org.springframework.boot.ssl.SslBundles; SearchStrategy: all) did not find any beans (OnBeanCondition)

   TaskExecutionAutoConfiguration matched:
      - @ConditionalOnClass found required class 'org.springframework.scheduling.concurrent.ThreadPoolTaskExecutor' (OnClassCondition)

   TaskExecutorConfigurations.AsyncConfigurerConfiguration matched:
      - @ConditionalOnMissingBean (types: org.springframework.scheduling.annotation.AsyncConfigurer; SearchStrategy: all) did not find any beans (OnBeanCondition)

   TaskExecutorConfigurations.SimpleAsyncTaskExecutorBuilderConfiguration#simpleAsyncTaskExecutorBuilder matched:
      - @ConditionalOnMissingBean (types: org.springframework.boot.task.SimpleAsyncTaskExecutorBuilder; SearchStrategy: all) did not find any beans (OnBeanCondition)
      - @ConditionalOnThreading found PLATFORM (OnThreadingCondition)

   TaskExecutorConfigurations.TaskExecutorConfiguration matched:
      - AnyNestedCondition 1 matched 1 did not; NestedCondition on TaskExecutorConfigurations.OnExecutorCondition.ModelCondition @ConditionalOnProperty (spring.task.execution.mode=force) did not find property 'spring.task.execution.mode'; NestedCondition on TaskExecutorConfigurations.OnExecutorCondition.ExecutorBeanCondition @ConditionalOnMissingBean (types: java.util.concurrent.Executor; SearchStrategy: all) did not find any beans (TaskExecutorConfigurations.OnExecutorCondition)

   TaskExecutorConfigurations.TaskExecutorConfiguration#applicationTaskExecutor matched:
      - @ConditionalOnThreading found PLATFORM (OnThreadingCondition)

   TaskExecutorConfigurations.ThreadPoolTaskExecutorBuilderConfiguration#threadPoolTaskExecutorBuilder matched:
      - @ConditionalOnMissingBean (types: org.springframework.boot.task.ThreadPoolTaskExecutorBuilder; SearchStrategy: all) did not find any beans (OnBeanCondition)

   TaskSchedulingAutoConfiguration matched:
      - @ConditionalOnClass found required class 'org.springframework.scheduling.concurrent.ThreadPoolTaskScheduler' (OnClassCondition)

   TaskSchedulingConfigurations.SimpleAsyncTaskSchedulerBuilderConfiguration#simpleAsyncTaskSchedulerBuilder matched:
      - @ConditionalOnMissingBean (types: org.springframework.boot.task.SimpleAsyncTaskSchedulerBuilder; SearchStrategy: all) did not find any beans (OnBeanCondition)
      - @ConditionalOnThreading found PLATFORM (OnThreadingCondition)

   TaskSchedulingConfigurations.ThreadPoolTaskSchedulerBuilderConfiguration#threadPoolTaskSchedulerBuilder matched:
      - @ConditionalOnMissingBean (types: org.springframework.boot.task.ThreadPoolTaskSchedulerBuilder; SearchStrategy: all) did not find any beans (OnBeanCondition)

   TomcatServletWebServerAutoConfiguration matched:
      - @ConditionalOnClass found required classes 'jakarta.servlet.ServletRequest', 'org.apache.catalina.startup.Tomcat', 'org.apache.coyote.UpgradeProtocol', 'org.springframework.boot.tomcat.servlet.TomcatServletWebServerFactory' (OnClassCondition)
      - found 'session' scope (OnWebApplicationCondition)

   TomcatServletWebServerAutoConfiguration#tomcatServletWebServerFactory matched:
      - @ConditionalOnMissingBean (types: org.springframework.boot.web.server.servlet.ServletWebServerFactory; SearchStrategy: current) did not find any beans (OnBeanCondition)

   TomcatWebServerConfiguration matched:
      - @ConditionalOnWarDeployment the application is not deployed as a WAR file. (OnWarDeploymentCondition)

   TomcatWebServerConfiguration.TomcatWebSocketConfiguration matched:
      - @ConditionalOnClass found required class 'org.apache.tomcat.websocket.server.WsSci' (OnClassCondition)

   WebMvcAutoConfiguration matched:
      - @ConditionalOnClass found required classes 'jakarta.servlet.Servlet', 'org.springframework.web.servlet.DispatcherServlet', 'org.springframework.web.servlet.config.annotation.WebMvcConfigurer' (OnClassCondition)
      - found 'session' scope (OnWebApplicationCondition)
      - @ConditionalOnMissingBean (types: org.springframework.web.servlet.config.annotation.WebMvcConfigurationSupport; SearchStrategy: all) did not find any beans (OnBeanCondition)

   WebMvcAutoConfiguration#formContentFilter matched:
      - @ConditionalOnBooleanProperty (spring.mvc.formcontent.filter.enabled=true) matched (OnPropertyCondition)
      - @ConditionalOnMissingBean (types: org.springframework.web.filter.FormContentFilter; SearchStrategy: all) did not find any beans (OnBeanCondition)

   WebMvcAutoConfiguration.EnableWebMvcConfiguration#flashMapManager matched:
      - @ConditionalOnMissingBean (names: flashMapManager; SearchStrategy: all) did not find any beans (OnBeanCondition)

   WebMvcAutoConfiguration.EnableWebMvcConfiguration#localeResolver matched:
      - @ConditionalOnMissingBean (names: localeResolver; SearchStrategy: all) did not find any beans (OnBeanCondition)

   WebMvcAutoConfiguration.EnableWebMvcConfiguration#viewNameTranslator matched:
      - @ConditionalOnMissingBean (names: viewNameTranslator; SearchStrategy: all) did not find any beans (OnBeanCondition)

   WebMvcAutoConfiguration.WebMvcAutoConfigurationAdapter#defaultViewResolver matched:
      - @ConditionalOnMissingBean (types: org.springframework.web.servlet.view.InternalResourceViewResolver; SearchStrategy: all) did not find any beans (OnBeanCondition)

   WebMvcAutoConfiguration.WebMvcAutoConfigurationAdapter#requestContextFilter matched:
      - @ConditionalOnMissingBean (types: org.springframework.web.context.request.RequestContextListener,org.springframework.web.filter.RequestContextFilter; SearchStrategy: all) did not find any beans (OnBeanCondition)

   WebMvcAutoConfiguration.WebMvcAutoConfigurationAdapter#viewResolver matched:
      - @ConditionalOnBean (types: org.springframework.web.servlet.ViewResolver; SearchStrategy: all) found beans 'defaultViewResolver', 'beanNameViewResolver', 'mvcViewResolver'; @ConditionalOnMissingBean (names: viewResolver types: org.springframework.web.servlet.view.ContentNegotiatingViewResolver; SearchStrategy: all) did not find any beans (OnBeanCondition)


Negative matches:
-----------------

   AopAutoConfiguration.AspectJAutoProxyingConfiguration:
      Did not match:
         - @ConditionalOnClass did not find required class 'org.aspectj.weaver.Advice' (OnClassCondition)

   DevToolsDataSourceAutoConfiguration:
      Did not match:
         - DevTools DataSource Condition did not find a single DataSource bean (DevToolsDataSourceAutoConfiguration.DevToolsDataSourceCondition)
      Matched:
         - @ConditionalOnClass found required class 'javax.sql.DataSource' (OnClassCondition)
         - Devtools devtools enabled. (OnEnabledDevToolsCondition)

   DevToolsDataSourceAutoConfiguration.DatabaseShutdownExecutorEntityManagerFactoryDependsOnConfiguration:
      Did not match:
         - @ConditionalOnClass did not find required classes 'org.springframework.boot.jpa.autoconfigure.EntityManagerFactoryDependsOnPostProcessor', 'org.springframework.orm.jpa.LocalContainerEntityManagerFactoryBean' (OnClassCondition)
         - Ancestor org.springframework.boot.devtools.autoconfigure.DevToolsDataSourceAutoConfiguration did not match (ConditionEvaluationReport.AncestorsMatchedCondition)

   DevToolsR2dbcAutoConfiguration:
      Did not match:
         - @ConditionalOnClass did not find required class 'io.r2dbc.spi.ConnectionFactory' (OnClassCondition)

   DispatcherServletAutoConfiguration.DispatcherServletConfiguration#multipartResolver:
      Did not match:
         - @ConditionalOnBean (types: org.springframework.web.multipart.MultipartResolver; SearchStrategy: all) did not find any beans of type org.springframework.web.multipart.MultipartResolver (OnBeanCondition)

   GsonHttpMessageConvertersConfiguration:
      Did not match:
         - @ConditionalOnClass did not find required class 'com.google.gson.Gson' (OnClassCondition)

   Jackson2HttpMessageConvertersConfiguration.MappingJackson2HttpMessageConverterConfiguration:
      Did not match:
         - @ConditionalOnClass did not find required class 'com.fasterxml.jackson.databind.ObjectMapper' (OnClassCondition)

   Jackson2HttpMessageConvertersConfiguration.MappingJackson2XmlHttpMessageConverterConfiguration:
      Did not match:
         - @ConditionalOnClass did not find required class 'com.fasterxml.jackson.dataformat.xml.XmlMapper' (OnClassCondition)

   JacksonAutoConfiguration.CborConfiguration:
      Did not match:
         - @ConditionalOnClass did not find required class 'tools.jackson.dataformat.cbor.CBORMapper' (OnClassCondition)

   JacksonAutoConfiguration.XmlConfiguration:
      Did not match:
         - @ConditionalOnClass did not find required class 'tools.jackson.dataformat.xml.XmlMapper' (OnClassCondition)

   JacksonHttpMessageConvertersConfiguration.JacksonXmlHttpMessageConverterConfiguration:
      Did not match:
         - @ConditionalOnClass did not find required class 'tools.jackson.dataformat.xml.XmlMapper' (OnClassCondition)

   JsonbHttpMessageConvertersConfiguration:
      Did not match:
         - @ConditionalOnClass did not find required class 'jakarta.json.bind.Jsonb' (OnClassCondition)

   KotlinSerializationHttpMessageConvertersConfiguration:
      Did not match:
         - @ConditionalOnClass did not find required classes 'kotlinx.serialization.Serializable', 'kotlinx.serialization.json.Json' (OnClassCondition)

   LocalDevToolsAutoConfiguration.LiveReloadConfiguration:
      Did not match:
         - @ConditionalOnBooleanProperty (spring.devtools.livereload.enabled=true) did not find property 'spring.devtools.livereload.enabled' (OnPropertyCondition)

   MessageSourceAutoConfiguration:
      Did not match:
         - ResourceBundle did not find bundle with basename messages (MessageSourceAutoConfiguration.ResourceBundleCondition)

   ProjectInfoAutoConfiguration#buildProperties:
      Did not match:
         - @ConditionalOnResource did not find resource '${spring.info.build.location:classpath:META-INF/build-info.properties}' (OnResourceCondition)

   ProjectInfoAutoConfiguration#gitProperties:
      Did not match:
         - GitResource did not find git info at classpath:git.properties (ProjectInfoAutoConfiguration.GitResourceAvailableCondition)

   RemoteDevToolsAutoConfiguration:
      Did not match:
         - @ConditionalOnProperty (spring.devtools.remote.secret) did not find property 'spring.devtools.remote.secret' (OnPropertyCondition)
      Matched:
         - @ConditionalOnClass found required classes 'jakarta.servlet.Filter', 'org.springframework.http.server.ServerHttpRequest', 'org.springframework.boot.web.server.autoconfigure.ServerProperties' (OnClassCondition)

   ServletHttpExchangesAutoConfiguration:
      Did not match:
         - @ConditionalOnBean did not find required type 'org.springframework.boot.actuate.web.exchanges.HttpExchangeRepository' (OnBeanCondition)

   ServletManagementContextAutoConfiguration:
      Did not match:
         - @ConditionalOnClass did not find required class 'org.springframework.boot.actuate.autoconfigure.endpoint.web.WebEndpointProperties' (OnClassCondition)

   ServletMappingsAutoConfiguration:
      Did not match:
         - @ConditionalOnClass did not find required class 'org.springframework.boot.actuate.autoconfigure.endpoint.condition.ConditionalOnAvailableEndpoint' (OnClassCondition)

   ServletWebServerConfiguration#forwardedHeaderFilter:
      Did not match:
         - @ConditionalOnProperty (server.forward-headers-strategy=framework) did not find property 'server.forward-headers-strategy' (OnPropertyCondition)

   TaskExecutorConfigurations.AsyncConfigurerWrapperConfiguration:
      Did not match:
         - @ConditionalOnBean (types: org.springframework.scheduling.annotation.AsyncConfigurer; SearchStrategy: all) did not find any beans of type org.springframework.scheduling.annotation.AsyncConfigurer (OnBeanCondition)

   TaskExecutorConfigurations.SimpleAsyncTaskExecutorBuilderConfiguration#simpleAsyncTaskExecutorBuilderVirtualThreads:
      Did not match:
         - @ConditionalOnMissingBean (types: org.springframework.boot.task.SimpleAsyncTaskExecutorBuilder; SearchStrategy: all) found beans of type 'org.springframework.boot.task.SimpleAsyncTaskExecutorBuilder' simpleAsyncTaskExecutorBuilder (OnBeanCondition)

   TaskExecutorConfigurations.TaskExecutorConfiguration#applicationTaskExecutorVirtualThreads:
      Did not match:
         - @ConditionalOnThreading did not find VIRTUAL (OnThreadingCondition)

   TaskExecutorConfigurations.TaskExecutorContextPropagationConfiguration:
      Did not match:
         - @ConditionalOnClass did not find required class 'io.micrometer.context.ContextSnapshot' (OnClassCondition)

   TaskSchedulingAutoConfiguration#scheduledBeanLazyInitializationExcludeFilter:
      Did not match:
         - @ConditionalOnBean (names: org.springframework.scheduling.config.internalScheduledAnnotationProcessor; SearchStrategy: all) did not find any beans named org.springframework.scheduling.config.internalScheduledAnnotationProcessor (OnBeanCondition)

   TaskSchedulingConfigurations.SimpleAsyncTaskSchedulerBuilderConfiguration#simpleAsyncTaskSchedulerBuilderVirtualThreads:
      Did not match:
         - @ConditionalOnMissingBean (types: org.springframework.boot.task.SimpleAsyncTaskSchedulerBuilder; SearchStrategy: all) found beans of type 'org.springframework.boot.task.SimpleAsyncTaskSchedulerBuilder' simpleAsyncTaskSchedulerBuilder (OnBeanCondition)

   TaskSchedulingConfigurations.TaskSchedulerConfiguration:
      Did not match:
         - @ConditionalOnBean (names: org.springframework.scheduling.config.internalScheduledAnnotationProcessor; SearchStrategy: all) did not find any beans named org.springframework.scheduling.config.internalScheduledAnnotationProcessor (OnBeanCondition)

   TomcatMetricsAutoConfiguration:
      Did not match:
         - @ConditionalOnClass did not find required class 'io.micrometer.core.instrument.binder.tomcat.TomcatMetrics' (OnClassCondition)

   TomcatReactiveManagementContextAutoConfiguration:
      Did not match:
         - @ConditionalOnClass did not find required class 'org.springframework.boot.actuate.autoconfigure.web.server.ManagementContextFactory' (OnClassCondition)

   TomcatReactiveWebServerAutoConfiguration:
      Did not match:
         - @ConditionalOnWebApplication did not find reactive web application classes (OnWebApplicationCondition)

   TomcatServletManagementContextAutoConfiguration:
      Did not match:
         - @ConditionalOnClass did not find required class 'org.springframework.boot.actuate.autoconfigure.web.server.ManagementContextFactory' (OnClassCondition)

   TomcatServletWebServerAutoConfiguration#tomcatForwardedHeaderFilterCustomizer:
      Did not match:
         - @ConditionalOnProperty (server.forward-headers-strategy=framework) did not find property 'server.forward-headers-strategy' (OnPropertyCondition)

   TomcatWebServerConfiguration#tomcatVirtualThreadsProtocolHandlerCustomizer:
      Did not match:
         - @ConditionalOnThreading did not find VIRTUAL (OnThreadingCondition)

   WebMvcAutoConfiguration#hiddenHttpMethodFilter:
      Did not match:
         - @ConditionalOnBooleanProperty (spring.mvc.hiddenmethod.filter.enabled=true) did not find property 'spring.mvc.hiddenmethod.filter.enabled' (OnPropertyCondition)

   WebMvcAutoConfiguration.ProblemDetailsErrorHandlingConfiguration:
      Did not match:
         - @ConditionalOnBooleanProperty (spring.mvc.problemdetails.enabled=true) did not find property 'spring.mvc.problemdetails.enabled' (OnPropertyCondition)

   WebMvcAutoConfiguration.ResourceChainCustomizerConfiguration:
      Did not match:
         - @ConditionalOnEnabledResourceChain did not find class org.webjars.WebJarVersionLocator (OnEnabledResourceChainCondition)

   WebMvcAutoConfiguration.WebMvcAutoConfigurationAdapter#beanNameViewResolver:
      Did not match:
         - @ConditionalOnMissingBean (types: org.springframework.web.servlet.view.BeanNameViewResolver; SearchStrategy: all) found beans of type 'org.springframework.web.servlet.view.BeanNameViewResolver' beanNameViewResolver (OnBeanCondition)

   WebMvcHealthEndpointExtensionAutoConfiguration:
      Did not match:
         - @ConditionalOnClass did not find required class 'org.springframework.boot.health.actuate.endpoint.HealthEndpoint' (OnClassCondition)

   WebMvcMappingsAutoConfiguration:
      Did not match:
         - @ConditionalOnClass did not find required class 'org.springframework.boot.actuate.autoconfigure.endpoint.condition.ConditionalOnAvailableEndpoint' (OnClassCondition)

   WebMvcObservationAutoConfiguration:
      Did not match:
         - @ConditionalOnClass did not find required class 'org.springframework.boot.micrometer.observation.autoconfigure.ObservationProperties' (OnClassCondition)


Exclusions:
-----------

    None


Unconditional classes:
----------------------

    org.springframework.boot.autoconfigure.context.ConfigurationPropertiesAutoConfiguration

    org.springframework.boot.autoconfigure.ssl.SslAutoConfiguration

    org.springframework.boot.autoconfigure.context.LifecycleAutoConfiguration

    org.springframework.boot.autoconfigure.context.PropertyPlaceholderAutoConfiguration

    org.springframework.boot.autoconfigure.availability.ApplicationAvailabilityAutoConfiguration

    org.springframework.boot.autoconfigure.info.ProjectInfoAutoConfiguration



2026-09-23 10:10:38.932 [restartedMain] INFO  t.zff06.logging.LoggingApplication [] - Started LoggingApplication in 0.152 seconds (process running for 109.219)
2026-09-23 10:10:38.932 [restartedMain] DEBUG o.s.b.a.ApplicationAvailabilityBean [] - Application availability state LivenessState changed to CORRECT
2026-09-23 10:10:38.932 [restartedMain] INFO  o.s.b.d.a.ConditionEvaluationDeltaLoggingListener [] - Condition evaluation unchanged
2026-09-23 10:10:38.932 [restartedMain] DEBUG o.s.b.a.ApplicationAvailabilityBean [] - Application availability state ReadinessState changed to ACCEPTING_TRAFFIC
2026-09-23 10:10:38.945 [RMI TCP Connection(2)-192.168.208.1] DEBUG sun.rmi.transport.tcp [] - RMI TCP Connection(2)-192.168.208.1: (port 64300) op = 82
2026-09-23 10:10:38.945 [RMI TCP Connection(2)-192.168.208.1] DEBUG sun.rmi.transport.tcp [] - RMI TCP Connection(2)-192.168.208.1: (port 64300) op = 80
2026-09-23 10:10:38.945 [RMI TCP Connection(2)-192.168.208.1] DEBUG sun.rmi.loader [] - RMI TCP Connection(2)-192.168.208.1: name = "javax.management.ObjectName", codebase = ""
2026-09-23 10:10:38.945 [RMI TCP Connection(2)-192.168.208.1] DEBUG javax.management.remote.rmi [] - connectionId=rmi://192.168.208.1  1, name=java.lang:type=OperatingSystem, attribute=ProcessCpuLoad
2026-09-23 10:10:38.966 [RMI TCP Connection(2)-192.168.208.1] DEBUG sun.rmi.transport.tcp [] - RMI TCP Connection(2)-192.168.208.1: (port 64300) op = 82
2026-09-23 10:10:38.966 [RMI TCP Connection(2)-192.168.208.1] DEBUG sun.rmi.transport.tcp [] - RMI TCP Connection(2)-192.168.208.1: (port 64300) op = 80
2026-09-23 10:10:38.966 [RMI TCP Connection(2)-192.168.208.1] DEBUG sun.rmi.loader [] - RMI TCP Connection(2)-192.168.208.1: name = "javax.management.ObjectName", codebase = ""
2026-09-23 10:10:38.966 [RMI TCP Connection(2)-192.168.208.1] DEBUG javax.management.remote.rmi [] - connectionId=rmi://192.168.208.1  1, name=java.lang:type=Memory, attribute=HeapMemoryUsage
2026-09-23 10:10:38.966 [RMI TCP Connection(2)-192.168.208.1] DEBUG sun.rmi.transport.tcp [] - RMI TCP Connection(2)-192.168.208.1: (port 64300) op = 82
2026-09-23 10:10:38.966 [RMI TCP Connection(2)-192.168.208.1] DEBUG sun.rmi.transport.tcp [] - RMI TCP Connection(2)-192.168.208.1: (port 64300) op = 80
2026-09-23 10:10:38.966 [RMI TCP Connection(2)-192.168.208.1] DEBUG sun.rmi.loader [] - RMI TCP Connection(2)-192.168.208.1: name = "javax.management.ObjectName", codebase = ""
2026-09-23 10:10:38.966 [RMI TCP Connection(2)-192.168.208.1] DEBUG javax.management.remote.rmi [] - connectionId=rmi://192.168.208.1  1, name=java.lang:type=Memory, attribute=HeapMemoryUsage
2026-09-23 10:10:39.970 [RMI TCP Connection(2)-192.168.208.1] DEBUG sun.rmi.transport.tcp [] - RMI TCP Connection(2)-192.168.208.1: (port 64300) op = 82
2026-09-23 10:10:39.970 [RMI TCP Connection(2)-192.168.208.1] DEBUG sun.rmi.transport.tcp [] - RMI TCP Connection(2)-192.168.208.1: (port 64300) op = 80
2026-09-23 10:10:39.970 [RMI TCP Connection(2)-192.168.208.1] DEBUG sun.rmi.loader [] - RMI TCP Connection(2)-192.168.208.1: name = "javax.management.ObjectName", codebase = ""
2026-09-23 10:10:39.970 [RMI TCP Connection(2)-192.168.208.1] DEBUG javax.management.remote.rmi [] - connectionId=rmi://192.168.208.1  1, name=java.lang:type=OperatingSystem, attribute=ProcessCpuLoad
2026-09-23 10:10:39.992 [RMI TCP Connection(2)-192.168.208.1] DEBUG sun.rmi.transport.tcp [] - RMI TCP Connection(2)-192.168.208.1: (port 64300) op = 82
2026-09-23 10:10:39.992 [RMI TCP Connection(2)-192.168.208.1] DEBUG sun.rmi.transport.tcp [] - RMI TCP Connection(2)-192.168.208.1: (port 64300) op = 80
2026-09-23 10:10:39.992 [RMI TCP Connection(2)-192.168.208.1] DEBUG sun.rmi.loader [] - RMI TCP Connection(2)-192.168.208.1: name = "javax.management.ObjectName", codebase = ""
2026-09-23 10:10:39.992 [RMI TCP Connection(2)-192.168.208.1] DEBUG javax.management.remote.rmi [] - connectionId=rmi://192.168.208.1  1, name=java.lang:type=Memory, attribute=HeapMemoryUsage
2026-09-23 10:10:39.992 [RMI TCP Connection(2)-192.168.208.1] DEBUG sun.rmi.transport.tcp [] - RMI TCP Connection(2)-192.168.208.1: (port 64300) op = 82
2026-09-23 10:10:39.993 [RMI TCP Connection(2)-192.168.208.1] DEBUG sun.rmi.transport.tcp [] - RMI TCP Connection(2)-192.168.208.1: (port 64300) op = 80
2026-09-23 10:10:39.993 [RMI TCP Connection(2)-192.168.208.1] DEBUG sun.rmi.loader [] - RMI TCP Connection(2)-192.168.208.1: name = "javax.management.ObjectName", codebase = ""
2026-09-23 10:10:39.993 [RMI TCP Connection(2)-192.168.208.1] DEBUG javax.management.remote.rmi [] - connectionId=rmi://192.168.208.1  1, name=java.lang:type=Memory, attribute=HeapMemoryUsage
2026-09-23 10:10:40.346 [File Watcher] INFO  o.s.b.d.a.LocalDevToolsAutoConfiguration$RestartingClassPathChangeChangedEventListener [] - Restarting due to 1 class path change (1 addition, 0 deletions, 0 modifications)
2026-09-23 10:10:40.346 [File Watcher] DEBUG o.s.b.d.a.LocalDevToolsAutoConfiguration$RestartingClassPathChangeChangedEventListener [] - Change set: [D:\Tools\Projects\backend-learning\03-logging\target\classes [D:\Tools\Projects\backend-learning\03-logging\target\classes\top\zff06\logging\controller\LoggingController.class (ADD)]]
2026-09-23 10:10:40.346 [File Watcher] DEBUG o.s.boot.devtools.restart.Restarter [] - Restarting application
2026-09-23 10:10:40.346 [Thread-5] DEBUG o.s.boot.devtools.restart.Restarter [] - Stopping application
2026-09-23 10:10:40.346 [Thread-5] DEBUG o.s.b.a.ApplicationAvailabilityBean [] - Application availability state ReadinessState changed from ACCEPTING_TRAFFIC to REFUSING_TRAFFIC
2026-09-23 10:10:40.346 [Thread-5] DEBUG o.s.b.w.s.s.c.AnnotationConfigServletWebServerApplicationContext [] - Closing org.springframework.boot.web.server.servlet.context.AnnotationConfigServletWebServerApplicationContext@244df192, started on Wed Sep 23 10:10:38 CST 2026
2026-09-23 10:10:40.347 [Thread-5] DEBUG o.s.c.s.DefaultLifecycleProcessor [] - Stopping beans in phase 2147482623
2026-09-23 10:10:40.347 [Thread-5] INFO  o.s.boot.tomcat.GracefulShutdown [] - Commencing graceful shutdown. Waiting for active requests to complete
2026-09-23 10:10:40.347 [tomcat-shutdown] INFO  o.a.coyote.http11.Http11NioProtocol [] - Pausing ProtocolHandler ["http-nio-8003"]
2026-09-23 10:10:40.350 [tomcat-shutdown] INFO  o.s.boot.tomcat.GracefulShutdown [] - Graceful shutdown complete
2026-09-23 10:10:40.350 [tomcat-shutdown] DEBUG o.s.c.s.DefaultLifecycleProcessor [] - Bean 'webServerGracefulShutdown' completed its stop procedure
2026-09-23 10:10:40.350 [Thread-5] DEBUG o.s.c.s.DefaultLifecycleProcessor [] - Stopping beans in phase 2147481599
2026-09-23 10:10:40.350 [Thread-5] DEBUG o.apache.catalina.util.LifecycleBase [] - Setting state for [Connector["http-nio-8003"]] to [STOPPING_PREP]
2026-09-23 10:10:40.350 [Thread-5] DEBUG o.apache.catalina.util.LifecycleBase [] - Setting state for [Connector["http-nio-8003"]] to [STOPPING]
2026-09-23 10:10:40.350 [Thread-5] INFO  o.a.coyote.http11.Http11NioProtocol [] - Stopping ProtocolHandler ["http-nio-8003"]
2026-09-23 10:10:40.352 [Thread-5] DEBUG o.apache.catalina.util.LifecycleBase [] - Setting state for [Connector["http-nio-8003"]] to [STOPPED]
2026-09-23 10:10:40.352 [Thread-5] DEBUG o.s.c.s.DefaultLifecycleProcessor [] - Bean 'webServerStartStop' completed its stop procedure
2026-09-23 10:10:40.352 [Thread-5] DEBUG o.s.c.s.DefaultLifecycleProcessor [] - Stopping beans in phase 1073741823
2026-09-23 10:10:40.352 [Thread-5] DEBUG o.s.c.s.DefaultLifecycleProcessor [] - Bean 'applicationTaskExecutor' completed its stop procedure
2026-09-23 10:10:40.352 [Thread-5] DEBUG o.s.c.s.DefaultLifecycleProcessor [] - Stopping beans in phase -2147483647
2026-09-23 10:10:40.352 [Thread-5] DEBUG o.s.c.s.DefaultLifecycleProcessor [] - Bean 'springBootLoggingLifecycle' completed its stop procedure
2026-09-23 10:10:40.352 [Thread-5] DEBUG o.s.j.e.a.AnnotationMBeanExporter [] - Unregistering JMX-exposed beans on shutdown
2026-09-23 10:10:40.352 [Thread-5] DEBUG o.s.s.c.ThreadPoolTaskExecutor [] - Shutting down ExecutorService 'applicationTaskExecutor'
2026-09-23 10:10:40.378 [Thread-5] DEBUG o.s.boot.devtools.restart.Restarter [] - Starting application top.zff06.logging.LoggingApplication with URLs [file:/D:/Tools/Projects/backend-learning/03-logging/target/classes/]
2026-09-23 10:10:40.399 [restartedMain] INFO  t.zff06.logging.LoggingApplication [] - Starting LoggingApplication using Java 21.0.12.1 with PID 34612 (D:\Tools\Projects\backend-learning\03-logging\target\classes started by zff06 in D:\Tools\Projects\backend-learning)
2026-09-23 10:10:40.399 [restartedMain] DEBUG t.zff06.logging.LoggingApplication [] - Running with Spring Boot v4.1.1, Spring v7.0.9
2026-09-23 10:10:40.399 [restartedMain] INFO  t.zff06.logging.LoggingApplication [] - The following 1 profile is active: "dev"
2026-09-23 10:10:40.399 [restartedMain] DEBUG o.s.boot.SpringApplication [] - Loading source class top.zff06.logging.LoggingApplication
2026-09-23 10:10:40.401 [restartedMain] DEBUG o.s.b.w.s.s.c.AnnotationConfigServletWebServerApplicationContext [] - Refreshing org.springframework.boot.web.server.servlet.context.AnnotationConfigServletWebServerApplicationContext@6bfc6c74
2026-09-23 10:10:40.402 [restartedMain] DEBUG o.s.b.f.s.DefaultListableBeanFactory [] - Creating shared instance of singleton bean 'org.springframework.context.annotation.internalConfigurationAnnotationProcessor'
2026-09-23 10:10:40.402 [restartedMain] DEBUG o.s.b.f.s.DefaultListableBeanFactory [] - Creating shared instance of singleton bean 'org.springframework.boot.autoconfigure.internalCachingMetadataReaderFactory'
2026-09-23 10:10:40.407 [restartedMain] DEBUG o.s.c.a.ClassPathBeanDefinitionScanner [] - Identified candidate component class: file [D:\Tools\Projects\backend-learning\03-logging\target\classes\top\zff06\logging\controller\LoggingController.class]
2026-09-23 10:10:40.449 [restartedMain] DEBUG o.s.b.f.s.DefaultListableBeanFactory [] - Creating shared instance of singleton bean 'propertySourcesPlaceholderConfigurer'
2026-09-23 10:10:40.450 [restartedMain] DEBUG o.s.b.f.s.DefaultListableBeanFactory [] - Creating shared instance of singleton bean 'org.springframework.context.event.internalEventListenerProcessor'
2026-09-23 10:10:40.450 [restartedMain] DEBUG o.s.b.f.s.DefaultListableBeanFactory [] - Creating shared instance of singleton bean 'bootstrapExecutorAliasPostProcessor'
2026-09-23 10:10:40.450 [restartedMain] DEBUG o.s.b.f.s.DefaultListableBeanFactory [] - Creating shared instance of singleton bean 'preserveErrorControllerTargetClassPostProcessor'
2026-09-23 10:10:40.450 [restartedMain] DEBUG o.s.b.f.s.DefaultListableBeanFactory [] - Creating shared instance of singleton bean 'forceAutoProxyCreatorToUseClassProxying'
2026-09-23 10:10:40.450 [restartedMain] DEBUG o.s.b.f.s.DefaultListableBeanFactory [] - Creating shared instance of singleton bean 'org.springframework.context.event.internalEventListenerFactory'
2026-09-23 10:10:40.450 [restartedMain] DEBUG o.s.b.f.s.DefaultListableBeanFactory [] - Creating shared instance of singleton bean 'org.springframework.context.annotation.internalAutowiredAnnotationProcessor'
2026-09-23 10:10:40.450 [restartedMain] DEBUG o.s.b.f.s.DefaultListableBeanFactory [] - Creating shared instance of singleton bean 'org.springframework.context.annotation.internalCommonAnnotationProcessor'
2026-09-23 10:10:40.450 [restartedMain] DEBUG o.s.b.f.s.DefaultListableBeanFactory [] - Creating shared instance of singleton bean 'org.springframework.boot.context.properties.ConfigurationPropertiesBindingPostProcessor'
2026-09-23 10:10:40.450 [restartedMain] DEBUG o.s.b.f.s.DefaultListableBeanFactory [] - Creating shared instance of singleton bean 'org.springframework.boot.context.internalConfigurationPropertiesBinder'
2026-09-23 10:10:40.450 [restartedMain] DEBUG o.s.b.f.s.DefaultListableBeanFactory [] - Creating shared instance of singleton bean 'org.springframework.aop.config.internalAutoProxyCreator'
2026-09-23 10:10:40.451 [restartedMain] DEBUG o.s.b.f.s.DefaultListableBeanFactory [] - Creating shared instance of singleton bean 'org.springframework.aop.framework.autoproxy.defaultProxyConfig'
2026-09-23 10:10:40.451 [restartedMain] DEBUG o.s.b.f.s.DefaultListableBeanFactory [] - Creating shared instance of singleton bean 'webServerFactoryCustomizerBeanPostProcessor'
2026-09-23 10:10:40.451 [restartedMain] DEBUG o.s.b.f.s.DefaultListableBeanFactory [] - Creating shared instance of singleton bean 'errorPageRegistrarBeanPostProcessor'
2026-09-23 10:10:40.451 [restartedMain] DEBUG o.s.b.f.s.DefaultListableBeanFactory [] - Creating shared instance of singleton bean 'tomcatServletWebServerFactory'
2026-09-23 10:10:40.451 [restartedMain] DEBUG o.s.b.f.s.DefaultListableBeanFactory [] - Creating shared instance of singleton bean 'org.springframework.boot.tomcat.autoconfigure.servlet.TomcatServletWebServerAutoConfiguration'
2026-09-23 10:10:40.452 [restartedMain] DEBUG o.s.b.f.s.DefaultListableBeanFactory [] - Creating shared instance of singleton bean 'server.tomcat-org.springframework.boot.tomcat.autoconfigure.TomcatServerProperties'
2026-09-23 10:10:40.452 [restartedMain] DEBUG o.s.b.f.s.DefaultListableBeanFactory [] - Creating shared instance of singleton bean 'org.springframework.boot.context.properties.BoundConfigurationProperties'
2026-09-23 10:10:40.452 [restartedMain] DEBUG o.s.b.f.s.DefaultListableBeanFactory [] - Autowiring by type from bean name 'org.springframework.boot.tomcat.autoconfigure.servlet.TomcatServletWebServerAutoConfiguration' via constructor to bean named 'server.tomcat-org.springframework.boot.tomcat.autoconfigure.TomcatServerProperties'
2026-09-23 10:10:40.453 [restartedMain] DEBUG o.s.b.f.s.DefaultListableBeanFactory [] - Creating shared instance of singleton bean 'servletWebServerFactoryCustomizer'
2026-09-23 10:10:40.453 [restartedMain] DEBUG o.s.b.f.s.DefaultListableBeanFactory [] - Creating shared instance of singleton bean 'org.springframework.boot.web.server.autoconfigure.servlet.ServletWebServerConfiguration'
2026-09-23 10:10:40.453 [restartedMain] DEBUG o.s.b.f.s.DefaultListableBeanFactory [] - Creating shared instance of singleton bean 'server-org.springframework.boot.web.server.autoconfigure.ServerProperties'
2026-09-23 10:10:40.455 [restartedMain] DEBUG o.s.b.f.s.DefaultListableBeanFactory [] - Autowiring by type from bean name 'servletWebServerFactoryCustomizer' via factory method to bean named 'server-org.springframework.boot.web.server.autoconfigure.ServerProperties'
2026-09-23 10:10:40.455 [restartedMain] DEBUG o.s.b.f.s.DefaultListableBeanFactory [] - Creating shared instance of singleton bean 'sslBundleRegistry'
2026-09-23 10:10:40.455 [restartedMain] DEBUG o.s.b.f.s.DefaultListableBeanFactory [] - Creating shared instance of singleton bean 'org.springframework.boot.autoconfigure.ssl.SslAutoConfiguration'
2026-09-23 10:10:40.455 [restartedMain] DEBUG o.s.b.f.s.DefaultListableBeanFactory [] - Creating shared instance of singleton bean 'spring.ssl-org.springframework.boot.autoconfigure.ssl.SslProperties'
2026-09-23 10:10:40.455 [restartedMain] DEBUG o.s.b.f.s.DefaultListableBeanFactory [] - Autowiring by type from bean name 'org.springframework.boot.autoconfigure.ssl.SslAutoConfiguration' via constructor to bean named 'org.springframework.boot.web.server.servlet.context.AnnotationConfigServletWebServerApplicationContext@6bfc6c74'
2026-09-23 10:10:40.456 [restartedMain] DEBUG o.s.b.f.s.DefaultListableBeanFactory [] - Autowiring by type from bean name 'org.springframework.boot.autoconfigure.ssl.SslAutoConfiguration' via constructor to bean named 'spring.ssl-org.springframework.boot.autoconfigure.ssl.SslProperties'
2026-09-23 10:10:40.456 [restartedMain] DEBUG o.s.b.f.s.DefaultListableBeanFactory [] - Creating shared instance of singleton bean 'sslPropertiesSslBundleRegistrar'
2026-09-23 10:10:40.456 [restartedMain] DEBUG o.s.b.f.s.DefaultListableBeanFactory [] - Creating shared instance of singleton bean 'fileWatcher'
2026-09-23 10:10:40.456 [restartedMain] DEBUG o.s.b.f.s.DefaultListableBeanFactory [] - Autowiring by type from bean name 'sslPropertiesSslBundleRegistrar' via factory method to bean named 'fileWatcher'
2026-09-23 10:10:40.456 [restartedMain] DEBUG o.s.b.f.s.DefaultListableBeanFactory [] - Creating shared instance of singleton bean 'webSocketWebServerCustomizer'
2026-09-23 10:10:40.456 [restartedMain] DEBUG o.s.b.f.s.DefaultListableBeanFactory [] - Creating shared instance of singleton bean 'org.springframework.boot.tomcat.autoconfigure.TomcatWebServerConfiguration$TomcatWebSocketConfiguration'
2026-09-23 10:10:40.456 [restartedMain] DEBUG o.s.b.f.s.DefaultListableBeanFactory [] - Creating shared instance of singleton bean 'tomcatWebServerFactoryCustomizer'
2026-09-23 10:10:40.456 [restartedMain] DEBUG o.s.b.f.s.DefaultListableBeanFactory [] - Creating shared instance of singleton bean 'org.springframework.boot.tomcat.autoconfigure.TomcatWebServerConfiguration'
2026-09-23 10:10:40.457 [restartedMain] DEBUG o.s.b.f.s.DefaultListableBeanFactory [] - Creating shared instance of singleton bean 'spring.web-org.springframework.boot.autoconfigure.web.WebProperties'
2026-09-23 10:10:40.458 [restartedMain] DEBUG o.s.b.f.s.DefaultListableBeanFactory [] - Autowiring by type from bean name 'tomcatWebServerFactoryCustomizer' via factory method to bean named 'environment'
2026-09-23 10:10:40.458 [restartedMain] DEBUG o.s.b.f.s.DefaultListableBeanFactory [] - Autowiring by type from bean name 'tomcatWebServerFactoryCustomizer' via factory method to bean named 'server-org.springframework.boot.web.server.autoconfigure.ServerProperties'
2026-09-23 10:10:40.458 [restartedMain] DEBUG o.s.b.f.s.DefaultListableBeanFactory [] - Autowiring by type from bean name 'tomcatWebServerFactoryCustomizer' via factory method to bean named 'server.tomcat-org.springframework.boot.tomcat.autoconfigure.TomcatServerProperties'
2026-09-23 10:10:40.458 [restartedMain] DEBUG o.s.b.f.s.DefaultListableBeanFactory [] - Autowiring by type from bean name 'tomcatWebServerFactoryCustomizer' via factory method to bean named 'spring.web-org.springframework.boot.autoconfigure.web.WebProperties'
2026-09-23 10:10:40.458 [restartedMain] DEBUG o.s.b.f.s.DefaultListableBeanFactory [] - Creating shared instance of singleton bean 'tomcatServletWebServerFactoryCustomizer'
2026-09-23 10:10:40.458 [restartedMain] DEBUG o.s.b.f.s.DefaultListableBeanFactory [] - Autowiring by type from bean name 'tomcatServletWebServerFactoryCustomizer' via factory method to bean named 'server.tomcat-org.springframework.boot.tomcat.autoconfigure.TomcatServerProperties'
2026-09-23 10:10:40.458 [restartedMain] DEBUG o.s.b.f.s.DefaultListableBeanFactory [] - Creating shared instance of singleton bean 'errorPageCustomizer'
2026-09-23 10:10:40.458 [restartedMain] DEBUG o.s.b.f.s.DefaultListableBeanFactory [] - Creating shared instance of singleton bean 'org.springframework.boot.webmvc.autoconfigure.error.ErrorMvcAutoConfiguration'
2026-09-23 10:10:40.459 [restartedMain] DEBUG o.s.b.f.s.DefaultListableBeanFactory [] - Autowiring by type from bean name 'org.springframework.boot.webmvc.autoconfigure.error.ErrorMvcAutoConfiguration' via constructor to bean named 'spring.web-org.springframework.boot.autoconfigure.web.WebProperties'
2026-09-23 10:10:40.459 [restartedMain] DEBUG o.s.b.f.s.DefaultListableBeanFactory [] - Creating shared instance of singleton bean 'dispatcherServletRegistration'
2026-09-23 10:10:40.459 [restartedMain] DEBUG o.s.b.f.s.DefaultListableBeanFactory [] - Creating shared instance of singleton bean 'org.springframework.boot.webmvc.autoconfigure.DispatcherServletAutoConfiguration$DispatcherServletRegistrationConfiguration'
2026-09-23 10:10:40.459 [restartedMain] DEBUG o.s.b.f.s.DefaultListableBeanFactory [] - Creating shared instance of singleton bean 'dispatcherServlet'
2026-09-23 10:10:40.459 [restartedMain] DEBUG o.s.b.f.s.DefaultListableBeanFactory [] - Creating shared instance of singleton bean 'org.springframework.boot.webmvc.autoconfigure.DispatcherServletAutoConfiguration$DispatcherServletConfiguration'
2026-09-23 10:10:40.459 [restartedMain] DEBUG o.s.b.f.s.DefaultListableBeanFactory [] - Creating shared instance of singleton bean 'spring.mvc-org.springframework.boot.webmvc.autoconfigure.WebMvcProperties'
2026-09-23 10:10:40.459 [restartedMain] DEBUG o.s.b.f.s.DefaultListableBeanFactory [] - Autowiring by type from bean name 'dispatcherServlet' via factory method to bean named 'spring.mvc-org.springframework.boot.webmvc.autoconfigure.WebMvcProperties'
2026-09-23 10:10:40.459 [restartedMain] DEBUG o.s.b.f.s.DefaultListableBeanFactory [] - Autowiring by type from bean name 'dispatcherServletRegistration' via factory method to bean named 'dispatcherServlet'
2026-09-23 10:10:40.459 [restartedMain] DEBUG o.s.b.f.s.DefaultListableBeanFactory [] - Autowiring by type from bean name 'dispatcherServletRegistration' via factory method to bean named 'spring.mvc-org.springframework.boot.webmvc.autoconfigure.WebMvcProperties'
2026-09-23 10:10:40.460 [restartedMain] DEBUG o.s.b.f.s.DefaultListableBeanFactory [] - Creating shared instance of singleton bean 'multipartConfigElement'
2026-09-23 10:10:40.460 [restartedMain] DEBUG o.s.b.f.s.DefaultListableBeanFactory [] - Creating shared instance of singleton bean 'org.springframework.boot.servlet.autoconfigure.MultipartAutoConfiguration'
2026-09-23 10:10:40.460 [restartedMain] DEBUG o.s.b.f.s.DefaultListableBeanFactory [] - Creating shared instance of singleton bean 'spring.servlet.multipart-org.springframework.boot.servlet.autoconfigure.MultipartProperties'
2026-09-23 10:10:40.460 [restartedMain] DEBUG o.s.b.f.s.DefaultListableBeanFactory [] - Autowiring by type from bean name 'org.springframework.boot.servlet.autoconfigure.MultipartAutoConfiguration' via constructor to bean named 'spring.servlet.multipart-org.springframework.boot.servlet.autoconfigure.MultipartProperties'
2026-09-23 10:10:40.460 [restartedMain] DEBUG o.s.b.f.s.DefaultListableBeanFactory [] - Autowiring by type from bean name 'errorPageCustomizer' via factory method to bean named 'dispatcherServletRegistration'
2026-09-23 10:10:40.462 [restartedMain] DEBUG o.apache.catalina.core.ContainerBase [] - Add container child [StandardHost[localhost]] to container [StandardEngine[Tomcat]]
2026-09-23 10:10:40.462 [restartedMain] DEBUG o.s.b.t.s.TomcatServletWebServerFactory [] - Code archive: D:\Tools\maven_jar\org\springframework\boot\spring-boot-web-server\4.1.1\spring-boot-web-server-4.1.1.jar
2026-09-23 10:10:40.462 [restartedMain] DEBUG o.s.b.t.s.TomcatServletWebServerFactory [] - Code archive: D:\Tools\maven_jar\org\springframework\boot\spring-boot-web-server\4.1.1\spring-boot-web-server-4.1.1.jar
2026-09-23 10:10:40.462 [restartedMain] DEBUG o.s.b.t.s.TomcatServletWebServerFactory [] - None of the document roots [src/main/webapp, public, static] point to a directory and will be ignored.
2026-09-23 10:10:40.462 [restartedMain] DEBUG o.apache.catalina.core.ContainerBase [] - Add container child [TomcatEmbeddedContext[]] to container [StandardEngine[Tomcat].StandardHost[localhost]]
2026-09-23 10:10:40.466 [restartedMain] INFO  o.s.boot.tomcat.TomcatWebServer [] - Tomcat initialized with port 8003 (http)
2026-09-23 10:10:40.467 [restartedMain] DEBUG o.apache.catalina.util.LifecycleBase [] - Setting state for [StandardServer[-1]] to [INITIALIZING]
2026-09-23 10:10:40.467 [restartedMain] DEBUG o.apache.catalina.util.LifecycleBase [] - Setting state for [org.apache.catalina.deploy.NamingResourcesImpl@3b70fdac] to [INITIALIZING]
2026-09-23 10:10:40.467 [restartedMain] DEBUG o.apache.catalina.util.LifecycleBase [] - Setting state for [org.apache.catalina.deploy.NamingResourcesImpl@3b70fdac] to [INITIALIZED]
2026-09-23 10:10:40.467 [restartedMain] DEBUG o.apache.catalina.util.LifecycleBase [] - Setting state for [StandardService[Tomcat]] to [INITIALIZING]
2026-09-23 10:10:40.467 [restartedMain] DEBUG o.apache.catalina.util.LifecycleBase [] - Setting state for [StandardEngine[Tomcat]] to [INITIALIZING]
2026-09-23 10:10:40.467 [restartedMain] DEBUG o.apache.catalina.util.LifecycleBase [] - Setting state for [StandardEngine[Tomcat]] to [INITIALIZED]
2026-09-23 10:10:40.467 [restartedMain] DEBUG o.apache.catalina.util.LifecycleBase [] - Setting state for [org.apache.catalina.mapper.MapperListener@11f166fc] to [INITIALIZING]
2026-09-23 10:10:40.467 [restartedMain] DEBUG o.apache.catalina.util.LifecycleBase [] - Setting state for [org.apache.catalina.mapper.MapperListener@11f166fc] to [INITIALIZED]
2026-09-23 10:10:40.467 [restartedMain] DEBUG o.apache.catalina.util.LifecycleBase [] - Setting state for [Connector["http-nio-8003"]] to [INITIALIZING]
2026-09-23 10:10:40.467 [restartedMain] INFO  o.a.coyote.http11.Http11NioProtocol [] - Initializing ProtocolHandler ["http-nio-8003"]
2026-09-23 10:10:40.467 [restartedMain] DEBUG o.apache.catalina.util.LifecycleBase [] - Setting state for [Connector["http-nio-8003"]] to [INITIALIZED]
2026-09-23 10:10:40.467 [restartedMain] DEBUG o.apache.catalina.util.LifecycleBase [] - Setting state for [StandardService[Tomcat]] to [INITIALIZED]
2026-09-23 10:10:40.467 [restartedMain] DEBUG o.apache.catalina.util.LifecycleBase [] - Setting state for [StandardServer[-1]] to [INITIALIZED]
2026-09-23 10:10:40.467 [restartedMain] DEBUG o.apache.catalina.util.LifecycleBase [] - Setting state for [StandardServer[-1]] to [STARTING_PREP]
2026-09-23 10:10:40.467 [restartedMain] DEBUG o.apache.catalina.util.LifecycleBase [] - Setting state for [StandardServer[-1]] to [STARTING]
2026-09-23 10:10:40.467 [restartedMain] DEBUG o.apache.catalina.util.LifecycleBase [] - Setting state for [org.apache.catalina.deploy.NamingResourcesImpl@3b70fdac] to [STARTING_PREP]
2026-09-23 10:10:40.467 [restartedMain] DEBUG o.apache.catalina.util.LifecycleBase [] - Setting state for [org.apache.catalina.deploy.NamingResourcesImpl@3b70fdac] to [STARTING]
2026-09-23 10:10:40.467 [restartedMain] DEBUG o.apache.catalina.util.LifecycleBase [] - Setting state for [org.apache.catalina.deploy.NamingResourcesImpl@3b70fdac] to [STARTED]
2026-09-23 10:10:40.467 [restartedMain] DEBUG o.apache.catalina.util.LifecycleBase [] - Setting state for [StandardService[Tomcat]] to [STARTING_PREP]
2026-09-23 10:10:40.467 [restartedMain] INFO  o.a.catalina.core.StandardService [] - Starting service [Tomcat]
2026-09-23 10:10:40.467 [restartedMain] DEBUG o.apache.catalina.util.LifecycleBase [] - Setting state for [StandardService[Tomcat]] to [STARTING]
2026-09-23 10:10:40.467 [restartedMain] DEBUG o.apache.catalina.util.LifecycleBase [] - Setting state for [StandardEngine[Tomcat]] to [STARTING_PREP]
2026-09-23 10:10:40.467 [restartedMain] INFO  o.a.catalina.core.StandardEngine [] - Starting Servlet engine: [Apache Tomcat/11.0.24]
2026-09-23 10:10:40.467 [restartedMain] DEBUG o.apache.catalina.util.LifecycleBase [] - Setting state for [SimpleRealm[StandardEngine[Tomcat]]] to [INITIALIZING]
2026-09-23 10:10:40.467 [restartedMain] DEBUG o.apache.catalina.util.LifecycleBase [] - Setting state for [SimpleRealm[StandardEngine[Tomcat]]] to [INITIALIZED]
2026-09-23 10:10:40.467 [restartedMain] DEBUG o.apache.catalina.util.LifecycleBase [] - Setting state for [SimpleRealm[StandardEngine[Tomcat]]] to [STARTING_PREP]
2026-09-23 10:10:40.467 [restartedMain] DEBUG o.apache.catalina.util.LifecycleBase [] - Setting state for [SimpleRealm[StandardEngine[Tomcat]]] to [STARTING]
2026-09-23 10:10:40.467 [restartedMain] DEBUG o.apache.catalina.util.LifecycleBase [] - Setting state for [SimpleRealm[StandardEngine[Tomcat]]] to [STARTED]
2026-09-23 10:10:40.467 [restartedMain] DEBUG o.apache.catalina.util.LifecycleBase [] - Setting state for [StandardEngine[Tomcat].StandardHost[localhost]] to [INITIALIZING]
2026-09-23 10:10:40.467 [restartedMain] DEBUG o.apache.catalina.util.LifecycleBase [] - Setting state for [StandardEngine[Tomcat].StandardHost[localhost]] to [INITIALIZED]
2026-09-23 10:10:40.467 [restartedMain] DEBUG o.apache.catalina.util.LifecycleBase [] - Setting state for [StandardEngine[Tomcat].StandardHost[localhost]] to [STARTING_PREP]
2026-09-23 10:10:40.467 [restartedMain] DEBUG o.apache.catalina.util.LifecycleBase [] - Setting state for [StandardEngine[Tomcat].StandardHost[localhost].TomcatEmbeddedContext[]] to [INITIALIZING]
2026-09-23 10:10:40.471 [restartedMain] DEBUG o.apache.catalina.util.LifecycleBase [] - Setting state for [StandardEngine[Tomcat].StandardHost[localhost].TomcatEmbeddedContext[]] to [INITIALIZED]
2026-09-23 10:10:40.471 [restartedMain] DEBUG o.apache.catalina.util.LifecycleBase [] - Setting state for [StandardEngine[Tomcat].StandardHost[localhost].TomcatEmbeddedContext[]] to [STARTING_PREP]
2026-09-23 10:10:40.474 [restartedMain] DEBUG o.apache.catalina.util.LifecycleBase [] - Setting state for [org.apache.catalina.webresources.StandardRoot@bc07a85] to [INITIALIZING]
2026-09-23 10:10:40.474 [restartedMain] DEBUG o.apache.catalina.util.LifecycleBase [] - Setting state for [org.apache.catalina.webresources.StandardRoot@bc07a85] to [INITIALIZED]
2026-09-23 10:10:40.474 [restartedMain] DEBUG o.apache.catalina.util.LifecycleBase [] - Setting state for [org.apache.catalina.webresources.StandardRoot@bc07a85] to [STARTING_PREP]
2026-09-23 10:10:40.474 [restartedMain] DEBUG o.apache.catalina.util.LifecycleBase [] - Setting state for [org.apache.catalina.webresources.DirResourceSet@7456a82e] to [INITIALIZING]
2026-09-23 10:10:40.474 [restartedMain] DEBUG o.apache.catalina.util.LifecycleBase [] - Setting state for [org.apache.catalina.webresources.DirResourceSet@7456a82e] to [INITIALIZED]
2026-09-23 10:10:40.474 [restartedMain] DEBUG o.apache.catalina.util.LifecycleBase [] - Setting state for [org.apache.catalina.webresources.DirResourceSet@7456a82e] to [STARTING_PREP]
2026-09-23 10:10:40.474 [restartedMain] DEBUG o.apache.catalina.util.LifecycleBase [] - Setting state for [org.apache.catalina.webresources.DirResourceSet@7456a82e] to [STARTING]
2026-09-23 10:10:40.474 [restartedMain] DEBUG o.apache.catalina.util.LifecycleBase [] - Setting state for [org.apache.catalina.webresources.DirResourceSet@7456a82e] to [STARTED]
2026-09-23 10:10:40.474 [restartedMain] DEBUG o.apache.catalina.util.LifecycleBase [] - Setting state for [org.apache.catalina.webresources.StandardRoot@bc07a85] to [STARTING]
2026-09-23 10:10:40.474 [restartedMain] DEBUG o.apache.catalina.util.LifecycleBase [] - Setting state for [org.apache.catalina.webresources.StandardRoot@bc07a85] to [STARTED]
2026-09-23 10:10:40.475 [restartedMain] DEBUG o.apache.catalina.util.LifecycleBase [] - Setting state for [WebappLoader[StandardEngine[Tomcat].StandardHost[localhost].TomcatEmbeddedContext[]]] to [INITIALIZING]
2026-09-23 10:10:40.475 [restartedMain] DEBUG o.apache.catalina.util.LifecycleBase [] - Setting state for [WebappLoader[StandardEngine[Tomcat].StandardHost[localhost].TomcatEmbeddedContext[]]] to [INITIALIZED]
2026-09-23 10:10:40.475 [restartedMain] DEBUG o.apache.catalina.util.LifecycleBase [] - Setting state for [WebappLoader[StandardEngine[Tomcat].StandardHost[localhost].TomcatEmbeddedContext[]]] to [STARTING_PREP]
2026-09-23 10:10:40.475 [restartedMain] DEBUG o.a.catalina.loader.WebappLoader [] - Starting this Loader
2026-09-23 10:10:40.476 [restartedMain] DEBUG o.apache.catalina.webresources.Cache [] - Increased cache size by [531] for item [org.apache.catalina.webresources.CachedResource@1d72b733] at [/WEB-INF/classes] making total cache size [531]
2026-09-23 10:10:40.476 [restartedMain] DEBUG o.apache.catalina.util.LifecycleBase [] - Setting state for [WebappLoader[StandardEngine[Tomcat].StandardHost[localhost].TomcatEmbeddedContext[]]] to [STARTING]
2026-09-23 10:10:40.476 [restartedMain] DEBUG o.apache.catalina.util.LifecycleBase [] - Setting state for [WebappLoader[StandardEngine[Tomcat].StandardHost[localhost].TomcatEmbeddedContext[]]] to [STARTED]
2026-09-23 10:10:40.476 [restartedMain] DEBUG o.apache.catalina.util.LifecycleBase [] - Setting state for [StandardPipeline[StandardEngine[Tomcat].StandardHost[localhost].TomcatEmbeddedContext[]]] to [INITIALIZING]
2026-09-23 10:10:40.476 [restartedMain] DEBUG o.apache.catalina.util.LifecycleBase [] - Setting state for [StandardPipeline[StandardEngine[Tomcat].StandardHost[localhost].TomcatEmbeddedContext[]]] to [INITIALIZED]
2026-09-23 10:10:40.476 [restartedMain] DEBUG o.apache.catalina.util.LifecycleBase [] - Setting state for [StandardPipeline[StandardEngine[Tomcat].StandardHost[localhost].TomcatEmbeddedContext[]]] to [STARTING_PREP]
2026-09-23 10:10:40.477 [restartedMain] DEBUG o.apache.catalina.util.LifecycleBase [] - Setting state for [NonLoginAuthenticator[StandardEngine[Tomcat].StandardHost[localhost].TomcatEmbeddedContext[]]] to [INITIALIZING]
2026-09-23 10:10:40.477 [restartedMain] DEBUG o.apache.catalina.util.LifecycleBase [] - Setting state for [NonLoginAuthenticator[StandardEngine[Tomcat].StandardHost[localhost].TomcatEmbeddedContext[]]] to [INITIALIZED]
2026-09-23 10:10:40.477 [restartedMain] DEBUG o.apache.catalina.util.LifecycleBase [] - Setting state for [NonLoginAuthenticator[StandardEngine[Tomcat].StandardHost[localhost].TomcatEmbeddedContext[]]] to [STARTING_PREP]
2026-09-23 10:10:40.477 [restartedMain] DEBUG o.apache.catalina.util.LifecycleBase [] - Setting state for [NonLoginAuthenticator[StandardEngine[Tomcat].StandardHost[localhost].TomcatEmbeddedContext[]]] to [STARTING]
2026-09-23 10:10:40.477 [restartedMain] DEBUG o.apache.catalina.util.LifecycleBase [] - Setting state for [NonLoginAuthenticator[StandardEngine[Tomcat].StandardHost[localhost].TomcatEmbeddedContext[]]] to [STARTED]
2026-09-23 10:10:40.477 [restartedMain] DEBUG o.apache.catalina.util.LifecycleBase [] - Setting state for [StandardContextValve[StandardEngine[Tomcat].StandardHost[localhost].TomcatEmbeddedContext[]]] to [INITIALIZING]
2026-09-23 10:10:40.477 [restartedMain] DEBUG o.apache.catalina.util.LifecycleBase [] - Setting state for [StandardContextValve[StandardEngine[Tomcat].StandardHost[localhost].TomcatEmbeddedContext[]]] to [INITIALIZED]
2026-09-23 10:10:40.477 [restartedMain] DEBUG o.apache.catalina.util.LifecycleBase [] - Setting state for [StandardContextValve[StandardEngine[Tomcat].StandardHost[localhost].TomcatEmbeddedContext[]]] to [STARTING_PREP]
2026-09-23 10:10:40.477 [restartedMain] DEBUG o.apache.catalina.util.LifecycleBase [] - Setting state for [StandardContextValve[StandardEngine[Tomcat].StandardHost[localhost].TomcatEmbeddedContext[]]] to [STARTING]
2026-09-23 10:10:40.477 [restartedMain] DEBUG o.apache.catalina.util.LifecycleBase [] - Setting state for [StandardContextValve[StandardEngine[Tomcat].StandardHost[localhost].TomcatEmbeddedContext[]]] to [STARTED]
2026-09-23 10:10:40.477 [restartedMain] DEBUG o.apache.catalina.util.LifecycleBase [] - Setting state for [StandardPipeline[StandardEngine[Tomcat].StandardHost[localhost].TomcatEmbeddedContext[]]] to [STARTING]
2026-09-23 10:10:40.477 [restartedMain] DEBUG o.apache.catalina.util.LifecycleBase [] - Setting state for [StandardPipeline[StandardEngine[Tomcat].StandardHost[localhost].TomcatEmbeddedContext[]]] to [STARTED]
2026-09-23 10:10:40.477 [restartedMain] DEBUG o.apache.catalina.util.LifecycleBase [] - Setting state for [org.apache.catalina.deploy.NamingResourcesImpl@49fe71f5] to [INITIALIZING]
2026-09-23 10:10:40.477 [restartedMain] DEBUG o.apache.catalina.util.LifecycleBase [] - Setting state for [org.apache.catalina.deploy.NamingResourcesImpl@49fe71f5] to [INITIALIZED]
2026-09-23 10:10:40.477 [restartedMain] DEBUG o.apache.catalina.util.LifecycleBase [] - Setting state for [org.apache.catalina.deploy.NamingResourcesImpl@49fe71f5] to [STARTING_PREP]
2026-09-23 10:10:40.477 [restartedMain] DEBUG o.apache.catalina.util.LifecycleBase [] - Setting state for [org.apache.catalina.deploy.NamingResourcesImpl@49fe71f5] to [STARTING]
2026-09-23 10:10:40.477 [restartedMain] DEBUG o.apache.catalina.util.LifecycleBase [] - Setting state for [org.apache.catalina.deploy.NamingResourcesImpl@49fe71f5] to [STARTED]
2026-09-23 10:10:40.477 [restartedMain] DEBUG o.s.b.w.c.s.WebApplicationContextInitializer [] - Published root WebApplicationContext as ServletContext attribute with name [org.springframework.web.context.WebApplicationContext.ROOT]
2026-09-23 10:10:40.477 [restartedMain] INFO  o.s.b.w.c.s.WebApplicationContextInitializer [] - Root WebApplicationContext: initialization completed in 76 ms
2026-09-23 10:10:40.478 [restartedMain] DEBUG o.s.b.f.s.DefaultListableBeanFactory [] - Creating shared instance of singleton bean 'requestContextFilter'
2026-09-23 10:10:40.478 [restartedMain] DEBUG o.s.b.f.s.DefaultListableBeanFactory [] - Creating shared instance of singleton bean 'formContentFilter'
2026-09-23 10:10:40.478 [restartedMain] DEBUG o.s.b.f.s.DefaultListableBeanFactory [] - Creating shared instance of singleton bean 'org.springframework.boot.webmvc.autoconfigure.WebMvcAutoConfiguration'
2026-09-23 10:10:40.478 [restartedMain] DEBUG o.s.b.f.s.DefaultListableBeanFactory [] - Creating shared instance of singleton bean 'characterEncodingFilter'
2026-09-23 10:10:40.478 [restartedMain] DEBUG o.s.b.f.s.DefaultListableBeanFactory [] - Creating shared instance of singleton bean 'org.springframework.boot.servlet.autoconfigure.HttpEncodingAutoConfiguration'
2026-09-23 10:10:40.478 [restartedMain] DEBUG o.s.b.f.s.DefaultListableBeanFactory [] - Creating shared instance of singleton bean 'spring.servlet.encoding-org.springframework.boot.servlet.autoconfigure.ServletEncodingProperties'
2026-09-23 10:10:40.478 [restartedMain] DEBUG o.s.b.f.s.DefaultListableBeanFactory [] - Autowiring by type from bean name 'characterEncodingFilter' via factory method to bean named 'spring.servlet.encoding-org.springframework.boot.servlet.autoconfigure.ServletEncodingProperties'
2026-09-23 10:10:40.480 [restartedMain] DEBUG o.s.b.w.s.ServletContextInitializerBeans [] - Mapping filters: characterEncodingFilter urls=[/*] order=-2147483648, formContentFilter urls=[/*] order=-9900, requestContextFilter urls=[/*] order=-105
2026-09-23 10:10:40.480 [restartedMain] DEBUG o.s.b.w.s.ServletContextInitializerBeans [] - Mapping servlets: dispatcherServlet urls=[/]
2026-09-23 10:10:40.480 [restartedMain] DEBUG o.apache.catalina.core.ContainerBase [] - Add container child [StandardWrapper[dispatcherServlet]] to container [StandardEngine[Tomcat].StandardHost[localhost].TomcatEmbeddedContext[]]
2026-09-23 10:10:40.480 [restartedMain] DEBUG o.apache.catalina.util.LifecycleBase [] - Setting state for [StandardEngine[Tomcat].StandardHost[localhost].TomcatEmbeddedContext[].StandardWrapper[dispatcherServlet]] to [INITIALIZING]
2026-09-23 10:10:40.480 [restartedMain] DEBUG o.apache.catalina.util.LifecycleBase [] - Setting state for [StandardEngine[Tomcat].StandardHost[localhost].TomcatEmbeddedContext[].StandardWrapper[dispatcherServlet]] to [INITIALIZED]
2026-09-23 10:10:40.480 [restartedMain] DEBUG o.apache.catalina.util.LifecycleBase [] - Setting state for [StandardEngine[Tomcat].StandardHost[localhost].TomcatEmbeddedContext[].StandardWrapper[dispatcherServlet]] to [STARTING_PREP]
2026-09-23 10:10:40.480 [restartedMain] DEBUG o.apache.catalina.util.LifecycleBase [] - Setting state for [StandardPipeline[StandardEngine[Tomcat].StandardHost[localhost].TomcatEmbeddedContext[].StandardWrapper[dispatcherServlet]]] to [INITIALIZING]
2026-09-23 10:10:40.480 [restartedMain] DEBUG o.apache.catalina.util.LifecycleBase [] - Setting state for [StandardPipeline[StandardEngine[Tomcat].StandardHost[localhost].TomcatEmbeddedContext[].StandardWrapper[dispatcherServlet]]] to [INITIALIZED]
2026-09-23 10:10:40.480 [restartedMain] DEBUG o.apache.catalina.util.LifecycleBase [] - Setting state for [StandardPipeline[StandardEngine[Tomcat].StandardHost[localhost].TomcatEmbeddedContext[].StandardWrapper[dispatcherServlet]]] to [STARTING_PREP]
2026-09-23 10:10:40.480 [restartedMain] DEBUG o.apache.catalina.util.LifecycleBase [] - Setting state for [StandardWrapperValve[StandardEngine[Tomcat].StandardHost[localhost].TomcatEmbeddedContext[].StandardWrapper[dispatcherServlet]]] to [INITIALIZING]
2026-09-23 10:10:40.480 [restartedMain] DEBUG o.apache.catalina.util.LifecycleBase [] - Setting state for [StandardWrapperValve[StandardEngine[Tomcat].StandardHost[localhost].TomcatEmbeddedContext[].StandardWrapper[dispatcherServlet]]] to [INITIALIZED]
2026-09-23 10:10:40.480 [restartedMain] DEBUG o.apache.catalina.util.LifecycleBase [] - Setting state for [StandardWrapperValve[StandardEngine[Tomcat].StandardHost[localhost].TomcatEmbeddedContext[].StandardWrapper[dispatcherServlet]]] to [STARTING_PREP]
2026-09-23 10:10:40.480 [restartedMain] DEBUG o.apache.catalina.util.LifecycleBase [] - Setting state for [StandardWrapperValve[StandardEngine[Tomcat].StandardHost[localhost].TomcatEmbeddedContext[].StandardWrapper[dispatcherServlet]]] to [STARTING]
2026-09-23 10:10:40.480 [restartedMain] DEBUG o.apache.catalina.util.LifecycleBase [] - Setting state for [StandardWrapperValve[StandardEngine[Tomcat].StandardHost[localhost].TomcatEmbeddedContext[].StandardWrapper[dispatcherServlet]]] to [STARTED]
2026-09-23 10:10:40.480 [restartedMain] DEBUG o.apache.catalina.util.LifecycleBase [] - Setting state for [StandardPipeline[StandardEngine[Tomcat].StandardHost[localhost].TomcatEmbeddedContext[].StandardWrapper[dispatcherServlet]]] to [STARTING]
2026-09-23 10:10:40.480 [restartedMain] DEBUG o.apache.catalina.util.LifecycleBase [] - Setting state for [StandardPipeline[StandardEngine[Tomcat].StandardHost[localhost].TomcatEmbeddedContext[].StandardWrapper[dispatcherServlet]]] to [STARTED]
2026-09-23 10:10:40.480 [restartedMain] DEBUG o.apache.catalina.util.LifecycleBase [] - Setting state for [StandardEngine[Tomcat].StandardHost[localhost].TomcatEmbeddedContext[].StandardWrapper[dispatcherServlet]] to [STARTING]
2026-09-23 10:10:40.480 [restartedMain] DEBUG o.apache.catalina.util.LifecycleBase [] - Setting state for [StandardEngine[Tomcat].StandardHost[localhost].TomcatEmbeddedContext[].StandardWrapper[dispatcherServlet]] to [STARTED]
2026-09-23 10:10:40.480 [restartedMain] DEBUG o.apache.catalina.util.LifecycleBase [] - Setting state for [StandardManager[StandardEngine[Tomcat].StandardHost[localhost].TomcatEmbeddedContext[]]] to [INITIALIZING]
2026-09-23 10:10:40.480 [restartedMain] DEBUG o.apache.catalina.util.LifecycleBase [] - Setting state for [StandardManager[StandardEngine[Tomcat].StandardHost[localhost].TomcatEmbeddedContext[]]] to [INITIALIZED]
2026-09-23 10:10:40.480 [restartedMain] DEBUG o.apache.catalina.util.LifecycleBase [] - Setting state for [StandardManager[StandardEngine[Tomcat].StandardHost[localhost].TomcatEmbeddedContext[]]] to [STARTING_PREP]
2026-09-23 10:10:40.480 [restartedMain] DEBUG o.apache.catalina.util.LifecycleBase [] - Setting state for [org.springframework.boot.tomcat.LazySessionIdGenerator@1c5eb2eb] to [INITIALIZING]
2026-09-23 10:10:40.480 [restartedMain] DEBUG o.apache.catalina.util.LifecycleBase [] - Setting state for [org.springframework.boot.tomcat.LazySessionIdGenerator@1c5eb2eb] to [INITIALIZED]
2026-09-23 10:10:40.481 [restartedMain] DEBUG o.apache.catalina.util.LifecycleBase [] - Setting state for [org.springframework.boot.tomcat.LazySessionIdGenerator@1c5eb2eb] to [STARTING_PREP]
2026-09-23 10:10:40.481 [restartedMain] DEBUG o.apache.catalina.util.LifecycleBase [] - Setting state for [org.springframework.boot.tomcat.LazySessionIdGenerator@1c5eb2eb] to [STARTING]
2026-09-23 10:10:40.481 [restartedMain] DEBUG o.apache.catalina.util.LifecycleBase [] - Setting state for [org.springframework.boot.tomcat.LazySessionIdGenerator@1c5eb2eb] to [STARTED]
2026-09-23 10:10:40.481 [restartedMain] DEBUG o.a.catalina.session.StandardManager [] - Persisted data file [C:\Users\zff06\AppData\Local\Temp\1E156B3D13D52CB8BCE045945FDCCDCFF4D52EA3\servlet-sessions\SESSIONS.ser] was not found
java.io.FileNotFoundException: C:\Users\zff06\AppData\Local\Temp\1E156B3D13D52CB8BCE045945FDCCDCFF4D52EA3\servlet-sessions\SESSIONS.ser (系统找不到指定的文件。)
	at java.base/java.io.FileInputStream.open0(Native Method)
	at java.base/java.io.FileInputStream.open(FileInputStream.java:213)
	at java.base/java.io.FileInputStream.<init>(FileInputStream.java:152)
	at java.base/java.io.FileInputStream.<init>(FileInputStream.java:106)
	at org.apache.catalina.session.StandardManager.load(StandardManager.java:132)
	at org.apache.catalina.session.StandardManager.startInternal(StandardManager.java:265)
	at org.apache.catalina.util.LifecycleBase.start(LifecycleBase.java:170)
	at org.apache.catalina.core.StandardContext.startInternal(StandardContext.java:4600)
	at org.apache.catalina.util.LifecycleBase.start(LifecycleBase.java:170)
	at org.apache.catalina.core.ContainerBase$StartChild.call(ContainerBase.java:1204)
	at org.apache.catalina.core.ContainerBase$StartChild.call(ContainerBase.java:1200)
	at java.base/java.util.concurrent.FutureTask.run(FutureTask.java:317)
	at org.apache.tomcat.util.threads.InlineExecutorService.execute(InlineExecutorService.java:92)
	at java.base/java.util.concurrent.AbstractExecutorService.submit(AbstractExecutorService.java:145)
	at org.apache.catalina.core.ContainerBase.startInternal(ContainerBase.java:732)
	at org.apache.catalina.core.StandardHost.startInternal(StandardHost.java:794)
	at org.apache.catalina.util.LifecycleBase.start(LifecycleBase.java:170)
	at org.apache.catalina.core.ContainerBase$StartChild.call(ContainerBase.java:1204)
	at org.apache.catalina.core.ContainerBase$StartChild.call(ContainerBase.java:1200)
	at java.base/java.util.concurrent.FutureTask.run(FutureTask.java:317)
	at org.apache.tomcat.util.threads.InlineExecutorService.execute(InlineExecutorService.java:92)
	at java.base/java.util.concurrent.AbstractExecutorService.submit(AbstractExecutorService.java:145)
	at org.apache.catalina.core.ContainerBase.startInternal(ContainerBase.java:732)
	at org.apache.catalina.core.StandardEngine.startInternal(StandardEngine.java:201)
	at org.apache.catalina.util.LifecycleBase.start(LifecycleBase.java:170)
	at org.apache.catalina.core.StandardService.startInternal(StandardService.java:433)
	at org.apache.catalina.util.LifecycleBase.start(LifecycleBase.java:170)
	at org.apache.catalina.core.StandardServer.startInternal(StandardServer.java:871)
	at org.apache.catalina.util.LifecycleBase.start(LifecycleBase.java:170)
	at org.apache.catalina.startup.Tomcat.start(Tomcat.java:452)
	at org.springframework.boot.tomcat.TomcatWebServer.initialize(TomcatWebServer.java:131)
	at org.springframework.boot.tomcat.TomcatWebServer.<init>(TomcatWebServer.java:110)
	at org.springframework.boot.tomcat.servlet.TomcatServletWebServerFactory.getTomcatWebServer(TomcatServletWebServerFactory.java:429)
	at org.springframework.boot.tomcat.servlet.TomcatServletWebServerFactory.getWebServer(TomcatServletWebServerFactory.java:167)
	at org.springframework.boot.web.server.servlet.context.ServletWebServerApplicationContext.createWebServer(ServletWebServerApplicationContext.java:190)
	at org.springframework.boot.web.server.servlet.context.ServletWebServerApplicationContext.onRefresh(ServletWebServerApplicationContext.java:164)
	at org.springframework.context.support.AbstractApplicationContext.refresh(AbstractApplicationContext.java:615)
	at org.springframework.boot.web.server.servlet.context.ServletWebServerApplicationContext.refresh(ServletWebServerApplicationContext.java:143)
	at org.springframework.boot.SpringApplication.refresh(SpringApplication.java:756)
	at org.springframework.boot.SpringApplication.refreshContext(SpringApplication.java:445)
	at org.springframework.boot.SpringApplication.run(SpringApplication.java:321)
	at org.springframework.boot.SpringApplication.run(SpringApplication.java:1365)
	at org.springframework.boot.SpringApplication.run(SpringApplication.java:1354)
	at top.zff06.logging.LoggingApplication.main(LoggingApplication.java:14)
	at java.base/jdk.internal.reflect.DirectMethodHandleAccessor.invoke(DirectMethodHandleAccessor.java:103)
	at java.base/java.lang.reflect.Method.invoke(Method.java:580)
	at org.springframework.boot.devtools.restart.RestartLauncher.run(RestartLauncher.java:52)
2026-09-23 10:10:40.481 [restartedMain] DEBUG o.apache.catalina.util.LifecycleBase [] - Setting state for [StandardManager[StandardEngine[Tomcat].StandardHost[localhost].TomcatEmbeddedContext[]]] to [STARTING]
2026-09-23 10:10:40.481 [restartedMain] DEBUG o.apache.catalina.util.LifecycleBase [] - Setting state for [StandardManager[StandardEngine[Tomcat].StandardHost[localhost].TomcatEmbeddedContext[]]] to [STARTED]
2026-09-23 10:10:40.481 [restartedMain] DEBUG o.s.b.s.f.OrderedRequestContextFilter [] - Filter 'requestContextFilter' configured for use
2026-09-23 10:10:40.481 [restartedMain] DEBUG o.s.b.s.f.OrderedCharacterEncodingFilter [] - Filter 'characterEncodingFilter' configured for use
2026-09-23 10:10:40.481 [restartedMain] DEBUG o.s.b.s.f.OrderedFormContentFilter [] - Filter 'formContentFilter' configured for use
2026-09-23 10:10:40.481 [restartedMain] DEBUG o.apache.catalina.util.LifecycleBase [] - Setting state for [StandardEngine[Tomcat].StandardHost[localhost].TomcatEmbeddedContext[]] to [STARTING]
2026-09-23 10:10:40.481 [restartedMain] DEBUG o.apache.catalina.util.LifecycleBase [] - Setting state for [StandardEngine[Tomcat].StandardHost[localhost].TomcatEmbeddedContext[]] to [STARTED]
2026-09-23 10:10:40.481 [restartedMain] DEBUG o.apache.catalina.util.LifecycleBase [] - Setting state for [StandardPipeline[StandardEngine[Tomcat].StandardHost[localhost]]] to [INITIALIZING]
2026-09-23 10:10:40.481 [restartedMain] DEBUG o.apache.catalina.util.LifecycleBase [] - Setting state for [StandardPipeline[StandardEngine[Tomcat].StandardHost[localhost]]] to [INITIALIZED]
2026-09-23 10:10:40.481 [restartedMain] DEBUG o.apache.catalina.util.LifecycleBase [] - Setting state for [StandardPipeline[StandardEngine[Tomcat].StandardHost[localhost]]] to [STARTING_PREP]
2026-09-23 10:10:40.481 [restartedMain] DEBUG o.apache.catalina.util.LifecycleBase [] - Setting state for [ErrorReportValve[StandardEngine[Tomcat].StandardHost[localhost]]] to [INITIALIZING]
2026-09-23 10:10:40.481 [restartedMain] DEBUG o.apache.catalina.util.LifecycleBase [] - Setting state for [ErrorReportValve[StandardEngine[Tomcat].StandardHost[localhost]]] to [INITIALIZED]
2026-09-23 10:10:40.481 [restartedMain] DEBUG o.apache.catalina.util.LifecycleBase [] - Setting state for [ErrorReportValve[StandardEngine[Tomcat].StandardHost[localhost]]] to [STARTING_PREP]
2026-09-23 10:10:40.481 [restartedMain] DEBUG o.apache.catalina.util.LifecycleBase [] - Setting state for [ErrorReportValve[StandardEngine[Tomcat].StandardHost[localhost]]] to [STARTING]
2026-09-23 10:10:40.482 [restartedMain] DEBUG o.apache.catalina.util.LifecycleBase [] - Setting state for [ErrorReportValve[StandardEngine[Tomcat].StandardHost[localhost]]] to [STARTED]
2026-09-23 10:10:40.482 [restartedMain] DEBUG o.apache.catalina.util.LifecycleBase [] - Setting state for [StandardHostValve[StandardEngine[Tomcat].StandardHost[localhost]]] to [INITIALIZING]
2026-09-23 10:10:40.482 [restartedMain] DEBUG o.apache.catalina.util.LifecycleBase [] - Setting state for [StandardHostValve[StandardEngine[Tomcat].StandardHost[localhost]]] to [INITIALIZED]
2026-09-23 10:10:40.482 [restartedMain] DEBUG o.apache.catalina.util.LifecycleBase [] - Setting state for [StandardHostValve[StandardEngine[Tomcat].StandardHost[localhost]]] to [STARTING_PREP]
2026-09-23 10:10:40.482 [restartedMain] DEBUG o.apache.catalina.util.LifecycleBase [] - Setting state for [StandardHostValve[StandardEngine[Tomcat].StandardHost[localhost]]] to [STARTING]
2026-09-23 10:10:40.482 [restartedMain] DEBUG o.apache.catalina.util.LifecycleBase [] - Setting state for [StandardHostValve[StandardEngine[Tomcat].StandardHost[localhost]]] to [STARTED]
2026-09-23 10:10:40.482 [restartedMain] DEBUG o.apache.catalina.util.LifecycleBase [] - Setting state for [StandardPipeline[StandardEngine[Tomcat].StandardHost[localhost]]] to [STARTING]
2026-09-23 10:10:40.482 [restartedMain] DEBUG o.apache.catalina.util.LifecycleBase [] - Setting state for [StandardPipeline[StandardEngine[Tomcat].StandardHost[localhost]]] to [STARTED]
2026-09-23 10:10:40.482 [restartedMain] DEBUG o.apache.catalina.util.LifecycleBase [] - Setting state for [StandardEngine[Tomcat].StandardHost[localhost]] to [STARTING]
2026-09-23 10:10:40.482 [restartedMain] DEBUG o.apache.catalina.util.LifecycleBase [] - Setting state for [StandardEngine[Tomcat].StandardHost[localhost]] to [STARTED]
2026-09-23 10:10:40.482 [restartedMain] DEBUG o.apache.catalina.util.LifecycleBase [] - Setting state for [StandardPipeline[StandardEngine[Tomcat]]] to [INITIALIZING]
2026-09-23 10:10:40.482 [restartedMain] DEBUG o.apache.catalina.util.LifecycleBase [] - Setting state for [StandardPipeline[StandardEngine[Tomcat]]] to [INITIALIZED]
2026-09-23 10:10:40.482 [restartedMain] DEBUG o.apache.catalina.util.LifecycleBase [] - Setting state for [StandardPipeline[StandardEngine[Tomcat]]] to [STARTING_PREP]
2026-09-23 10:10:40.482 [restartedMain] DEBUG o.apache.catalina.util.LifecycleBase [] - Setting state for [StandardEngineValve[StandardEngine[Tomcat]]] to [INITIALIZING]
2026-09-23 10:10:40.482 [restartedMain] DEBUG o.apache.catalina.util.LifecycleBase [] - Setting state for [StandardEngineValve[StandardEngine[Tomcat]]] to [INITIALIZED]
2026-09-23 10:10:40.482 [restartedMain] DEBUG o.apache.catalina.util.LifecycleBase [] - Setting state for [StandardEngineValve[StandardEngine[Tomcat]]] to [STARTING_PREP]
2026-09-23 10:10:40.482 [restartedMain] DEBUG o.apache.catalina.util.LifecycleBase [] - Setting state for [StandardEngineValve[StandardEngine[Tomcat]]] to [STARTING]
2026-09-23 10:10:40.482 [restartedMain] DEBUG o.apache.catalina.util.LifecycleBase [] - Setting state for [StandardEngineValve[StandardEngine[Tomcat]]] to [STARTED]
2026-09-23 10:10:40.482 [restartedMain] DEBUG o.apache.catalina.util.LifecycleBase [] - Setting state for [StandardPipeline[StandardEngine[Tomcat]]] to [STARTING]
2026-09-23 10:10:40.482 [restartedMain] DEBUG o.apache.catalina.util.LifecycleBase [] - Setting state for [StandardPipeline[StandardEngine[Tomcat]]] to [STARTED]
2026-09-23 10:10:40.482 [restartedMain] DEBUG o.apache.catalina.util.LifecycleBase [] - Setting state for [StandardEngine[Tomcat]] to [STARTING]
2026-09-23 10:10:40.482 [restartedMain] DEBUG o.apache.catalina.util.LifecycleBase [] - Setting state for [StandardEngine[Tomcat]] to [STARTED]
2026-09-23 10:10:40.482 [restartedMain] DEBUG o.apache.catalina.util.LifecycleBase [] - Setting state for [org.apache.catalina.mapper.MapperListener@11f166fc] to [STARTING_PREP]
2026-09-23 10:10:40.482 [restartedMain] DEBUG o.apache.catalina.util.LifecycleBase [] - Setting state for [org.apache.catalina.mapper.MapperListener@11f166fc] to [STARTING]
2026-09-23 10:10:40.482 [restartedMain] DEBUG org.apache.catalina.mapper.Mapper [] - Registered host [localhost]
2026-09-23 10:10:40.482 [restartedMain] DEBUG o.a.catalina.mapper.MapperListener [] - Register Wrapper [dispatcherServlet] in Context [] for service [StandardService[Tomcat]]
2026-09-23 10:10:40.482 [restartedMain] DEBUG o.a.catalina.mapper.MapperListener [] - Register Context [] for service [StandardService[Tomcat]]
2026-09-23 10:10:40.482 [restartedMain] DEBUG o.a.catalina.mapper.MapperListener [] - Register host [localhost] at domain [Tomcat] for service [StandardService[Tomcat]]
2026-09-23 10:10:40.482 [restartedMain] DEBUG o.apache.catalina.util.LifecycleBase [] - Setting state for [org.apache.catalina.mapper.MapperListener@11f166fc] to [STARTED]
2026-09-23 10:10:40.482 [restartedMain] DEBUG o.apache.catalina.util.LifecycleBase [] - Setting state for [StandardService[Tomcat]] to [STARTED]
2026-09-23 10:10:40.482 [restartedMain] DEBUG o.apache.catalina.util.LifecycleBase [] - Setting state for [StandardServer[-1]] to [STARTED]
2026-09-23 10:10:40.482 [restartedMain] DEBUG o.s.b.f.s.DefaultListableBeanFactory [] - Creating shared instance of singleton bean 'applicationTaskExecutor'
2026-09-23 10:10:40.482 [restartedMain] DEBUG o.s.b.f.s.DefaultListableBeanFactory [] - Creating shared instance of singleton bean 'org.springframework.boot.autoconfigure.task.TaskExecutorConfigurations$TaskExecutorConfiguration'
2026-09-23 10:10:40.482 [restartedMain] DEBUG o.s.b.f.s.DefaultListableBeanFactory [] - Creating shared instance of singleton bean 'threadPoolTaskExecutorBuilder'
2026-09-23 10:10:40.482 [restartedMain] DEBUG o.s.b.f.s.DefaultListableBeanFactory [] - Creating shared instance of singleton bean 'org.springframework.boot.autoconfigure.task.TaskExecutorConfigurations$ThreadPoolTaskExecutorBuilderConfiguration'
2026-09-23 10:10:40.482 [restartedMain] DEBUG o.s.b.f.s.DefaultListableBeanFactory [] - Creating shared instance of singleton bean 'spring.task.execution-org.springframework.boot.autoconfigure.task.TaskExecutionProperties'
2026-09-23 10:10:40.483 [restartedMain] DEBUG o.s.b.f.s.DefaultListableBeanFactory [] - Autowiring by type from bean name 'threadPoolTaskExecutorBuilder' via factory method to bean named 'spring.task.execution-org.springframework.boot.autoconfigure.task.TaskExecutionProperties'
2026-09-23 10:10:40.484 [restartedMain] DEBUG o.s.b.f.s.DefaultListableBeanFactory [] - Autowiring by type from bean name 'applicationTaskExecutor' via factory method to bean named 'threadPoolTaskExecutorBuilder'
2026-09-23 10:10:40.484 [restartedMain] DEBUG o.s.s.c.ThreadPoolTaskExecutor [] - Initializing ExecutorService 'applicationTaskExecutor'
2026-09-23 10:10:40.484 [restartedMain] DEBUG o.s.b.f.s.DefaultListableBeanFactory [] - Creating shared instance of singleton bean 'loggingApplication'
2026-09-23 10:10:40.484 [restartedMain] DEBUG o.s.b.f.s.DefaultListableBeanFactory [] - Creating shared instance of singleton bean 'loggingController'
2026-09-23 10:10:40.484 [restartedMain] DEBUG o.s.b.f.s.DefaultListableBeanFactory [] - Creating shared instance of singleton bean 'org.springframework.boot.autoconfigure.AutoConfigurationPackages'
2026-09-23 10:10:40.484 [restartedMain] DEBUG o.s.b.f.s.DefaultListableBeanFactory [] - Creating shared instance of singleton bean 'org.springframework.boot.autoconfigure.context.PropertyPlaceholderAutoConfiguration'
2026-09-23 10:10:40.485 [restartedMain] DEBUG o.s.b.f.s.DefaultListableBeanFactory [] - Creating shared instance of singleton bean 'org.springframework.boot.context.properties.EnableConfigurationPropertiesRegistrar.methodValidationExcludeFilter'
2026-09-23 10:10:40.485 [restartedMain] DEBUG o.s.b.f.s.DefaultListableBeanFactory [] - Creating shared instance of singleton bean 'org.springframework.boot.webmvc.autoconfigure.DispatcherServletAutoConfiguration'
2026-09-23 10:10:40.485 [restartedMain] DEBUG o.s.b.f.s.DefaultListableBeanFactory [] - Creating shared instance of singleton bean 'org.springframework.boot.autoconfigure.task.TaskExecutorConfigurations$SimpleAsyncTaskExecutorBuilderConfiguration'
2026-09-23 10:10:40.485 [restartedMain] DEBUG o.s.b.f.s.DefaultListableBeanFactory [] - Autowiring by type from bean name 'org.springframework.boot.autoconfigure.task.TaskExecutorConfigurations$SimpleAsyncTaskExecutorBuilderConfiguration' via constructor to bean named 'spring.task.execution-org.springframework.boot.autoconfigure.task.TaskExecutionProperties'
2026-09-23 10:10:40.485 [restartedMain] DEBUG o.s.b.f.s.DefaultListableBeanFactory [] - Creating shared instance of singleton bean 'simpleAsyncTaskExecutorBuilder'
2026-09-23 10:10:40.485 [restartedMain] DEBUG o.s.b.f.s.DefaultListableBeanFactory [] - Creating shared instance of singleton bean 'org.springframework.boot.autoconfigure.task.TaskExecutorConfigurations$AsyncConfigurerConfiguration'
2026-09-23 10:10:40.485 [restartedMain] DEBUG o.s.b.f.s.DefaultListableBeanFactory [] - Creating shared instance of singleton bean 'applicationTaskExecutorAsyncConfigurer'
2026-09-23 10:10:40.485 [restartedMain] DEBUG o.s.b.f.s.DefaultListableBeanFactory [] - Autowiring by type from bean name 'applicationTaskExecutorAsyncConfigurer' via factory method to bean named 'org.springframework.beans.factory.support.DefaultListableBeanFactory@7fc73542'
2026-09-23 10:10:40.485 [restartedMain] DEBUG o.s.b.f.s.DefaultListableBeanFactory [] - Creating shared instance of singleton bean 'org.springframework.boot.autoconfigure.task.TaskExecutorConfigurations$BootstrapExecutorConfiguration'
2026-09-23 10:10:40.485 [restartedMain] DEBUG o.s.b.f.s.DefaultListableBeanFactory [] - Creating shared instance of singleton bean 'org.springframework.boot.autoconfigure.task.TaskExecutionAutoConfiguration'
2026-09-23 10:10:40.485 [restartedMain] DEBUG o.s.b.f.s.DefaultListableBeanFactory [] - Creating shared instance of singleton bean 'org.springframework.boot.webmvc.autoconfigure.error.ErrorMvcAutoConfiguration$WhitelabelErrorViewConfiguration'
2026-09-23 10:10:40.485 [restartedMain] DEBUG o.s.b.f.s.DefaultListableBeanFactory [] - Creating shared instance of singleton bean 'error'
2026-09-23 10:10:40.485 [restartedMain] DEBUG o.s.b.f.s.DefaultListableBeanFactory [] - Creating shared instance of singleton bean 'beanNameViewResolver'
2026-09-23 10:10:40.485 [restartedMain] DEBUG o.s.b.f.s.DefaultListableBeanFactory [] - Creating shared instance of singleton bean 'org.springframework.boot.webmvc.autoconfigure.error.ErrorMvcAutoConfiguration$DefaultErrorViewResolverConfiguration'
2026-09-23 10:10:40.486 [restartedMain] DEBUG o.s.b.f.s.DefaultListableBeanFactory [] - Autowiring by type from bean name 'org.springframework.boot.webmvc.autoconfigure.error.ErrorMvcAutoConfiguration$DefaultErrorViewResolverConfiguration' via constructor to bean named 'org.springframework.boot.web.server.servlet.context.AnnotationConfigServletWebServerApplicationContext@6bfc6c74'
2026-09-23 10:10:40.486 [restartedMain] DEBUG o.s.b.f.s.DefaultListableBeanFactory [] - Autowiring by type from bean name 'org.springframework.boot.webmvc.autoconfigure.error.ErrorMvcAutoConfiguration$DefaultErrorViewResolverConfiguration' via constructor to bean named 'spring.web-org.springframework.boot.autoconfigure.web.WebProperties'
2026-09-23 10:10:40.486 [restartedMain] DEBUG o.s.b.f.s.DefaultListableBeanFactory [] - Creating shared instance of singleton bean 'conventionErrorViewResolver'
2026-09-23 10:10:40.486 [restartedMain] DEBUG o.s.b.f.s.DefaultListableBeanFactory [] - Creating shared instance of singleton bean 'errorAttributes'
2026-09-23 10:10:40.486 [restartedMain] DEBUG o.s.b.f.s.DefaultListableBeanFactory [] - Creating shared instance of singleton bean 'basicErrorController'
2026-09-23 10:10:40.486 [restartedMain] DEBUG o.s.b.f.s.DefaultListableBeanFactory [] - Autowiring by type from bean name 'basicErrorController' via factory method to bean named 'errorAttributes'
2026-09-23 10:10:40.486 [restartedMain] DEBUG o.s.b.f.s.DefaultListableBeanFactory [] - Creating shared instance of singleton bean 'org.springframework.boot.webmvc.autoconfigure.WebMvcAutoConfiguration$EnableWebMvcConfiguration'
2026-09-23 10:10:40.486 [restartedMain] DEBUG o.s.b.f.s.DefaultListableBeanFactory [] - Autowiring by type from bean name 'org.springframework.boot.webmvc.autoconfigure.WebMvcAutoConfiguration$EnableWebMvcConfiguration' via constructor to bean named 'spring.mvc-org.springframework.boot.webmvc.autoconfigure.WebMvcProperties'
2026-09-23 10:10:40.486 [restartedMain] DEBUG o.s.b.f.s.DefaultListableBeanFactory [] - Autowiring by type from bean name 'org.springframework.boot.webmvc.autoconfigure.WebMvcAutoConfiguration$EnableWebMvcConfiguration' via constructor to bean named 'spring.web-org.springframework.boot.autoconfigure.web.WebProperties'
2026-09-23 10:10:40.486 [restartedMain] DEBUG o.s.b.f.s.DefaultListableBeanFactory [] - Autowiring by type from bean name 'org.springframework.boot.webmvc.autoconfigure.WebMvcAutoConfiguration$EnableWebMvcConfiguration' via constructor to bean named 'org.springframework.beans.factory.support.DefaultListableBeanFactory@7fc73542'
2026-09-23 10:10:40.488 [restartedMain] DEBUG o.s.b.f.s.DefaultListableBeanFactory [] - Creating shared instance of singleton bean 'org.springframework.boot.webmvc.autoconfigure.WebMvcAutoConfiguration$WebMvcAutoConfigurationAdapter'
2026-09-23 10:10:40.488 [restartedMain] DEBUG o.s.b.f.s.DefaultListableBeanFactory [] - Autowiring by type from bean name 'org.springframework.boot.webmvc.autoconfigure.WebMvcAutoConfiguration$WebMvcAutoConfigurationAdapter' via constructor to bean named 'spring.web-org.springframework.boot.autoconfigure.web.WebProperties'
2026-09-23 10:10:40.488 [restartedMain] DEBUG o.s.b.f.s.DefaultListableBeanFactory [] - Autowiring by type from bean name 'org.springframework.boot.webmvc.autoconfigure.WebMvcAutoConfiguration$WebMvcAutoConfigurationAdapter' via constructor to bean named 'spring.mvc-org.springframework.boot.webmvc.autoconfigure.WebMvcProperties'
2026-09-23 10:10:40.488 [restartedMain] DEBUG o.s.b.f.s.DefaultListableBeanFactory [] - Autowiring by type from bean name 'org.springframework.boot.webmvc.autoconfigure.WebMvcAutoConfiguration$WebMvcAutoConfigurationAdapter' via constructor to bean named 'org.springframework.beans.factory.support.DefaultListableBeanFactory@7fc73542'
2026-09-23 10:10:40.488 [restartedMain] DEBUG o.s.b.f.s.DefaultListableBeanFactory [] - Creating shared instance of singleton bean 'welcomePageHandlerMapping'
2026-09-23 10:10:40.488 [restartedMain] DEBUG o.s.b.f.s.DefaultListableBeanFactory [] - Creating shared instance of singleton bean 'mvcConversionService'
2026-09-23 10:10:40.488 [restartedMain] DEBUG o.s.b.f.s.DefaultListableBeanFactory [] - Creating shared instance of singleton bean 'mvcResourceUrlProvider'
2026-09-23 10:10:40.488 [restartedMain] DEBUG o.s.b.f.s.DefaultListableBeanFactory [] - Autowiring by type from bean name 'welcomePageHandlerMapping' via factory method to bean named 'org.springframework.boot.web.server.servlet.context.AnnotationConfigServletWebServerApplicationContext@6bfc6c74'
2026-09-23 10:10:40.488 [restartedMain] DEBUG o.s.b.f.s.DefaultListableBeanFactory [] - Autowiring by type from bean name 'welcomePageHandlerMapping' via factory method to bean named 'mvcConversionService'
2026-09-23 10:10:40.488 [restartedMain] DEBUG o.s.b.f.s.DefaultListableBeanFactory [] - Autowiring by type from bean name 'welcomePageHandlerMapping' via factory method to bean named 'mvcResourceUrlProvider'
2026-09-23 10:10:40.489 [restartedMain] DEBUG o.apache.catalina.webresources.Cache [] - Increased cache size by [521] for item [org.apache.catalina.webresources.CachedResource@385c9c68] at [/index.html] making total cache size [1052]
2026-09-23 10:10:40.489 [restartedMain] DEBUG o.s.b.f.s.DefaultListableBeanFactory [] - Creating shared instance of singleton bean 'welcomePageNotAcceptableHandlerMapping'
2026-09-23 10:10:40.489 [restartedMain] DEBUG o.s.b.f.s.DefaultListableBeanFactory [] - Autowiring by type from bean name 'welcomePageNotAcceptableHandlerMapping' via factory method to bean named 'org.springframework.boot.web.server.servlet.context.AnnotationConfigServletWebServerApplicationContext@6bfc6c74'
2026-09-23 10:10:40.489 [restartedMain] DEBUG o.s.b.f.s.DefaultListableBeanFactory [] - Autowiring by type from bean name 'welcomePageNotAcceptableHandlerMapping' via factory method to bean named 'mvcConversionService'
2026-09-23 10:10:40.489 [restartedMain] DEBUG o.s.b.f.s.DefaultListableBeanFactory [] - Autowiring by type from bean name 'welcomePageNotAcceptableHandlerMapping' via factory method to bean named 'mvcResourceUrlProvider'
2026-09-23 10:10:40.489 [restartedMain] DEBUG o.s.b.f.s.DefaultListableBeanFactory [] - Creating shared instance of singleton bean 'localeResolver'
2026-09-23 10:10:40.489 [restartedMain] DEBUG o.s.b.f.s.DefaultListableBeanFactory [] - Creating shared instance of singleton bean 'flashMapManager'
2026-09-23 10:10:40.489 [restartedMain] DEBUG o.s.b.f.s.DefaultListableBeanFactory [] - Creating shared instance of singleton bean 'viewNameTranslator'
2026-09-23 10:10:40.491 [restartedMain] DEBUG o.s.b.f.s.DefaultListableBeanFactory [] - Creating shared instance of singleton bean 'mvcValidator'
2026-09-23 10:10:40.491 [restartedMain] DEBUG o.s.b.f.s.DefaultListableBeanFactory [] - Creating shared instance of singleton bean 'requestMappingHandlerMapping'
2026-09-23 10:10:40.491 [restartedMain] DEBUG o.s.b.f.s.DefaultListableBeanFactory [] - Creating shared instance of singleton bean 'mvcContentNegotiationManager'
2026-09-23 10:10:40.491 [restartedMain] DEBUG o.s.b.f.s.DefaultListableBeanFactory [] - Creating shared instance of singleton bean 'stringHttpMessageConvertersCustomizer'
2026-09-23 10:10:40.491 [restartedMain] DEBUG o.s.b.f.s.DefaultListableBeanFactory [] - Creating shared instance of singleton bean 'org.springframework.boot.http.converter.autoconfigure.HttpMessageConvertersAutoConfiguration$StringHttpMessageConverterConfiguration'
2026-09-23 10:10:40.491 [restartedMain] DEBUG o.s.b.f.s.DefaultListableBeanFactory [] - Creating shared instance of singleton bean 'spring.http.converters-org.springframework.boot.http.converter.autoconfigure.HttpMessageConvertersProperties'
2026-09-23 10:10:40.491 [restartedMain] DEBUG o.s.b.f.s.DefaultListableBeanFactory [] - Autowiring by type from bean name 'stringHttpMessageConvertersCustomizer' via factory method to bean named 'spring.http.converters-org.springframework.boot.http.converter.autoconfigure.HttpMessageConvertersProperties'
2026-09-23 10:10:40.491 [restartedMain] DEBUG o.s.b.f.s.DefaultListableBeanFactory [] - Creating shared instance of singleton bean 'jacksonJsonHttpMessageConvertersCustomizer'
2026-09-23 10:10:40.491 [restartedMain] DEBUG o.s.b.f.s.DefaultListableBeanFactory [] - Creating shared instance of singleton bean 'org.springframework.boot.http.converter.autoconfigure.JacksonHttpMessageConvertersConfiguration$JacksonJsonHttpMessageConverterConfiguration'
2026-09-23 10:10:40.491 [restartedMain] DEBUG o.s.b.f.s.DefaultListableBeanFactory [] - Creating shared instance of singleton bean 'jacksonJsonMapper'
2026-09-23 10:10:40.491 [restartedMain] DEBUG o.s.b.f.s.DefaultListableBeanFactory [] - Creating shared instance of singleton bean 'org.springframework.boot.jackson.autoconfigure.JacksonAutoConfiguration'
2026-09-23 10:10:40.492 [restartedMain] DEBUG o.s.b.f.s.DefaultListableBeanFactory [] - Creating shared instance of singleton bean 'jsonFactory'
2026-09-23 10:10:40.492 [restartedMain] DEBUG o.s.b.f.s.DefaultListableBeanFactory [] - Creating shared instance of singleton bean 'standardJsonFactoryBuilderCustomizer'
2026-09-23 10:10:40.492 [restartedMain] DEBUG o.s.b.f.s.DefaultListableBeanFactory [] - Creating shared instance of singleton bean 'org.springframework.boot.jackson.autoconfigure.JacksonAutoConfiguration$JacksonJsonCustomizerConfiguration'
2026-09-23 10:10:40.492 [restartedMain] DEBUG o.s.b.f.s.DefaultListableBeanFactory [] - Creating shared instance of singleton bean 'spring.jackson-org.springframework.boot.jackson.autoconfigure.JacksonProperties'
2026-09-23 10:10:40.492 [restartedMain] DEBUG o.s.b.f.s.DefaultListableBeanFactory [] - Autowiring by type from bean name 'org.springframework.boot.jackson.autoconfigure.JacksonAutoConfiguration$JacksonJsonCustomizerConfiguration' via constructor to bean named 'spring.jackson-org.springframework.boot.jackson.autoconfigure.JacksonProperties'
2026-09-23 10:10:40.492 [restartedMain] DEBUG o.s.b.f.s.DefaultListableBeanFactory [] - Autowiring by type from bean name 'jsonMapperBuilder' via factory method to bean named 'jsonFactory'
2026-09-23 10:10:40.492 [restartedMain] DEBUG o.s.b.f.s.DefaultListableBeanFactory [] - Creating shared instance of singleton bean 'problemDetailJsonMapperBuilderCustomizer'
2026-09-23 10:10:40.492 [restartedMain] DEBUG o.s.b.f.s.DefaultListableBeanFactory [] - Creating shared instance of singleton bean 'org.springframework.boot.jackson.autoconfigure.JacksonAutoConfiguration$JsonProblemDetailsConfiguration'
2026-09-23 10:10:40.492 [restartedMain] DEBUG o.s.b.f.s.DefaultListableBeanFactory [] - Creating shared instance of singleton bean 'standardJsonMapperBuilderCustomizer'
2026-09-23 10:10:40.492 [restartedMain] DEBUG o.s.b.f.s.DefaultListableBeanFactory [] - Autowiring by type from bean name 'standardJsonMapperBuilderCustomizer' via factory method to bean named 'org.springframework.beans.factory.support.DefaultListableBeanFactory@7fc73542'
2026-09-23 10:10:40.493 [restartedMain] DEBUG o.s.b.f.s.DefaultListableBeanFactory [] - Creating shared instance of singleton bean 'jacksonMixinModule'
2026-09-23 10:10:40.493 [restartedMain] DEBUG o.s.b.f.s.DefaultListableBeanFactory [] - Creating shared instance of singleton bean 'org.springframework.boot.jackson.autoconfigure.JacksonAutoConfiguration$JacksonMixinConfiguration'
2026-09-23 10:10:40.493 [restartedMain] DEBUG o.s.b.f.s.DefaultListableBeanFactory [] - Creating shared instance of singleton bean 'jacksonMixinModuleEntries'
2026-09-23 10:10:40.493 [restartedMain] DEBUG o.s.b.f.s.DefaultListableBeanFactory [] - Autowiring by type from bean name 'jacksonMixinModuleEntries' via factory method to bean named 'org.springframework.boot.web.server.servlet.context.AnnotationConfigServletWebServerApplicationContext@6bfc6c74'
2026-09-23 10:10:40.493 [restartedMain] DEBUG o.s.b.a.AutoConfigurationPackages [] - @EnableAutoConfiguration was declared on a class in the package 'top.zff06.logging'. Automatic @Repository and @Entity scanning is enabled.
2026-09-23 10:10:40.494 [restartedMain] DEBUG o.s.b.f.s.DefaultListableBeanFactory [] - Autowiring by type from bean name 'jacksonMixinModule' via factory method to bean named 'org.springframework.boot.web.server.servlet.context.AnnotationConfigServletWebServerApplicationContext@6bfc6c74'
2026-09-23 10:10:40.494 [restartedMain] DEBUG o.s.b.f.s.DefaultListableBeanFactory [] - Autowiring by type from bean name 'jacksonMixinModule' via factory method to bean named 'jacksonMixinModuleEntries'
2026-09-23 10:10:40.494 [restartedMain] DEBUG o.s.b.f.s.DefaultListableBeanFactory [] - Creating shared instance of singleton bean 'jsonComponentModule'
2026-09-23 10:10:40.495 [restartedMain] DEBUG o.s.b.f.s.DefaultListableBeanFactory [] - Autowiring by type from bean name 'jacksonJsonMapper' via factory method to bean named 'jsonMapperBuilder'
2026-09-23 10:10:40.495 [restartedMain] DEBUG o.s.b.f.s.DefaultListableBeanFactory [] - Autowiring by type from bean name 'jacksonJsonHttpMessageConvertersCustomizer' via factory method to bean named 'jacksonJsonMapper'
2026-09-23 10:10:40.495 [restartedMain] DEBUG o.s.b.f.s.DefaultListableBeanFactory [] - Creating shared instance of singleton bean 'serverConvertersCustomizer'
2026-09-23 10:10:40.495 [restartedMain] DEBUG o.s.b.f.s.DefaultListableBeanFactory [] - Creating shared instance of singleton bean 'org.springframework.boot.http.converter.autoconfigure.HttpMessageConvertersAutoConfiguration'
2026-09-23 10:10:40.496 [restartedMain] DEBUG o.s.b.f.s.DefaultListableBeanFactory [] - Creating shared instance of singleton bean 'mvcApiVersionStrategy'
2026-09-23 10:10:40.496 [restartedMain] DEBUG o.s.b.f.s.DefaultListableBeanFactory [] - Autowiring by type from bean name 'requestMappingHandlerMapping' via factory method to bean named 'mvcContentNegotiationManager'
2026-09-23 10:10:40.496 [restartedMain] DEBUG o.s.b.f.s.DefaultListableBeanFactory [] - Autowiring by type from bean name 'requestMappingHandlerMapping' via factory method to bean named 'mvcApiVersionStrategy'
2026-09-23 10:10:40.496 [restartedMain] DEBUG o.s.b.f.s.DefaultListableBeanFactory [] - Autowiring by type from bean name 'requestMappingHandlerMapping' via factory method to bean named 'mvcConversionService'
2026-09-23 10:10:40.496 [restartedMain] DEBUG o.s.b.f.s.DefaultListableBeanFactory [] - Autowiring by type from bean name 'requestMappingHandlerMapping' via factory method to bean named 'mvcResourceUrlProvider'
2026-09-23 10:10:40.497 [restartedMain] DEBUG _.s.w.s.HandlerMapping.Mappings [] - 
	t.z.l.c.LoggingController:
	{GET [/logging/demo]}: demo()
	{GET [/logging/hello]}: hello()
2026-09-23 10:10:40.498 [restartedMain] DEBUG _.s.w.s.HandlerMapping.Mappings [] - 
	o.s.b.w.a.e.BasicErrorController:
	{ [/error]}: error(HttpServletRequest)
	{ [/error], produces [text/html]}: errorHtml(HttpServletRequest,HttpServletResponse)
2026-09-23 10:10:40.498 [restartedMain] DEBUG o.s.w.s.m.m.a.RequestMappingHandlerMapping [] - 4 mappings in 'requestMappingHandlerMapping'
2026-09-23 10:10:40.498 [restartedMain] DEBUG o.s.b.f.s.DefaultListableBeanFactory [] - Creating shared instance of singleton bean 'mvcPatternParser'
2026-09-23 10:10:40.498 [restartedMain] DEBUG o.s.b.f.s.DefaultListableBeanFactory [] - Creating shared instance of singleton bean 'mvcUrlPathHelper'
2026-09-23 10:10:40.498 [restartedMain] DEBUG o.s.b.f.s.DefaultListableBeanFactory [] - Creating shared instance of singleton bean 'mvcPathMatcher'
2026-09-23 10:10:40.498 [restartedMain] DEBUG o.s.b.f.s.DefaultListableBeanFactory [] - Creating shared instance of singleton bean 'viewControllerHandlerMapping'
2026-09-23 10:10:40.498 [restartedMain] DEBUG o.s.b.f.s.DefaultListableBeanFactory [] - Autowiring by type from bean name 'viewControllerHandlerMapping' via factory method to bean named 'mvcConversionService'
2026-09-23 10:10:40.498 [restartedMain] DEBUG o.s.b.f.s.DefaultListableBeanFactory [] - Autowiring by type from bean name 'viewControllerHandlerMapping' via factory method to bean named 'mvcResourceUrlProvider'
2026-09-23 10:10:40.498 [restartedMain] DEBUG o.s.b.f.s.DefaultListableBeanFactory [] - Creating shared instance of singleton bean 'beanNameHandlerMapping'
2026-09-23 10:10:40.498 [restartedMain] DEBUG o.s.b.f.s.DefaultListableBeanFactory [] - Autowiring by type from bean name 'beanNameHandlerMapping' via factory method to bean named 'mvcConversionService'
2026-09-23 10:10:40.498 [restartedMain] DEBUG o.s.b.f.s.DefaultListableBeanFactory [] - Autowiring by type from bean name 'beanNameHandlerMapping' via factory method to bean named 'mvcResourceUrlProvider'
2026-09-23 10:10:40.498 [restartedMain] DEBUG _.s.w.s.HandlerMapping.Mappings [] - 'beanNameHandlerMapping' {}
2026-09-23 10:10:40.499 [restartedMain] DEBUG o.s.b.f.s.DefaultListableBeanFactory [] - Creating shared instance of singleton bean 'routerFunctionMapping'
2026-09-23 10:10:40.499 [restartedMain] DEBUG o.s.b.f.s.DefaultListableBeanFactory [] - Autowiring by type from bean name 'routerFunctionMapping' via factory method to bean named 'mvcConversionService'
2026-09-23 10:10:40.499 [restartedMain] DEBUG o.s.b.f.s.DefaultListableBeanFactory [] - Autowiring by type from bean name 'routerFunctionMapping' via factory method to bean named 'mvcResourceUrlProvider'
2026-09-23 10:10:40.499 [restartedMain] DEBUG o.s.b.f.s.DefaultListableBeanFactory [] - Autowiring by type from bean name 'routerFunctionMapping' via factory method to bean named 'mvcApiVersionStrategy'
2026-09-23 10:10:40.499 [restartedMain] DEBUG o.s.b.f.s.DefaultListableBeanFactory [] - Creating shared instance of singleton bean 'resourceHandlerMapping'
2026-09-23 10:10:40.499 [restartedMain] DEBUG o.s.b.f.s.DefaultListableBeanFactory [] - Autowiring by type from bean name 'resourceHandlerMapping' via factory method to bean named 'mvcContentNegotiationManager'
2026-09-23 10:10:40.499 [restartedMain] DEBUG o.s.b.f.s.DefaultListableBeanFactory [] - Autowiring by type from bean name 'resourceHandlerMapping' via factory method to bean named 'mvcConversionService'
2026-09-23 10:10:40.499 [restartedMain] DEBUG o.s.b.f.s.DefaultListableBeanFactory [] - Autowiring by type from bean name 'resourceHandlerMapping' via factory method to bean named 'mvcResourceUrlProvider'
2026-09-23 10:10:40.499 [restartedMain] DEBUG _.s.w.s.HandlerMapping.Mappings [] - 'resourceHandlerMapping' {/webjars/**=ResourceHttpRequestHandler [classpath [META-INF/resources/webjars/]], /**=ResourceHttpRequestHandler [classpath [META-INF/resources/], classpath [resources/], classpath [static/], classpath [public/], ServletContext [/]]}
2026-09-23 10:10:40.499 [restartedMain] DEBUG o.s.b.f.s.DefaultListableBeanFactory [] - Creating shared instance of singleton bean 'defaultServletHandlerMapping'
2026-09-23 10:10:40.499 [restartedMain] DEBUG o.s.b.f.s.DefaultListableBeanFactory [] - Creating shared instance of singleton bean 'requestMappingHandlerAdapter'
2026-09-23 10:10:40.499 [restartedMain] DEBUG o.s.b.f.s.DefaultListableBeanFactory [] - Autowiring by type from bean name 'requestMappingHandlerAdapter' via factory method to bean named 'mvcContentNegotiationManager'
2026-09-23 10:10:40.499 [restartedMain] DEBUG o.s.b.f.s.DefaultListableBeanFactory [] - Autowiring by type from bean name 'requestMappingHandlerAdapter' via factory method to bean named 'mvcConversionService'
2026-09-23 10:10:40.499 [restartedMain] DEBUG o.s.b.f.s.DefaultListableBeanFactory [] - Autowiring by type from bean name 'requestMappingHandlerAdapter' via factory method to bean named 'mvcValidator'
2026-09-23 10:10:40.501 [restartedMain] DEBUG o.s.w.s.m.m.a.RequestMappingHandlerAdapter [] - ControllerAdvice beans: 0 @ModelAttribute, 0 @InitBinder, 2 RequestBodyAdvice, 1 ResponseBodyAdvice
2026-09-23 10:10:40.501 [restartedMain] DEBUG o.s.b.f.s.DefaultListableBeanFactory [] - Creating shared instance of singleton bean 'mvcViewResolver'
2026-09-23 10:10:40.502 [restartedMain] DEBUG o.s.b.f.s.DefaultListableBeanFactory [] - Autowiring by type from bean name 'mvcViewResolver' via factory method to bean named 'mvcContentNegotiationManager'
2026-09-23 10:10:40.502 [restartedMain] DEBUG o.s.b.f.s.DefaultListableBeanFactory [] - Creating shared instance of singleton bean 'defaultViewResolver'
2026-09-23 10:10:40.502 [restartedMain] DEBUG o.s.b.f.s.DefaultListableBeanFactory [] - Creating shared instance of singleton bean 'viewResolver'
2026-09-23 10:10:40.502 [restartedMain] DEBUG o.s.b.f.s.DefaultListableBeanFactory [] - Autowiring by type from bean name 'viewResolver' via factory method to bean named 'org.springframework.beans.factory.support.DefaultListableBeanFactory@7fc73542'
2026-09-23 10:10:40.502 [restartedMain] DEBUG o.s.b.f.s.DefaultListableBeanFactory [] - Creating shared instance of singleton bean 'viewResolver'
2026-09-23 10:10:40.502 [restartedMain] DEBUG o.s.b.f.s.DefaultListableBeanFactory [] - Creating shared instance of singleton bean 'handlerFunctionAdapter'
2026-09-23 10:10:40.502 [restartedMain] DEBUG o.s.b.f.s.DefaultListableBeanFactory [] - Creating shared instance of singleton bean 'mvcUriComponentsContributor'
2026-09-23 10:10:40.502 [restartedMain] DEBUG o.s.b.f.s.DefaultListableBeanFactory [] - Autowiring by type from bean name 'mvcUriComponentsContributor' via factory method to bean named 'mvcConversionService'
2026-09-23 10:10:40.502 [restartedMain] DEBUG o.s.b.f.s.DefaultListableBeanFactory [] - Autowiring by type from bean name 'mvcUriComponentsContributor' via factory method to bean named 'requestMappingHandlerAdapter'
2026-09-23 10:10:40.502 [restartedMain] DEBUG o.s.b.f.s.DefaultListableBeanFactory [] - Creating shared instance of singleton bean 'httpRequestHandlerAdapter'
2026-09-23 10:10:40.502 [restartedMain] DEBUG o.s.b.f.s.DefaultListableBeanFactory [] - Creating shared instance of singleton bean 'simpleControllerHandlerAdapter'
2026-09-23 10:10:40.502 [restartedMain] DEBUG o.s.b.f.s.DefaultListableBeanFactory [] - Creating shared instance of singleton bean 'handlerExceptionResolver'
2026-09-23 10:10:40.502 [restartedMain] DEBUG o.s.b.f.s.DefaultListableBeanFactory [] - Autowiring by type from bean name 'handlerExceptionResolver' via factory method to bean named 'mvcContentNegotiationManager'
2026-09-23 10:10:40.503 [restartedMain] DEBUG o.s.w.s.m.m.a.ExceptionHandlerExceptionResolver [] - ControllerAdvice beans: 0 @ExceptionHandler, 1 ResponseBodyAdvice
2026-09-23 10:10:40.503 [restartedMain] DEBUG o.s.b.f.s.DefaultListableBeanFactory [] - Creating shared instance of singleton bean 'org.springframework.boot.autoconfigure.jmx.JmxAutoConfiguration'
2026-09-23 10:10:40.503 [restartedMain] DEBUG o.s.b.f.s.DefaultListableBeanFactory [] - Creating shared instance of singleton bean 'spring.jmx-org.springframework.boot.autoconfigure.jmx.JmxProperties'
2026-09-23 10:10:40.503 [restartedMain] DEBUG o.s.b.f.s.DefaultListableBeanFactory [] - Autowiring by type from bean name 'org.springframework.boot.autoconfigure.jmx.JmxAutoConfiguration' via constructor to bean named 'spring.jmx-org.springframework.boot.autoconfigure.jmx.JmxProperties'
2026-09-23 10:10:40.503 [restartedMain] DEBUG o.s.b.f.s.DefaultListableBeanFactory [] - Creating shared instance of singleton bean 'mbeanExporter'
2026-09-23 10:10:40.503 [restartedMain] DEBUG o.s.b.f.s.DefaultListableBeanFactory [] - Creating shared instance of singleton bean 'objectNamingStrategy'
2026-09-23 10:10:40.503 [restartedMain] DEBUG o.s.b.f.s.DefaultListableBeanFactory [] - Autowiring by type from bean name 'mbeanExporter' via factory method to bean named 'objectNamingStrategy'
2026-09-23 10:10:40.503 [restartedMain] DEBUG o.s.b.f.s.DefaultListableBeanFactory [] - Autowiring by type from bean name 'mbeanExporter' via factory method to bean named 'org.springframework.beans.factory.support.DefaultListableBeanFactory@7fc73542'
2026-09-23 10:10:40.503 [restartedMain] DEBUG o.s.b.f.s.DefaultListableBeanFactory [] - Creating shared instance of singleton bean 'mbeanServer'
2026-09-23 10:10:40.503 [restartedMain] DEBUG o.s.jmx.support.JmxUtils [] - Found MBeanServer: com.sun.jmx.mbeanserver.JmxMBeanServer@43903d8e
2026-09-23 10:10:40.504 [restartedMain] DEBUG o.s.b.f.s.DefaultListableBeanFactory [] - Creating shared instance of singleton bean 'org.springframework.boot.autoconfigure.admin.SpringApplicationAdminJmxAutoConfiguration'
2026-09-23 10:10:40.504 [restartedMain] DEBUG o.s.b.f.s.DefaultListableBeanFactory [] - Creating shared instance of singleton bean 'springApplicationAdminRegistrar'
2026-09-23 10:10:40.504 [restartedMain] DEBUG o.s.b.f.s.DefaultListableBeanFactory [] - Autowiring by type from bean name 'springApplicationAdminRegistrar' via factory method to bean named 'environment'
2026-09-23 10:10:40.504 [restartedMain] DEBUG o.s.b.a.SpringApplicationAdminMXBeanRegistrar$SpringApplicationAdmin [] - Application Admin MBean registered with name 'org.springframework.boot:type=Admin,name=SpringApplication'
2026-09-23 10:10:40.504 [restartedMain] DEBUG o.s.b.f.s.DefaultListableBeanFactory [] - Creating shared instance of singleton bean 'org.springframework.boot.autoconfigure.aop.AopAutoConfiguration$ClassProxyingConfiguration'
2026-09-23 10:10:40.504 [restartedMain] DEBUG o.s.b.f.s.DefaultListableBeanFactory [] - Creating shared instance of singleton bean 'org.springframework.boot.autoconfigure.aop.AopAutoConfiguration'
2026-09-23 10:10:40.504 [restartedMain] DEBUG o.s.b.f.s.DefaultListableBeanFactory [] - Creating shared instance of singleton bean 'org.springframework.boot.autoconfigure.availability.ApplicationAvailabilityAutoConfiguration'
2026-09-23 10:10:40.504 [restartedMain] DEBUG o.s.b.f.s.DefaultListableBeanFactory [] - Creating shared instance of singleton bean 'applicationAvailability'
2026-09-23 10:10:40.504 [restartedMain] DEBUG o.s.b.f.s.DefaultListableBeanFactory [] - Creating shared instance of singleton bean 'org.springframework.boot.autoconfigure.context.ConfigurationPropertiesAutoConfiguration'
2026-09-23 10:10:40.504 [restartedMain] DEBUG o.s.b.f.s.DefaultListableBeanFactory [] - Creating shared instance of singleton bean 'org.springframework.boot.autoconfigure.context.LifecycleAutoConfiguration'
2026-09-23 10:10:40.504 [restartedMain] DEBUG o.s.b.f.s.DefaultListableBeanFactory [] - Creating shared instance of singleton bean 'lifecycleProcessor'
2026-09-23 10:10:40.504 [restartedMain] DEBUG o.s.b.f.s.DefaultListableBeanFactory [] - Creating shared instance of singleton bean 'spring.lifecycle-org.springframework.boot.autoconfigure.context.LifecycleProperties'
2026-09-23 10:10:40.504 [restartedMain] DEBUG o.s.b.f.s.DefaultListableBeanFactory [] - Autowiring by type from bean name 'lifecycleProcessor' via factory method to bean named 'spring.lifecycle-org.springframework.boot.autoconfigure.context.LifecycleProperties'
2026-09-23 10:10:40.505 [restartedMain] DEBUG o.s.b.f.s.DefaultListableBeanFactory [] - Creating shared instance of singleton bean 'org.springframework.boot.autoconfigure.info.ProjectInfoAutoConfiguration'
2026-09-23 10:10:40.505 [restartedMain] DEBUG o.s.b.f.s.DefaultListableBeanFactory [] - Creating shared instance of singleton bean 'spring.info-org.springframework.boot.autoconfigure.info.ProjectInfoProperties'
2026-09-23 10:10:40.505 [restartedMain] DEBUG o.s.b.f.s.DefaultListableBeanFactory [] - Autowiring by type from bean name 'org.springframework.boot.autoconfigure.info.ProjectInfoAutoConfiguration' via constructor to bean named 'spring.info-org.springframework.boot.autoconfigure.info.ProjectInfoProperties'
2026-09-23 10:10:40.505 [restartedMain] DEBUG o.s.b.f.s.DefaultListableBeanFactory [] - Creating shared instance of singleton bean 'org.springframework.boot.autoconfigure.task.TaskSchedulingConfigurations$ThreadPoolTaskSchedulerBuilderConfiguration'
2026-09-23 10:10:40.505 [restartedMain] DEBUG o.s.b.f.s.DefaultListableBeanFactory [] - Creating shared instance of singleton bean 'threadPoolTaskSchedulerBuilder'
2026-09-23 10:10:40.505 [restartedMain] DEBUG o.s.b.f.s.DefaultListableBeanFactory [] - Creating shared instance of singleton bean 'spring.task.scheduling-org.springframework.boot.autoconfigure.task.TaskSchedulingProperties'
2026-09-23 10:10:40.505 [restartedMain] DEBUG o.s.b.f.s.DefaultListableBeanFactory [] - Autowiring by type from bean name 'threadPoolTaskSchedulerBuilder' via factory method to bean named 'spring.task.scheduling-org.springframework.boot.autoconfigure.task.TaskSchedulingProperties'
2026-09-23 10:10:40.505 [restartedMain] DEBUG o.s.b.f.s.DefaultListableBeanFactory [] - Creating shared instance of singleton bean 'org.springframework.boot.autoconfigure.task.TaskSchedulingConfigurations$SimpleAsyncTaskSchedulerBuilderConfiguration'
2026-09-23 10:10:40.505 [restartedMain] DEBUG o.s.b.f.s.DefaultListableBeanFactory [] - Autowiring by type from bean name 'org.springframework.boot.autoconfigure.task.TaskSchedulingConfigurations$SimpleAsyncTaskSchedulerBuilderConfiguration' via constructor to bean named 'spring.task.scheduling-org.springframework.boot.autoconfigure.task.TaskSchedulingProperties'
2026-09-23 10:10:40.505 [restartedMain] DEBUG o.s.b.f.s.DefaultListableBeanFactory [] - Creating shared instance of singleton bean 'simpleAsyncTaskSchedulerBuilder'
2026-09-23 10:10:40.506 [restartedMain] DEBUG o.s.b.f.s.DefaultListableBeanFactory [] - Creating shared instance of singleton bean 'org.springframework.boot.autoconfigure.task.TaskSchedulingAutoConfiguration'
2026-09-23 10:10:40.506 [restartedMain] DEBUG o.s.b.f.s.DefaultListableBeanFactory [] - Creating shared instance of singleton bean 'org.springframework.boot.devtools.autoconfigure.LocalDevToolsAutoConfiguration$RestartConfiguration'
2026-09-23 10:10:40.506 [restartedMain] DEBUG o.s.b.f.s.DefaultListableBeanFactory [] - Creating shared instance of singleton bean 'spring.devtools-org.springframework.boot.devtools.autoconfigure.DevToolsProperties'
2026-09-23 10:10:40.506 [restartedMain] DEBUG o.s.b.f.s.DefaultListableBeanFactory [] - Autowiring by type from bean name 'org.springframework.boot.devtools.autoconfigure.LocalDevToolsAutoConfiguration$RestartConfiguration' via constructor to bean named 'spring.devtools-org.springframework.boot.devtools.autoconfigure.DevToolsProperties'
2026-09-23 10:10:40.506 [restartedMain] DEBUG o.s.b.f.s.DefaultListableBeanFactory [] - Creating shared instance of singleton bean 'restartingClassPathChangedEventListener'
2026-09-23 10:10:40.506 [restartedMain] DEBUG o.s.b.f.s.DefaultListableBeanFactory [] - Creating shared instance of singleton bean 'fileSystemWatcherFactory'
2026-09-23 10:10:40.506 [restartedMain] DEBUG o.s.b.f.s.DefaultListableBeanFactory [] - Autowiring by type from bean name 'restartingClassPathChangedEventListener' via factory method to bean named 'fileSystemWatcherFactory'
2026-09-23 10:10:40.506 [restartedMain] DEBUG o.s.b.f.s.DefaultListableBeanFactory [] - Creating shared instance of singleton bean 'classPathFileSystemWatcher'
2026-09-23 10:10:40.506 [restartedMain] DEBUG o.s.b.f.s.DefaultListableBeanFactory [] - Creating shared instance of singleton bean 'classPathRestartStrategy'
2026-09-23 10:10:40.506 [restartedMain] DEBUG o.s.b.f.s.DefaultListableBeanFactory [] - Autowiring by type from bean name 'classPathFileSystemWatcher' via factory method to bean named 'fileSystemWatcherFactory'
2026-09-23 10:10:40.506 [restartedMain] DEBUG o.s.b.f.s.DefaultListableBeanFactory [] - Autowiring by type from bean name 'classPathFileSystemWatcher' via factory method to bean named 'classPathRestartStrategy'
2026-09-23 10:10:40.506 [restartedMain] DEBUG o.s.b.f.s.DefaultListableBeanFactory [] - Creating shared instance of singleton bean 'conditionEvaluationDeltaLoggingListener'
2026-09-23 10:10:40.506 [restartedMain] DEBUG o.s.b.f.s.DefaultListableBeanFactory [] - Creating shared instance of singleton bean 'org.springframework.boot.devtools.autoconfigure.LocalDevToolsAutoConfiguration'
2026-09-23 10:10:40.506 [restartedMain] DEBUG o.s.b.f.s.DefaultListableBeanFactory [] - Creating shared instance of singleton bean 'org.springframework.boot.http.converter.autoconfigure.JacksonHttpMessageConvertersConfiguration'
2026-09-23 10:10:40.506 [restartedMain] DEBUG o.s.b.f.s.DefaultListableBeanFactory [] - Creating shared instance of singleton bean 'org.springframework.boot.http.converter.autoconfigure.Jackson2HttpMessageConvertersConfiguration'
2026-09-23 10:10:40.506 [restartedMain] DEBUG o.s.b.f.s.DefaultListableBeanFactory [] - Creating shared instance of singleton bean 'clientConvertersCustomizer'
2026-09-23 10:10:40.507 [restartedMain] DEBUG o.s.b.f.s.DefaultListableBeanFactory [] - Creating shared instance of singleton bean 'multipartResolver'
2026-09-23 10:10:40.508 [restartedMain] DEBUG o.s.j.e.a.AnnotationMBeanExporter [] - Registering beans for JMX exposure on startup
2026-09-23 10:10:40.508 [restartedMain] DEBUG o.s.j.e.a.AnnotationMBeanExporter [] - Auto-detecting user-defined JMX MBeans
2026-09-23 10:10:40.508 [restartedMain] DEBUG o.s.c.s.DefaultLifecycleProcessor [] - Starting beans in phase -2147483647
2026-09-23 10:10:40.508 [restartedMain] DEBUG o.s.c.s.DefaultLifecycleProcessor [] - Successfully started bean 'springBootLoggingLifecycle'
2026-09-23 10:10:40.508 [restartedMain] DEBUG o.s.c.s.DefaultLifecycleProcessor [] - Starting beans in phase 1073741823
2026-09-23 10:10:40.508 [restartedMain] DEBUG o.s.c.s.DefaultLifecycleProcessor [] - Starting beans in phase 2147481599
2026-09-23 10:10:40.508 [restartedMain] DEBUG o.apache.catalina.util.LifecycleBase [] - Setting state for [Connector["http-nio-8003"]] to [STARTING_PREP]
2026-09-23 10:10:40.508 [restartedMain] DEBUG o.apache.catalina.util.LifecycleBase [] - Setting state for [Connector["http-nio-8003"]] to [STARTING]
2026-09-23 10:10:40.508 [restartedMain] INFO  o.a.coyote.http11.Http11NioProtocol [] - Starting ProtocolHandler ["http-nio-8003"]
2026-09-23 10:10:40.510 [restartedMain] DEBUG o.apache.catalina.util.LifecycleBase [] - Setting state for [Connector["http-nio-8003"]] to [STARTED]
2026-09-23 10:10:40.510 [restartedMain] INFO  o.s.boot.tomcat.TomcatWebServer [] - Tomcat started on port 8003 (http) with context path '/'
2026-09-23 10:10:40.510 [restartedMain] DEBUG o.s.c.s.DefaultLifecycleProcessor [] - Successfully started bean 'webServerStartStop'
2026-09-23 10:10:40.510 [restartedMain] DEBUG o.s.c.s.DefaultLifecycleProcessor [] - Starting beans in phase 2147482623
2026-09-23 10:10:40.510 [restartedMain] DEBUG o.s.c.s.DefaultLifecycleProcessor [] - Successfully started bean 'webServerGracefulShutdown'
2026-09-23 10:10:40.512 [restartedMain] DEBUG o.s.b.a.l.ConditionEvaluationReportLogger [] - 


============================
CONDITIONS EVALUATION REPORT
============================


Positive matches:
-----------------

   AopAutoConfiguration matched:
      - @ConditionalOnBooleanProperty (spring.aop.auto=true) matched (OnPropertyCondition)

   AopAutoConfiguration.ClassProxyingConfiguration matched:
      - @ConditionalOnMissingClass did not find unwanted class 'org.aspectj.weaver.Advice' (OnClassCondition)
      - @ConditionalOnBooleanProperty (spring.aop.proxy-target-class=true) matched (OnPropertyCondition)

   ApplicationAvailabilityAutoConfiguration#applicationAvailability matched:
      - @ConditionalOnMissingBean (types: org.springframework.boot.availability.ApplicationAvailability; SearchStrategy: all) did not find any beans (OnBeanCondition)

   DispatcherServletAutoConfiguration matched:
      - @ConditionalOnClass found required class 'org.springframework.web.servlet.DispatcherServlet' (OnClassCondition)
      - found 'session' scope (OnWebApplicationCondition)

   DispatcherServletAutoConfiguration.DispatcherServletConfiguration matched:
      - @ConditionalOnClass found required class 'jakarta.servlet.ServletRegistration' (OnClassCondition)
      - Default DispatcherServlet did not find dispatcher servlet beans (DispatcherServletAutoConfiguration.DefaultDispatcherServletCondition)

   DispatcherServletAutoConfiguration.DispatcherServletRegistrationConfiguration matched:
      - @ConditionalOnClass found required class 'jakarta.servlet.ServletRegistration' (OnClassCondition)
      - DispatcherServlet Registration did not find servlet registration bean (DispatcherServletAutoConfiguration.DispatcherServletRegistrationCondition)

   DispatcherServletAutoConfiguration.DispatcherServletRegistrationConfiguration#dispatcherServletRegistration matched:
      - @ConditionalOnBean (names: dispatcherServlet types: org.springframework.web.servlet.DispatcherServlet; SearchStrategy: all) found bean 'dispatcherServlet' (OnBeanCondition)

   ErrorMvcAutoConfiguration matched:
      - @ConditionalOnClass found required classes 'jakarta.servlet.Servlet', 'org.springframework.web.servlet.DispatcherServlet' (OnClassCondition)
      - found 'session' scope (OnWebApplicationCondition)

   ErrorMvcAutoConfiguration#basicErrorController matched:
      - @ConditionalOnMissingBean (types: org.springframework.boot.webmvc.error.ErrorController; SearchStrategy: current) did not find any beans (OnBeanCondition)

   ErrorMvcAutoConfiguration#errorAttributes matched:
      - @ConditionalOnMissingBean (types: org.springframework.boot.webmvc.error.ErrorAttributes; SearchStrategy: current) did not find any beans (OnBeanCondition)

   ErrorMvcAutoConfiguration.DefaultErrorViewResolverConfiguration#conventionErrorViewResolver matched:
      - @ConditionalOnBean (types: org.springframework.web.servlet.DispatcherServlet; SearchStrategy: all) found bean 'dispatcherServlet'; @ConditionalOnMissingBean (types: org.springframework.boot.webmvc.autoconfigure.error.ErrorViewResolver; SearchStrategy: all) did not find any beans (OnBeanCondition)

   ErrorMvcAutoConfiguration.WhitelabelErrorViewConfiguration matched:
      - @ConditionalOnBooleanProperty (spring.web.error.whitelabel.enabled=true) matched (OnPropertyCondition)
      - ErrorTemplate Missing did not find error template view (ErrorMvcAutoConfiguration.ErrorTemplateMissingCondition)

   ErrorMvcAutoConfiguration.WhitelabelErrorViewConfiguration#beanNameViewResolver matched:
      - @ConditionalOnMissingBean (types: org.springframework.web.servlet.view.BeanNameViewResolver; SearchStrategy: all) did not find any beans (OnBeanCondition)

   ErrorMvcAutoConfiguration.WhitelabelErrorViewConfiguration#defaultErrorView matched:
      - @ConditionalOnMissingBean (names: error; SearchStrategy: all) did not find any beans (OnBeanCondition)

   HttpEncodingAutoConfiguration matched:
      - @ConditionalOnClass found required class 'org.springframework.web.filter.CharacterEncodingFilter' (OnClassCondition)
      - found 'session' scope (OnWebApplicationCondition)
      - @ConditionalOnBooleanProperty (spring.servlet.encoding.enabled=true) matched (OnPropertyCondition)

   HttpEncodingAutoConfiguration#characterEncodingFilter matched:
      - @ConditionalOnMissingBean (types: org.springframework.web.filter.CharacterEncodingFilter; SearchStrategy: all) did not find any beans (OnBeanCondition)

   HttpMessageConvertersAutoConfiguration matched:
      - @ConditionalOnClass found required class 'org.springframework.http.converter.HttpMessageConverter' (OnClassCondition)
      - NoneNestedConditions 0 matched 1 did not; NestedCondition on HttpMessageConvertersAutoConfiguration.NotReactiveWebApplicationCondition.ReactiveWebApplication did not find reactive web application classes (HttpMessageConvertersAutoConfiguration.NotReactiveWebApplicationCondition)

   HttpMessageConvertersAutoConfiguration.StringHttpMessageConverterConfiguration#stringHttpMessageConvertersCustomizer matched:
      - @ConditionalOnMissingBean (types: org.springframework.http.converter.StringHttpMessageConverter; SearchStrategy: all) did not find any beans (OnBeanCondition)

   JacksonAutoConfiguration matched:
      - @ConditionalOnClass found required class 'tools.jackson.databind.json.JsonMapper' (OnClassCondition)

   JacksonAutoConfiguration#jacksonJsonMapper matched:
      - @ConditionalOnMissingBean (types: tools.jackson.databind.json.JsonMapper; SearchStrategy: all) did not find any beans (OnBeanCondition)

   JacksonAutoConfiguration#jsonFactory matched:
      - @ConditionalOnMissingBean (types: tools.jackson.core.json.JsonFactory; SearchStrategy: all) did not find any beans (OnBeanCondition)

   JacksonAutoConfiguration#jsonMapperBuilder matched:
      - @ConditionalOnMissingBean (types: tools.jackson.databind.json.JsonMapper$Builder; SearchStrategy: all) did not find any beans (OnBeanCondition)

   JacksonAutoConfiguration.JsonProblemDetailsConfiguration matched:
      - @ConditionalOnClass found required class 'org.springframework.http.ProblemDetail' (OnClassCondition)

   JacksonHttpMessageConvertersConfiguration.JacksonJsonHttpMessageConverterConfiguration matched:
      - @ConditionalOnClass found required class 'tools.jackson.databind.json.JsonMapper' (OnClassCondition)
      - @ConditionalOnProperty (spring.http.converters.preferred-json-mapper=jackson) matched (OnPropertyCondition)
      - @ConditionalOnBean (types: tools.jackson.databind.json.JsonMapper; SearchStrategy: all) found bean 'jacksonJsonMapper' (OnBeanCondition)

   JacksonHttpMessageConvertersConfiguration.JacksonJsonHttpMessageConverterConfiguration#jacksonJsonHttpMessageConvertersCustomizer matched:
      - @ConditionalOnMissingBean (types: org.springframework.http.converter.json.JacksonJsonHttpMessageConverter ignored: org.springframework.hateoas.server.mvc.TypeConstrainedJacksonJsonHttpMessageConverter,org.springframework.data.rest.webmvc.alps.AlpsJacksonJsonHttpMessageConverter; SearchStrategy: all) did not find any beans (OnBeanCondition)

   JmxAutoConfiguration matched:
      - @ConditionalOnClass found required class 'org.springframework.jmx.export.MBeanExporter' (OnClassCondition)
      - @ConditionalOnBooleanProperty (spring.jmx.enabled=true) matched (OnPropertyCondition)

   JmxAutoConfiguration#mbeanExporter matched:
      - @ConditionalOnMissingBean (types: org.springframework.jmx.export.MBeanExporter; SearchStrategy: current) did not find any beans (OnBeanCondition)

   JmxAutoConfiguration#mbeanServer matched:
      - @ConditionalOnMissingBean (types: javax.management.MBeanServer; SearchStrategy: all) did not find any beans (OnBeanCondition)

   JmxAutoConfiguration#objectNamingStrategy matched:
      - @ConditionalOnMissingBean (types: org.springframework.jmx.export.naming.ObjectNamingStrategy; SearchStrategy: current) did not find any beans (OnBeanCondition)

   LifecycleAutoConfiguration#defaultLifecycleProcessor matched:
      - @ConditionalOnMissingBean (names: lifecycleProcessor; SearchStrategy: current) did not find any beans (OnBeanCondition)

   LocalDevToolsAutoConfiguration matched:
      - Initialized Restarter Condition available and initialized (OnInitializedRestarterCondition)

   LocalDevToolsAutoConfiguration.RestartConfiguration matched:
      - @ConditionalOnBooleanProperty (spring.devtools.restart.enabled=true) matched (OnPropertyCondition)

   LocalDevToolsAutoConfiguration.RestartConfiguration#classPathFileSystemWatcher matched:
      - @ConditionalOnMissingBean (types: org.springframework.boot.devtools.classpath.ClassPathFileSystemWatcher; SearchStrategy: all) did not find any beans (OnBeanCondition)

   LocalDevToolsAutoConfiguration.RestartConfiguration#classPathRestartStrategy matched:
      - @ConditionalOnMissingBean (types: org.springframework.boot.devtools.classpath.ClassPathRestartStrategy; SearchStrategy: all) did not find any beans (OnBeanCondition)

   LocalDevToolsAutoConfiguration.RestartConfiguration#conditionEvaluationDeltaLoggingListener matched:
      - @ConditionalOnBooleanProperty (spring.devtools.restart.log-condition-evaluation-delta=true) matched (OnPropertyCondition)

   MultipartAutoConfiguration matched:
      - @ConditionalOnClass found required classes 'jakarta.servlet.Servlet', 'org.springframework.web.multipart.support.StandardServletMultipartResolver', 'jakarta.servlet.MultipartConfigElement' (OnClassCondition)
      - found 'session' scope (OnWebApplicationCondition)
      - @ConditionalOnBooleanProperty (spring.servlet.multipart.enabled=true) matched (OnPropertyCondition)

   MultipartAutoConfiguration#multipartConfigElement matched:
      - @ConditionalOnMissingBean (types: jakarta.servlet.MultipartConfigElement; SearchStrategy: all) did not find any beans (OnBeanCondition)

   MultipartAutoConfiguration#multipartResolver matched:
      - @ConditionalOnMissingBean (types: org.springframework.web.multipart.MultipartResolver; SearchStrategy: all) did not find any beans (OnBeanCondition)

   PropertyPlaceholderAutoConfiguration#propertySourcesPlaceholderConfigurer matched:
      - @ConditionalOnMissingBean (types: org.springframework.context.support.PropertySourcesPlaceholderConfigurer; SearchStrategy: current) did not find any beans (OnBeanCondition)

   SpringApplicationAdminJmxAutoConfiguration matched:
      - @ConditionalOnBooleanProperty (spring.application.admin.enabled=true) matched (OnPropertyCondition)

   SpringApplicationAdminJmxAutoConfiguration#springApplicationAdminRegistrar matched:
      - @ConditionalOnMissingBean (types: org.springframework.boot.admin.SpringApplicationAdminMXBeanRegistrar; SearchStrategy: all) did not find any beans (OnBeanCondition)

   SslAutoConfiguration#sslBundleRegistry matched:
      - @ConditionalOnMissingBean (types: org.springframework.boot.ssl.SslBundleRegistry,org.springframework.boot.ssl.SslBundles; SearchStrategy: all) did not find any beans (OnBeanCondition)

   TaskExecutionAutoConfiguration matched:
      - @ConditionalOnClass found required class 'org.springframework.scheduling.concurrent.ThreadPoolTaskExecutor' (OnClassCondition)

   TaskExecutorConfigurations.AsyncConfigurerConfiguration matched:
      - @ConditionalOnMissingBean (types: org.springframework.scheduling.annotation.AsyncConfigurer; SearchStrategy: all) did not find any beans (OnBeanCondition)

   TaskExecutorConfigurations.SimpleAsyncTaskExecutorBuilderConfiguration#simpleAsyncTaskExecutorBuilder matched:
      - @ConditionalOnMissingBean (types: org.springframework.boot.task.SimpleAsyncTaskExecutorBuilder; SearchStrategy: all) did not find any beans (OnBeanCondition)
      - @ConditionalOnThreading found PLATFORM (OnThreadingCondition)

   TaskExecutorConfigurations.TaskExecutorConfiguration matched:
      - AnyNestedCondition 1 matched 1 did not; NestedCondition on TaskExecutorConfigurations.OnExecutorCondition.ModelCondition @ConditionalOnProperty (spring.task.execution.mode=force) did not find property 'spring.task.execution.mode'; NestedCondition on TaskExecutorConfigurations.OnExecutorCondition.ExecutorBeanCondition @ConditionalOnMissingBean (types: java.util.concurrent.Executor; SearchStrategy: all) did not find any beans (TaskExecutorConfigurations.OnExecutorCondition)

   TaskExecutorConfigurations.TaskExecutorConfiguration#applicationTaskExecutor matched:
      - @ConditionalOnThreading found PLATFORM (OnThreadingCondition)

   TaskExecutorConfigurations.ThreadPoolTaskExecutorBuilderConfiguration#threadPoolTaskExecutorBuilder matched:
      - @ConditionalOnMissingBean (types: org.springframework.boot.task.ThreadPoolTaskExecutorBuilder; SearchStrategy: all) did not find any beans (OnBeanCondition)

   TaskSchedulingAutoConfiguration matched:
      - @ConditionalOnClass found required class 'org.springframework.scheduling.concurrent.ThreadPoolTaskScheduler' (OnClassCondition)

   TaskSchedulingConfigurations.SimpleAsyncTaskSchedulerBuilderConfiguration#simpleAsyncTaskSchedulerBuilder matched:
      - @ConditionalOnMissingBean (types: org.springframework.boot.task.SimpleAsyncTaskSchedulerBuilder; SearchStrategy: all) did not find any beans (OnBeanCondition)
      - @ConditionalOnThreading found PLATFORM (OnThreadingCondition)

   TaskSchedulingConfigurations.ThreadPoolTaskSchedulerBuilderConfiguration#threadPoolTaskSchedulerBuilder matched:
      - @ConditionalOnMissingBean (types: org.springframework.boot.task.ThreadPoolTaskSchedulerBuilder; SearchStrategy: all) did not find any beans (OnBeanCondition)

   TomcatServletWebServerAutoConfiguration matched:
      - @ConditionalOnClass found required classes 'jakarta.servlet.ServletRequest', 'org.apache.catalina.startup.Tomcat', 'org.apache.coyote.UpgradeProtocol', 'org.springframework.boot.tomcat.servlet.TomcatServletWebServerFactory' (OnClassCondition)
      - found 'session' scope (OnWebApplicationCondition)

   TomcatServletWebServerAutoConfiguration#tomcatServletWebServerFactory matched:
      - @ConditionalOnMissingBean (types: org.springframework.boot.web.server.servlet.ServletWebServerFactory; SearchStrategy: current) did not find any beans (OnBeanCondition)

   TomcatWebServerConfiguration matched:
      - @ConditionalOnWarDeployment the application is not deployed as a WAR file. (OnWarDeploymentCondition)

   TomcatWebServerConfiguration.TomcatWebSocketConfiguration matched:
      - @ConditionalOnClass found required class 'org.apache.tomcat.websocket.server.WsSci' (OnClassCondition)

   WebMvcAutoConfiguration matched:
      - @ConditionalOnClass found required classes 'jakarta.servlet.Servlet', 'org.springframework.web.servlet.DispatcherServlet', 'org.springframework.web.servlet.config.annotation.WebMvcConfigurer' (OnClassCondition)
      - found 'session' scope (OnWebApplicationCondition)
      - @ConditionalOnMissingBean (types: org.springframework.web.servlet.config.annotation.WebMvcConfigurationSupport; SearchStrategy: all) did not find any beans (OnBeanCondition)

   WebMvcAutoConfiguration#formContentFilter matched:
      - @ConditionalOnBooleanProperty (spring.mvc.formcontent.filter.enabled=true) matched (OnPropertyCondition)
      - @ConditionalOnMissingBean (types: org.springframework.web.filter.FormContentFilter; SearchStrategy: all) did not find any beans (OnBeanCondition)

   WebMvcAutoConfiguration.EnableWebMvcConfiguration#flashMapManager matched:
      - @ConditionalOnMissingBean (names: flashMapManager; SearchStrategy: all) did not find any beans (OnBeanCondition)

   WebMvcAutoConfiguration.EnableWebMvcConfiguration#localeResolver matched:
      - @ConditionalOnMissingBean (names: localeResolver; SearchStrategy: all) did not find any beans (OnBeanCondition)

   WebMvcAutoConfiguration.EnableWebMvcConfiguration#viewNameTranslator matched:
      - @ConditionalOnMissingBean (names: viewNameTranslator; SearchStrategy: all) did not find any beans (OnBeanCondition)

   WebMvcAutoConfiguration.WebMvcAutoConfigurationAdapter#defaultViewResolver matched:
      - @ConditionalOnMissingBean (types: org.springframework.web.servlet.view.InternalResourceViewResolver; SearchStrategy: all) did not find any beans (OnBeanCondition)

   WebMvcAutoConfiguration.WebMvcAutoConfigurationAdapter#requestContextFilter matched:
      - @ConditionalOnMissingBean (types: org.springframework.web.context.request.RequestContextListener,org.springframework.web.filter.RequestContextFilter; SearchStrategy: all) did not find any beans (OnBeanCondition)

   WebMvcAutoConfiguration.WebMvcAutoConfigurationAdapter#viewResolver matched:
      - @ConditionalOnBean (types: org.springframework.web.servlet.ViewResolver; SearchStrategy: all) found beans 'defaultViewResolver', 'beanNameViewResolver', 'mvcViewResolver'; @ConditionalOnMissingBean (names: viewResolver types: org.springframework.web.servlet.view.ContentNegotiatingViewResolver; SearchStrategy: all) did not find any beans (OnBeanCondition)


Negative matches:
-----------------

   AopAutoConfiguration.AspectJAutoProxyingConfiguration:
      Did not match:
         - @ConditionalOnClass did not find required class 'org.aspectj.weaver.Advice' (OnClassCondition)

   DevToolsDataSourceAutoConfiguration:
      Did not match:
         - DevTools DataSource Condition did not find a single DataSource bean (DevToolsDataSourceAutoConfiguration.DevToolsDataSourceCondition)
      Matched:
         - @ConditionalOnClass found required class 'javax.sql.DataSource' (OnClassCondition)
         - Devtools devtools enabled. (OnEnabledDevToolsCondition)

   DevToolsDataSourceAutoConfiguration.DatabaseShutdownExecutorEntityManagerFactoryDependsOnConfiguration:
      Did not match:
         - @ConditionalOnClass did not find required classes 'org.springframework.boot.jpa.autoconfigure.EntityManagerFactoryDependsOnPostProcessor', 'org.springframework.orm.jpa.LocalContainerEntityManagerFactoryBean' (OnClassCondition)
         - Ancestor org.springframework.boot.devtools.autoconfigure.DevToolsDataSourceAutoConfiguration did not match (ConditionEvaluationReport.AncestorsMatchedCondition)

   DevToolsR2dbcAutoConfiguration:
      Did not match:
         - @ConditionalOnClass did not find required class 'io.r2dbc.spi.ConnectionFactory' (OnClassCondition)

   DispatcherServletAutoConfiguration.DispatcherServletConfiguration#multipartResolver:
      Did not match:
         - @ConditionalOnBean (types: org.springframework.web.multipart.MultipartResolver; SearchStrategy: all) did not find any beans of type org.springframework.web.multipart.MultipartResolver (OnBeanCondition)

   GsonHttpMessageConvertersConfiguration:
      Did not match:
         - @ConditionalOnClass did not find required class 'com.google.gson.Gson' (OnClassCondition)

   Jackson2HttpMessageConvertersConfiguration.MappingJackson2HttpMessageConverterConfiguration:
      Did not match:
         - @ConditionalOnClass did not find required class 'com.fasterxml.jackson.databind.ObjectMapper' (OnClassCondition)

   Jackson2HttpMessageConvertersConfiguration.MappingJackson2XmlHttpMessageConverterConfiguration:
      Did not match:
         - @ConditionalOnClass did not find required class 'com.fasterxml.jackson.dataformat.xml.XmlMapper' (OnClassCondition)

   JacksonAutoConfiguration.CborConfiguration:
      Did not match:
         - @ConditionalOnClass did not find required class 'tools.jackson.dataformat.cbor.CBORMapper' (OnClassCondition)

   JacksonAutoConfiguration.XmlConfiguration:
      Did not match:
         - @ConditionalOnClass did not find required class 'tools.jackson.dataformat.xml.XmlMapper' (OnClassCondition)

   JacksonHttpMessageConvertersConfiguration.JacksonXmlHttpMessageConverterConfiguration:
      Did not match:
         - @ConditionalOnClass did not find required class 'tools.jackson.dataformat.xml.XmlMapper' (OnClassCondition)

   JsonbHttpMessageConvertersConfiguration:
      Did not match:
         - @ConditionalOnClass did not find required class 'jakarta.json.bind.Jsonb' (OnClassCondition)

   KotlinSerializationHttpMessageConvertersConfiguration:
      Did not match:
         - @ConditionalOnClass did not find required classes 'kotlinx.serialization.Serializable', 'kotlinx.serialization.json.Json' (OnClassCondition)

   LocalDevToolsAutoConfiguration.LiveReloadConfiguration:
      Did not match:
         - @ConditionalOnBooleanProperty (spring.devtools.livereload.enabled=true) did not find property 'spring.devtools.livereload.enabled' (OnPropertyCondition)

   MessageSourceAutoConfiguration:
      Did not match:
         - ResourceBundle did not find bundle with basename messages (MessageSourceAutoConfiguration.ResourceBundleCondition)

   ProjectInfoAutoConfiguration#buildProperties:
      Did not match:
         - @ConditionalOnResource did not find resource '${spring.info.build.location:classpath:META-INF/build-info.properties}' (OnResourceCondition)

   ProjectInfoAutoConfiguration#gitProperties:
      Did not match:
         - GitResource did not find git info at classpath:git.properties (ProjectInfoAutoConfiguration.GitResourceAvailableCondition)

   RemoteDevToolsAutoConfiguration:
      Did not match:
         - @ConditionalOnProperty (spring.devtools.remote.secret) did not find property 'spring.devtools.remote.secret' (OnPropertyCondition)
      Matched:
         - @ConditionalOnClass found required classes 'jakarta.servlet.Filter', 'org.springframework.http.server.ServerHttpRequest', 'org.springframework.boot.web.server.autoconfigure.ServerProperties' (OnClassCondition)

   ServletHttpExchangesAutoConfiguration:
      Did not match:
         - @ConditionalOnBean did not find required type 'org.springframework.boot.actuate.web.exchanges.HttpExchangeRepository' (OnBeanCondition)

   ServletManagementContextAutoConfiguration:
      Did not match:
         - @ConditionalOnClass did not find required class 'org.springframework.boot.actuate.autoconfigure.endpoint.web.WebEndpointProperties' (OnClassCondition)

   ServletMappingsAutoConfiguration:
      Did not match:
         - @ConditionalOnClass did not find required class 'org.springframework.boot.actuate.autoconfigure.endpoint.condition.ConditionalOnAvailableEndpoint' (OnClassCondition)

   ServletWebServerConfiguration#forwardedHeaderFilter:
      Did not match:
         - @ConditionalOnProperty (server.forward-headers-strategy=framework) did not find property 'server.forward-headers-strategy' (OnPropertyCondition)

   TaskExecutorConfigurations.AsyncConfigurerWrapperConfiguration:
      Did not match:
         - @ConditionalOnBean (types: org.springframework.scheduling.annotation.AsyncConfigurer; SearchStrategy: all) did not find any beans of type org.springframework.scheduling.annotation.AsyncConfigurer (OnBeanCondition)

   TaskExecutorConfigurations.SimpleAsyncTaskExecutorBuilderConfiguration#simpleAsyncTaskExecutorBuilderVirtualThreads:
      Did not match:
         - @ConditionalOnMissingBean (types: org.springframework.boot.task.SimpleAsyncTaskExecutorBuilder; SearchStrategy: all) found beans of type 'org.springframework.boot.task.SimpleAsyncTaskExecutorBuilder' simpleAsyncTaskExecutorBuilder (OnBeanCondition)

   TaskExecutorConfigurations.TaskExecutorConfiguration#applicationTaskExecutorVirtualThreads:
      Did not match:
         - @ConditionalOnThreading did not find VIRTUAL (OnThreadingCondition)

   TaskExecutorConfigurations.TaskExecutorContextPropagationConfiguration:
      Did not match:
         - @ConditionalOnClass did not find required class 'io.micrometer.context.ContextSnapshot' (OnClassCondition)

   TaskSchedulingAutoConfiguration#scheduledBeanLazyInitializationExcludeFilter:
      Did not match:
         - @ConditionalOnBean (names: org.springframework.scheduling.config.internalScheduledAnnotationProcessor; SearchStrategy: all) did not find any beans named org.springframework.scheduling.config.internalScheduledAnnotationProcessor (OnBeanCondition)

   TaskSchedulingConfigurations.SimpleAsyncTaskSchedulerBuilderConfiguration#simpleAsyncTaskSchedulerBuilderVirtualThreads:
      Did not match:
         - @ConditionalOnMissingBean (types: org.springframework.boot.task.SimpleAsyncTaskSchedulerBuilder; SearchStrategy: all) found beans of type 'org.springframework.boot.task.SimpleAsyncTaskSchedulerBuilder' simpleAsyncTaskSchedulerBuilder (OnBeanCondition)

   TaskSchedulingConfigurations.TaskSchedulerConfiguration:
      Did not match:
         - @ConditionalOnBean (names: org.springframework.scheduling.config.internalScheduledAnnotationProcessor; SearchStrategy: all) did not find any beans named org.springframework.scheduling.config.internalScheduledAnnotationProcessor (OnBeanCondition)

   TomcatMetricsAutoConfiguration:
      Did not match:
         - @ConditionalOnClass did not find required class 'io.micrometer.core.instrument.binder.tomcat.TomcatMetrics' (OnClassCondition)

   TomcatReactiveManagementContextAutoConfiguration:
      Did not match:
         - @ConditionalOnClass did not find required class 'org.springframework.boot.actuate.autoconfigure.web.server.ManagementContextFactory' (OnClassCondition)

   TomcatReactiveWebServerAutoConfiguration:
      Did not match:
         - @ConditionalOnWebApplication did not find reactive web application classes (OnWebApplicationCondition)

   TomcatServletManagementContextAutoConfiguration:
      Did not match:
         - @ConditionalOnClass did not find required class 'org.springframework.boot.actuate.autoconfigure.web.server.ManagementContextFactory' (OnClassCondition)

   TomcatServletWebServerAutoConfiguration#tomcatForwardedHeaderFilterCustomizer:
      Did not match:
         - @ConditionalOnProperty (server.forward-headers-strategy=framework) did not find property 'server.forward-headers-strategy' (OnPropertyCondition)

   TomcatWebServerConfiguration#tomcatVirtualThreadsProtocolHandlerCustomizer:
      Did not match:
         - @ConditionalOnThreading did not find VIRTUAL (OnThreadingCondition)

   WebMvcAutoConfiguration#hiddenHttpMethodFilter:
      Did not match:
         - @ConditionalOnBooleanProperty (spring.mvc.hiddenmethod.filter.enabled=true) did not find property 'spring.mvc.hiddenmethod.filter.enabled' (OnPropertyCondition)

   WebMvcAutoConfiguration.ProblemDetailsErrorHandlingConfiguration:
      Did not match:
         - @ConditionalOnBooleanProperty (spring.mvc.problemdetails.enabled=true) did not find property 'spring.mvc.problemdetails.enabled' (OnPropertyCondition)

   WebMvcAutoConfiguration.ResourceChainCustomizerConfiguration:
      Did not match:
         - @ConditionalOnEnabledResourceChain did not find class org.webjars.WebJarVersionLocator (OnEnabledResourceChainCondition)

   WebMvcAutoConfiguration.WebMvcAutoConfigurationAdapter#beanNameViewResolver:
      Did not match:
         - @ConditionalOnMissingBean (types: org.springframework.web.servlet.view.BeanNameViewResolver; SearchStrategy: all) found beans of type 'org.springframework.web.servlet.view.BeanNameViewResolver' beanNameViewResolver (OnBeanCondition)

   WebMvcHealthEndpointExtensionAutoConfiguration:
      Did not match:
         - @ConditionalOnClass did not find required class 'org.springframework.boot.health.actuate.endpoint.HealthEndpoint' (OnClassCondition)

   WebMvcMappingsAutoConfiguration:
      Did not match:
         - @ConditionalOnClass did not find required class 'org.springframework.boot.actuate.autoconfigure.endpoint.condition.ConditionalOnAvailableEndpoint' (OnClassCondition)

   WebMvcObservationAutoConfiguration:
      Did not match:
         - @ConditionalOnClass did not find required class 'org.springframework.boot.micrometer.observation.autoconfigure.ObservationProperties' (OnClassCondition)


Exclusions:
-----------

    None


Unconditional classes:
----------------------

    org.springframework.boot.autoconfigure.context.ConfigurationPropertiesAutoConfiguration

    org.springframework.boot.autoconfigure.ssl.SslAutoConfiguration

    org.springframework.boot.autoconfigure.context.LifecycleAutoConfiguration

    org.springframework.boot.autoconfigure.context.PropertyPlaceholderAutoConfiguration

    org.springframework.boot.autoconfigure.availability.ApplicationAvailabilityAutoConfiguration

    org.springframework.boot.autoconfigure.info.ProjectInfoAutoConfiguration



2026-09-23 10:10:40.512 [restartedMain] INFO  t.zff06.logging.LoggingApplication [] - Started LoggingApplication in 0.129 seconds (process running for 110.801)
2026-09-23 10:10:40.512 [restartedMain] DEBUG o.s.b.a.ApplicationAvailabilityBean [] - Application availability state LivenessState changed to CORRECT
2026-09-23 10:10:40.514 [restartedMain] INFO  o.s.b.d.a.ConditionEvaluationDeltaLoggingListener [] - Condition evaluation unchanged
2026-09-23 10:10:40.514 [restartedMain] DEBUG o.s.b.a.ApplicationAvailabilityBean [] - Application availability state ReadinessState changed to ACCEPTING_TRAFFIC
2026-09-23 10:10:40.994 [RMI TCP Connection(2)-192.168.208.1] DEBUG sun.rmi.transport.tcp [] - RMI TCP Connection(2)-192.168.208.1: (port 64300) op = 82
2026-09-23 10:10:40.994 [RMI TCP Connection(2)-192.168.208.1] DEBUG sun.rmi.transport.tcp [] - RMI TCP Connection(2)-192.168.208.1: (port 64300) op = 80
2026-09-23 10:10:40.994 [RMI TCP Connection(2)-192.168.208.1] DEBUG sun.rmi.loader [] - RMI TCP Connection(2)-192.168.208.1: name = "javax.management.ObjectName", codebase = ""
2026-09-23 10:10:40.994 [RMI TCP Connection(2)-192.168.208.1] DEBUG javax.management.remote.rmi [] - connectionId=rmi://192.168.208.1  1, name=java.lang:type=OperatingSystem, attribute=ProcessCpuLoad
2026-09-23 10:10:41.014 [RMI TCP Connection(2)-192.168.208.1] DEBUG sun.rmi.transport.tcp [] - RMI TCP Connection(2)-192.168.208.1: (port 64300) op = 82
2026-09-23 10:10:41.014 [RMI TCP Connection(2)-192.168.208.1] DEBUG sun.rmi.transport.tcp [] - RMI TCP Connection(2)-192.168.208.1: (port 64300) op = 80
2026-09-23 10:10:41.014 [RMI TCP Connection(2)-192.168.208.1] DEBUG sun.rmi.loader [] - RMI TCP Connection(2)-192.168.208.1: name = "javax.management.ObjectName", codebase = ""
2026-09-23 10:10:41.014 [RMI TCP Connection(2)-192.168.208.1] DEBUG javax.management.remote.rmi [] - connectionId=rmi://192.168.208.1  1, name=java.lang:type=Memory, attribute=HeapMemoryUsage
2026-09-23 10:10:41.014 [RMI TCP Connection(2)-192.168.208.1] DEBUG sun.rmi.transport.tcp [] - RMI TCP Connection(2)-192.168.208.1: (port 64300) op = 80
2026-09-23 10:10:41.014 [RMI TCP Connection(2)-192.168.208.1] DEBUG sun.rmi.loader [] - RMI TCP Connection(2)-192.168.208.1: name = "javax.management.ObjectName", codebase = ""
2026-09-23 10:10:41.014 [RMI TCP Connection(2)-192.168.208.1] DEBUG javax.management.remote.rmi [] - connectionId=rmi://192.168.208.1  1, name=java.lang:type=Memory, attribute=HeapMemoryUsage
2026-09-23 10:10:42.016 [RMI TCP Connection(2)-192.168.208.1] DEBUG sun.rmi.transport.tcp [] - RMI TCP Connection(2)-192.168.208.1: (port 64300) op = 82
2026-09-23 10:10:42.016 [RMI TCP Connection(2)-192.168.208.1] DEBUG sun.rmi.transport.tcp [] - RMI TCP Connection(2)-192.168.208.1: (port 64300) op = 80
2026-09-23 10:10:42.016 [RMI TCP Connection(2)-192.168.208.1] DEBUG sun.rmi.loader [] - RMI TCP Connection(2)-192.168.208.1: name = "javax.management.ObjectName", codebase = ""
2026-09-23 10:10:42.016 [RMI TCP Connection(2)-192.168.208.1] DEBUG javax.management.remote.rmi [] - connectionId=rmi://192.168.208.1  1, name=java.lang:type=OperatingSystem, attribute=ProcessCpuLoad
2026-09-23 10:10:42.036 [RMI TCP Connection(2)-192.168.208.1] DEBUG sun.rmi.transport.tcp [] - RMI TCP Connection(2)-192.168.208.1: (port 64300) op = 82
2026-09-23 10:10:42.037 [RMI TCP Connection(2)-192.168.208.1] DEBUG sun.rmi.transport.tcp [] - RMI TCP Connection(2)-192.168.208.1: (port 64300) op = 80
2026-09-23 10:10:42.037 [RMI TCP Connection(2)-192.168.208.1] DEBUG sun.rmi.loader [] - RMI TCP Connection(2)-192.168.208.1: name = "javax.management.ObjectName", codebase = ""
2026-09-23 10:10:42.037 [RMI TCP Connection(2)-192.168.208.1] DEBUG javax.management.remote.rmi [] - connectionId=rmi://192.168.208.1  1, name=java.lang:type=Memory, attribute=HeapMemoryUsage
2026-09-23 10:10:42.037 [RMI TCP Connection(2)-192.168.208.1] DEBUG sun.rmi.transport.tcp [] - RMI TCP Connection(2)-192.168.208.1: (port 64300) op = 80
2026-09-23 10:10:42.037 [RMI TCP Connection(2)-192.168.208.1] DEBUG sun.rmi.loader [] - RMI TCP Connection(2)-192.168.208.1: name = "javax.management.ObjectName", codebase = ""
2026-09-23 10:10:42.037 [RMI TCP Connection(2)-192.168.208.1] DEBUG javax.management.remote.rmi [] - connectionId=rmi://192.168.208.1  1, name=java.lang:type=Memory, attribute=HeapMemoryUsage
2026-09-23 10:10:43.039 [RMI TCP Connection(2)-192.168.208.1] DEBUG sun.rmi.transport.tcp [] - RMI TCP Connection(2)-192.168.208.1: (port 64300) op = 82
2026-09-23 10:10:43.039 [RMI TCP Connection(2)-192.168.208.1] DEBUG sun.rmi.transport.tcp [] - RMI TCP Connection(2)-192.168.208.1: (port 64300) op = 80
2026-09-23 10:10:43.039 [RMI TCP Connection(2)-192.168.208.1] DEBUG sun.rmi.loader [] - RMI TCP Connection(2)-192.168.208.1: name = "javax.management.ObjectName", codebase = ""
2026-09-23 10:10:43.039 [RMI TCP Connection(2)-192.168.208.1] DEBUG javax.management.remote.rmi [] - connectionId=rmi://192.168.208.1  1, name=java.lang:type=OperatingSystem, attribute=ProcessCpuLoad
2026-09-23 10:10:43.061 [RMI TCP Connection(2)-192.168.208.1] DEBUG sun.rmi.transport.tcp [] - RMI TCP Connection(2)-192.168.208.1: (port 64300) op = 82
2026-09-23 10:10:43.061 [RMI TCP Connection(2)-192.168.208.1] DEBUG sun.rmi.transport.tcp [] - RMI TCP Connection(2)-192.168.208.1: (port 64300) op = 80
2026-09-23 10:10:43.061 [RMI TCP Connection(2)-192.168.208.1] DEBUG sun.rmi.loader [] - RMI TCP Connection(2)-192.168.208.1: name = "javax.management.ObjectName", codebase = ""
2026-09-23 10:10:43.061 [RMI TCP Connection(2)-192.168.208.1] DEBUG javax.management.remote.rmi [] - connectionId=rmi://192.168.208.1  1, name=java.lang:type=Memory, attribute=HeapMemoryUsage
2026-09-23 10:10:43.061 [RMI TCP Connection(2)-192.168.208.1] DEBUG sun.rmi.transport.tcp [] - RMI TCP Connection(2)-192.168.208.1: (port 64300) op = 82
2026-09-23 10:10:43.061 [RMI TCP Connection(2)-192.168.208.1] DEBUG sun.rmi.transport.tcp [] - RMI TCP Connection(2)-192.168.208.1: (port 64300) op = 80
2026-09-23 10:10:43.061 [RMI TCP Connection(2)-192.168.208.1] DEBUG sun.rmi.loader [] - RMI TCP Connection(2)-192.168.208.1: name = "javax.management.ObjectName", codebase = ""
2026-09-23 10:10:43.061 [RMI TCP Connection(2)-192.168.208.1] DEBUG javax.management.remote.rmi [] - connectionId=rmi://192.168.208.1  1, name=java.lang:type=Memory, attribute=HeapMemoryUsage
2026-09-23 10:10:44.063 [RMI TCP Connection(2)-192.168.208.1] DEBUG sun.rmi.transport.tcp [] - RMI TCP Connection(2)-192.168.208.1: (port 64300) op = 82
2026-09-23 10:10:44.063 [RMI TCP Connection(2)-192.168.208.1] DEBUG sun.rmi.transport.tcp [] - RMI TCP Connection(2)-192.168.208.1: (port 64300) op = 80
2026-09-23 10:10:44.063 [RMI TCP Connection(2)-192.168.208.1] DEBUG sun.rmi.loader [] - RMI TCP Connection(2)-192.168.208.1: name = "javax.management.ObjectName", codebase = ""
2026-09-23 10:10:44.064 [RMI TCP Connection(2)-192.168.208.1] DEBUG javax.management.remote.rmi [] - connectionId=rmi://192.168.208.1  1, name=java.lang:type=OperatingSystem, attribute=ProcessCpuLoad
2026-09-23 10:10:44.082 [RMI TCP Connection(2)-192.168.208.1] DEBUG sun.rmi.transport.tcp [] - RMI TCP Connection(2)-192.168.208.1: (port 64300) op = 82
2026-09-23 10:10:44.083 [RMI TCP Connection(2)-192.168.208.1] DEBUG sun.rmi.transport.tcp [] - RMI TCP Connection(2)-192.168.208.1: (port 64300) op = 80
2026-09-23 10:10:44.083 [RMI TCP Connection(2)-192.168.208.1] DEBUG sun.rmi.loader [] - RMI TCP Connection(2)-192.168.208.1: name = "javax.management.ObjectName", codebase = ""
2026-09-23 10:10:44.083 [RMI TCP Connection(2)-192.168.208.1] DEBUG javax.management.remote.rmi [] - connectionId=rmi://192.168.208.1  1, name=java.lang:type=Memory, attribute=HeapMemoryUsage
2026-09-23 10:10:44.083 [RMI TCP Connection(2)-192.168.208.1] DEBUG sun.rmi.transport.tcp [] - RMI TCP Connection(2)-192.168.208.1: (port 64300) op = 82
2026-09-23 10:10:44.084 [RMI TCP Connection(2)-192.168.208.1] DEBUG sun.rmi.transport.tcp [] - RMI TCP Connection(2)-192.168.208.1: (port 64300) op = 80
2026-09-23 10:10:44.084 [RMI TCP Connection(2)-192.168.208.1] DEBUG sun.rmi.loader [] - RMI TCP Connection(2)-192.168.208.1: name = "javax.management.ObjectName", codebase = ""
2026-09-23 10:10:44.084 [RMI TCP Connection(2)-192.168.208.1] DEBUG javax.management.remote.rmi [] - connectionId=rmi://192.168.208.1  1, name=java.lang:type=Memory, attribute=HeapMemoryUsage
2026-09-23 10:10:45.084 [RMI TCP Connection(2)-192.168.208.1] DEBUG sun.rmi.transport.tcp [] - RMI TCP Connection(2)-192.168.208.1: (port 64300) op = 82
2026-09-23 10:10:45.084 [RMI TCP Connection(2)-192.168.208.1] DEBUG sun.rmi.transport.tcp [] - RMI TCP Connection(2)-192.168.208.1: (port 64300) op = 80
2026-09-23 10:10:45.084 [RMI TCP Connection(2)-192.168.208.1] DEBUG sun.rmi.loader [] - RMI TCP Connection(2)-192.168.208.1: name = "javax.management.ObjectName", codebase = ""
2026-09-23 10:10:45.084 [RMI TCP Connection(2)-192.168.208.1] DEBUG javax.management.remote.rmi [] - connectionId=rmi://192.168.208.1  1, name=java.lang:type=OperatingSystem, attribute=ProcessCpuLoad
2026-09-23 10:10:45.102 [RMI TCP Connection(2)-192.168.208.1] DEBUG sun.rmi.transport.tcp [] - RMI TCP Connection(2)-192.168.208.1: (port 64300) op = 82
2026-09-23 10:10:45.102 [RMI TCP Connection(2)-192.168.208.1] DEBUG sun.rmi.transport.tcp [] - RMI TCP Connection(2)-192.168.208.1: (port 64300) op = 80
2026-09-23 10:10:45.102 [RMI TCP Connection(2)-192.168.208.1] DEBUG sun.rmi.loader [] - RMI TCP Connection(2)-192.168.208.1: name = "javax.management.ObjectName", codebase = ""
2026-09-23 10:10:45.102 [RMI TCP Connection(2)-192.168.208.1] DEBUG javax.management.remote.rmi [] - connectionId=rmi://192.168.208.1  1, name=java.lang:type=Memory, attribute=HeapMemoryUsage
2026-09-23 10:10:45.103 [RMI TCP Connection(2)-192.168.208.1] DEBUG sun.rmi.transport.tcp [] - RMI TCP Connection(2)-192.168.208.1: (port 64300) op = 82
2026-09-23 10:10:45.103 [RMI TCP Connection(2)-192.168.208.1] DEBUG sun.rmi.transport.tcp [] - RMI TCP Connection(2)-192.168.208.1: (port 64300) op = 80
2026-09-23 10:10:45.103 [RMI TCP Connection(2)-192.168.208.1] DEBUG sun.rmi.loader [] - RMI TCP Connection(2)-192.168.208.1: name = "javax.management.ObjectName", codebase = ""
2026-09-23 10:10:45.103 [RMI TCP Connection(2)-192.168.208.1] DEBUG javax.management.remote.rmi [] - connectionId=rmi://192.168.208.1  1, name=java.lang:type=Memory, attribute=HeapMemoryUsage
2026-09-23 10:10:46.103 [RMI TCP Connection(2)-192.168.208.1] DEBUG sun.rmi.transport.tcp [] - RMI TCP Connection(2)-192.168.208.1: (port 64300) op = 82
2026-09-23 10:10:46.103 [RMI TCP Connection(2)-192.168.208.1] DEBUG sun.rmi.transport.tcp [] - RMI TCP Connection(2)-192.168.208.1: (port 64300) op = 80
2026-09-23 10:10:46.103 [RMI TCP Connection(2)-192.168.208.1] DEBUG sun.rmi.loader [] - RMI TCP Connection(2)-192.168.208.1: name = "javax.management.ObjectName", codebase = ""
2026-09-23 10:10:46.103 [RMI TCP Connection(2)-192.168.208.1] DEBUG javax.management.remote.rmi [] - connectionId=rmi://192.168.208.1  1, name=java.lang:type=OperatingSystem, attribute=ProcessCpuLoad
2026-09-23 10:10:46.119 [RMI TCP Connection(2)-192.168.208.1] DEBUG sun.rmi.transport.tcp [] - RMI TCP Connection(2)-192.168.208.1: (port 64300) op = 82
2026-09-23 10:10:46.119 [RMI TCP Connection(2)-192.168.208.1] DEBUG sun.rmi.transport.tcp [] - RMI TCP Connection(2)-192.168.208.1: (port 64300) op = 80
2026-09-23 10:10:46.119 [RMI TCP Connection(2)-192.168.208.1] DEBUG sun.rmi.loader [] - RMI TCP Connection(2)-192.168.208.1: name = "javax.management.ObjectName", codebase = ""
2026-09-23 10:10:46.119 [RMI TCP Connection(2)-192.168.208.1] DEBUG javax.management.remote.rmi [] - connectionId=rmi://192.168.208.1  1, name=java.lang:type=Memory, attribute=HeapMemoryUsage
2026-09-23 10:10:46.119 [RMI TCP Connection(2)-192.168.208.1] DEBUG sun.rmi.transport.tcp [] - RMI TCP Connection(2)-192.168.208.1: (port 64300) op = 82
2026-09-23 10:10:46.119 [RMI TCP Connection(2)-192.168.208.1] DEBUG sun.rmi.transport.tcp [] - RMI TCP Connection(2)-192.168.208.1: (port 64300) op = 80
2026-09-23 10:10:46.119 [RMI TCP Connection(2)-192.168.208.1] DEBUG sun.rmi.loader [] - RMI TCP Connection(2)-192.168.208.1: name = "javax.management.ObjectName", codebase = ""
2026-09-23 10:10:46.119 [RMI TCP Connection(2)-192.168.208.1] DEBUG javax.management.remote.rmi [] - connectionId=rmi://192.168.208.1  1, name=java.lang:type=Memory, attribute=HeapMemoryUsage
2026-09-23 10:10:47.122 [RMI TCP Connection(2)-192.168.208.1] DEBUG sun.rmi.transport.tcp [] - RMI TCP Connection(2)-192.168.208.1: (port 64300) op = 82
2026-09-23 10:10:47.122 [RMI TCP Connection(2)-192.168.208.1] DEBUG sun.rmi.transport.tcp [] - RMI TCP Connection(2)-192.168.208.1: (port 64300) op = 80
2026-09-23 10:10:47.122 [RMI TCP Connection(2)-192.168.208.1] DEBUG sun.rmi.loader [] - RMI TCP Connection(2)-192.168.208.1: name = "javax.management.ObjectName", codebase = ""
2026-09-23 10:10:47.122 [RMI TCP Connection(2)-192.168.208.1] DEBUG javax.management.remote.rmi [] - connectionId=rmi://192.168.208.1  1, name=java.lang:type=OperatingSystem, attribute=ProcessCpuLoad
2026-09-23 10:10:47.139 [RMI TCP Connection(2)-192.168.208.1] DEBUG sun.rmi.transport.tcp [] - RMI TCP Connection(2)-192.168.208.1: (port 64300) op = 82
2026-09-23 10:10:47.140 [RMI TCP Connection(2)-192.168.208.1] DEBUG sun.rmi.transport.tcp [] - RMI TCP Connection(2)-192.168.208.1: (port 64300) op = 80
2026-09-23 10:10:47.140 [RMI TCP Connection(2)-192.168.208.1] DEBUG sun.rmi.loader [] - RMI TCP Connection(2)-192.168.208.1: name = "javax.management.ObjectName", codebase = ""
2026-09-23 10:10:47.140 [RMI TCP Connection(2)-192.168.208.1] DEBUG javax.management.remote.rmi [] - connectionId=rmi://192.168.208.1  1, name=java.lang:type=Memory, attribute=HeapMemoryUsage
2026-09-23 10:10:47.140 [RMI TCP Connection(2)-192.168.208.1] DEBUG sun.rmi.transport.tcp [] - RMI TCP Connection(2)-192.168.208.1: (port 64300) op = 82
2026-09-23 10:10:47.140 [RMI TCP Connection(2)-192.168.208.1] DEBUG sun.rmi.transport.tcp [] - RMI TCP Connection(2)-192.168.208.1: (port 64300) op = 80
2026-09-23 10:10:47.140 [RMI TCP Connection(2)-192.168.208.1] DEBUG sun.rmi.loader [] - RMI TCP Connection(2)-192.168.208.1: name = "javax.management.ObjectName", codebase = ""
2026-09-23 10:10:47.140 [RMI TCP Connection(2)-192.168.208.1] DEBUG javax.management.remote.rmi [] - connectionId=rmi://192.168.208.1  1, name=java.lang:type=Memory, attribute=HeapMemoryUsage
2026-09-23 10:10:48.142 [RMI TCP Connection(2)-192.168.208.1] DEBUG sun.rmi.transport.tcp [] - RMI TCP Connection(2)-192.168.208.1: (port 64300) op = 82
2026-09-23 10:10:48.142 [RMI TCP Connection(2)-192.168.208.1] DEBUG sun.rmi.transport.tcp [] - RMI TCP Connection(2)-192.168.208.1: (port 64300) op = 80
2026-09-23 10:10:48.142 [RMI TCP Connection(2)-192.168.208.1] DEBUG sun.rmi.loader [] - RMI TCP Connection(2)-192.168.208.1: name = "javax.management.ObjectName", codebase = ""
2026-09-23 10:10:48.142 [RMI TCP Connection(2)-192.168.208.1] DEBUG javax.management.remote.rmi [] - connectionId=rmi://192.168.208.1  1, name=java.lang:type=OperatingSystem, attribute=ProcessCpuLoad
2026-09-23 10:10:48.159 [RMI TCP Connection(2)-192.168.208.1] DEBUG sun.rmi.transport.tcp [] - RMI TCP Connection(2)-192.168.208.1: (port 64300) op = 82
2026-09-23 10:10:48.159 [RMI TCP Connection(2)-192.168.208.1] DEBUG sun.rmi.transport.tcp [] - RMI TCP Connection(2)-192.168.208.1: (port 64300) op = 80
2026-09-23 10:10:48.160 [RMI TCP Connection(2)-192.168.208.1] DEBUG sun.rmi.loader [] - RMI TCP Connection(2)-192.168.208.1: name = "javax.management.ObjectName", codebase = ""
2026-09-23 10:10:48.160 [RMI TCP Connection(2)-192.168.208.1] DEBUG javax.management.remote.rmi [] - connectionId=rmi://192.168.208.1  1, name=java.lang:type=Memory, attribute=HeapMemoryUsage
2026-09-23 10:10:48.161 [RMI TCP Connection(2)-192.168.208.1] DEBUG sun.rmi.transport.tcp [] - RMI TCP Connection(2)-192.168.208.1: (port 64300) op = 82
2026-09-23 10:10:48.161 [RMI TCP Connection(2)-192.168.208.1] DEBUG sun.rmi.transport.tcp [] - RMI TCP Connection(2)-192.168.208.1: (port 64300) op = 80
2026-09-23 10:10:48.161 [RMI TCP Connection(2)-192.168.208.1] DEBUG sun.rmi.loader [] - RMI TCP Connection(2)-192.168.208.1: name = "javax.management.ObjectName", codebase = ""
2026-09-23 10:10:48.161 [RMI TCP Connection(2)-192.168.208.1] DEBUG javax.management.remote.rmi [] - connectionId=rmi://192.168.208.1  1, name=java.lang:type=Memory, attribute=HeapMemoryUsage
2026-09-23 10:10:49.162 [RMI TCP Connection(2)-192.168.208.1] DEBUG sun.rmi.transport.tcp [] - RMI TCP Connection(2)-192.168.208.1: (port 64300) op = 82
2026-09-23 10:10:49.162 [RMI TCP Connection(2)-192.168.208.1] DEBUG sun.rmi.transport.tcp [] - RMI TCP Connection(2)-192.168.208.1: (port 64300) op = 80
2026-09-23 10:10:49.162 [RMI TCP Connection(2)-192.168.208.1] DEBUG sun.rmi.loader [] - RMI TCP Connection(2)-192.168.208.1: name = "javax.management.ObjectName", codebase = ""
2026-09-23 10:10:49.162 [RMI TCP Connection(2)-192.168.208.1] DEBUG javax.management.remote.rmi [] - connectionId=rmi://192.168.208.1  1, name=java.lang:type=OperatingSystem, attribute=ProcessCpuLoad
2026-09-23 10:10:49.179 [RMI TCP Connection(2)-192.168.208.1] DEBUG sun.rmi.transport.tcp [] - RMI TCP Connection(2)-192.168.208.1: (port 64300) op = 82
2026-09-23 10:10:49.180 [RMI TCP Connection(2)-192.168.208.1] DEBUG sun.rmi.transport.tcp [] - RMI TCP Connection(2)-192.168.208.1: (port 64300) op = 80
2026-09-23 10:10:49.180 [RMI TCP Connection(2)-192.168.208.1] DEBUG sun.rmi.loader [] - RMI TCP Connection(2)-192.168.208.1: name = "javax.management.ObjectName", codebase = ""
2026-09-23 10:10:49.180 [RMI TCP Connection(2)-192.168.208.1] DEBUG javax.management.remote.rmi [] - connectionId=rmi://192.168.208.1  1, name=java.lang:type=Memory, attribute=HeapMemoryUsage
2026-09-23 10:10:49.180 [RMI TCP Connection(2)-192.168.208.1] DEBUG sun.rmi.transport.tcp [] - RMI TCP Connection(2)-192.168.208.1: (port 64300) op = 80
2026-09-23 10:10:49.180 [RMI TCP Connection(2)-192.168.208.1] DEBUG sun.rmi.loader [] - RMI TCP Connection(2)-192.168.208.1: name = "javax.management.ObjectName", codebase = ""
2026-09-23 10:10:49.180 [RMI TCP Connection(2)-192.168.208.1] DEBUG javax.management.remote.rmi [] - connectionId=rmi://192.168.208.1  1, name=java.lang:type=Memory, attribute=HeapMemoryUsage
2026-09-23 10:10:49.973 [RMI TCP Connection(2)-192.168.208.1] DEBUG sun.rmi.transport.tcp [] - RMI TCP Connection(2)-192.168.208.1: (port 64300) op = 82
2026-09-23 10:10:49.973 [RMI TCP Connection(2)-192.168.208.1] DEBUG sun.rmi.transport.tcp [] - RMI TCP Connection(2)-192.168.208.1: (port 64300) op = 80
2026-09-23 10:10:49.973 [RMI TCP Connection(2)-192.168.208.1] DEBUG javax.management.remote.rmi [] - connectionId=rmi://192.168.208.1  1
2026-09-23 10:10:50.183 [RMI TCP Connection(2)-192.168.208.1] DEBUG sun.rmi.transport.tcp [] - RMI TCP Connection(2)-192.168.208.1: (port 64300) op = 82
2026-09-23 10:10:50.183 [RMI TCP Connection(2)-192.168.208.1] DEBUG sun.rmi.transport.tcp [] - RMI TCP Connection(2)-192.168.208.1: (port 64300) op = 80
2026-09-23 10:10:50.183 [RMI TCP Connection(2)-192.168.208.1] DEBUG sun.rmi.loader [] - RMI TCP Connection(2)-192.168.208.1: name = "javax.management.ObjectName", codebase = ""
2026-09-23 10:10:50.183 [RMI TCP Connection(2)-192.168.208.1] DEBUG javax.management.remote.rmi [] - connectionId=rmi://192.168.208.1  1, name=java.lang:type=OperatingSystem, attribute=ProcessCpuLoad
2026-09-23 10:10:50.200 [RMI TCP Connection(2)-192.168.208.1] DEBUG sun.rmi.transport.tcp [] - RMI TCP Connection(2)-192.168.208.1: (port 64300) op = 82
2026-09-23 10:10:50.200 [RMI TCP Connection(2)-192.168.208.1] DEBUG sun.rmi.transport.tcp [] - RMI TCP Connection(2)-192.168.208.1: (port 64300) op = 80
2026-09-23 10:10:50.200 [RMI TCP Connection(2)-192.168.208.1] DEBUG sun.rmi.loader [] - RMI TCP Connection(2)-192.168.208.1: name = "javax.management.ObjectName", codebase = ""
2026-09-23 10:10:50.200 [RMI TCP Connection(2)-192.168.208.1] DEBUG javax.management.remote.rmi [] - connectionId=rmi://192.168.208.1  1, name=java.lang:type=Memory, attribute=HeapMemoryUsage
2026-09-23 10:10:50.200 [RMI TCP Connection(2)-192.168.208.1] DEBUG sun.rmi.transport.tcp [] - RMI TCP Connection(2)-192.168.208.1: (port 64300) op = 82
2026-09-23 10:10:50.200 [RMI TCP Connection(2)-192.168.208.1] DEBUG sun.rmi.transport.tcp [] - RMI TCP Connection(2)-192.168.208.1: (port 64300) op = 80
2026-09-23 10:10:50.200 [RMI TCP Connection(2)-192.168.208.1] DEBUG sun.rmi.loader [] - RMI TCP Connection(2)-192.168.208.1: name = "javax.management.ObjectName", codebase = ""
2026-09-23 10:10:50.200 [RMI TCP Connection(2)-192.168.208.1] DEBUG javax.management.remote.rmi [] - connectionId=rmi://192.168.208.1  1, name=java.lang:type=Memory, attribute=HeapMemoryUsage
2026-09-23 10:10:51.203 [RMI TCP Connection(2)-192.168.208.1] DEBUG sun.rmi.transport.tcp [] - RMI TCP Connection(2)-192.168.208.1: (port 64300) op = 82
2026-09-23 10:10:51.203 [RMI TCP Connection(2)-192.168.208.1] DEBUG sun.rmi.transport.tcp [] - RMI TCP Connection(2)-192.168.208.1: (port 64300) op = 80
2026-09-23 10:10:51.203 [RMI TCP Connection(2)-192.168.208.1] DEBUG sun.rmi.loader [] - RMI TCP Connection(2)-192.168.208.1: name = "javax.management.ObjectName", codebase = ""
2026-09-23 10:10:51.203 [RMI TCP Connection(2)-192.168.208.1] DEBUG javax.management.remote.rmi [] - connectionId=rmi://192.168.208.1  1, name=java.lang:type=OperatingSystem, attribute=ProcessCpuLoad
2026-09-23 10:10:51.223 [RMI TCP Connection(2)-192.168.208.1] DEBUG sun.rmi.transport.tcp [] - RMI TCP Connection(2)-192.168.208.1: (port 64300) op = 82
2026-09-23 10:10:51.224 [RMI TCP Connection(2)-192.168.208.1] DEBUG sun.rmi.transport.tcp [] - RMI TCP Connection(2)-192.168.208.1: (port 64300) op = 80
2026-09-23 10:10:51.224 [RMI TCP Connection(2)-192.168.208.1] DEBUG sun.rmi.loader [] - RMI TCP Connection(2)-192.168.208.1: name = "javax.management.ObjectName", codebase = ""
2026-09-23 10:10:51.224 [RMI TCP Connection(2)-192.168.208.1] DEBUG javax.management.remote.rmi [] - connectionId=rmi://192.168.208.1  1, name=java.lang:type=Memory, attribute=HeapMemoryUsage
2026-09-23 10:10:51.224 [RMI TCP Connection(2)-192.168.208.1] DEBUG sun.rmi.transport.tcp [] - RMI TCP Connection(2)-192.168.208.1: (port 64300) op = 80
2026-09-23 10:10:51.224 [RMI TCP Connection(2)-192.168.208.1] DEBUG sun.rmi.loader [] - RMI TCP Connection(2)-192.168.208.1: name = "javax.management.ObjectName", codebase = ""
2026-09-23 10:10:51.224 [RMI TCP Connection(2)-192.168.208.1] DEBUG javax.management.remote.rmi [] - connectionId=rmi://192.168.208.1  1, name=java.lang:type=Memory, attribute=HeapMemoryUsage
2026-09-23 10:10:52.226 [RMI TCP Connection(2)-192.168.208.1] DEBUG sun.rmi.transport.tcp [] - RMI TCP Connection(2)-192.168.208.1: (port 64300) op = 82
2026-09-23 10:10:52.226 [RMI TCP Connection(2)-192.168.208.1] DEBUG sun.rmi.transport.tcp [] - RMI TCP Connection(2)-192.168.208.1: (port 64300) op = 80
2026-09-23 10:10:52.226 [RMI TCP Connection(2)-192.168.208.1] DEBUG sun.rmi.loader [] - RMI TCP Connection(2)-192.168.208.1: name = "javax.management.ObjectName", codebase = ""
2026-09-23 10:10:52.226 [RMI TCP Connection(2)-192.168.208.1] DEBUG javax.management.remote.rmi [] - connectionId=rmi://192.168.208.1  1, name=java.lang:type=OperatingSystem, attribute=ProcessCpuLoad
2026-09-23 10:10:52.258 [RMI TCP Connection(2)-192.168.208.1] DEBUG sun.rmi.transport.tcp [] - RMI TCP Connection(2)-192.168.208.1: (port 64300) op = 82
2026-09-23 10:10:52.258 [RMI TCP Connection(2)-192.168.208.1] DEBUG sun.rmi.transport.tcp [] - RMI TCP Connection(2)-192.168.208.1: (port 64300) op = 80
2026-09-23 10:10:52.258 [RMI TCP Connection(2)-192.168.208.1] DEBUG sun.rmi.loader [] - RMI TCP Connection(2)-192.168.208.1: name = "javax.management.ObjectName", codebase = ""
2026-09-23 10:10:52.258 [RMI TCP Connection(2)-192.168.208.1] DEBUG javax.management.remote.rmi [] - connectionId=rmi://192.168.208.1  1, name=java.lang:type=Memory, attribute=HeapMemoryUsage
2026-09-23 10:10:52.258 [RMI TCP Connection(2)-192.168.208.1] DEBUG sun.rmi.transport.tcp [] - RMI TCP Connection(2)-192.168.208.1: (port 64300) op = 82
2026-09-23 10:10:52.258 [RMI TCP Connection(2)-192.168.208.1] DEBUG sun.rmi.transport.tcp [] - RMI TCP Connection(2)-192.168.208.1: (port 64300) op = 80
2026-09-23 10:10:52.258 [RMI TCP Connection(2)-192.168.208.1] DEBUG sun.rmi.loader [] - RMI TCP Connection(2)-192.168.208.1: name = "javax.management.ObjectName", codebase = ""
2026-09-23 10:10:52.258 [RMI TCP Connection(2)-192.168.208.1] DEBUG javax.management.remote.rmi [] - connectionId=rmi://192.168.208.1  1, name=java.lang:type=Memory, attribute=HeapMemoryUsage
2026-09-23 10:10:53.260 [RMI TCP Connection(2)-192.168.208.1] DEBUG sun.rmi.transport.tcp [] - RMI TCP Connection(2)-192.168.208.1: (port 64300) op = 82
2026-09-23 10:10:53.260 [RMI TCP Connection(2)-192.168.208.1] DEBUG sun.rmi.transport.tcp [] - RMI TCP Connection(2)-192.168.208.1: (port 64300) op = 80
2026-09-23 10:10:53.260 [RMI TCP Connection(2)-192.168.208.1] DEBUG sun.rmi.loader [] - RMI TCP Connection(2)-192.168.208.1: name = "javax.management.ObjectName", codebase = ""
2026-09-23 10:10:53.260 [RMI TCP Connection(2)-192.168.208.1] DEBUG javax.management.remote.rmi [] - connectionId=rmi://192.168.208.1  1, name=java.lang:type=OperatingSystem, attribute=ProcessCpuLoad
2026-09-23 10:10:53.282 [RMI TCP Connection(2)-192.168.208.1] DEBUG sun.rmi.transport.tcp [] - RMI TCP Connection(2)-192.168.208.1: (port 64300) op = 82
2026-09-23 10:10:53.282 [RMI TCP Connection(2)-192.168.208.1] DEBUG sun.rmi.transport.tcp [] - RMI TCP Connection(2)-192.168.208.1: (port 64300) op = 80
2026-09-23 10:10:53.283 [RMI TCP Connection(2)-192.168.208.1] DEBUG sun.rmi.loader [] - RMI TCP Connection(2)-192.168.208.1: name = "javax.management.ObjectName", codebase = ""
2026-09-23 10:10:53.283 [RMI TCP Connection(2)-192.168.208.1] DEBUG javax.management.remote.rmi [] - connectionId=rmi://192.168.208.1  1, name=java.lang:type=Memory, attribute=HeapMemoryUsage
2026-09-23 10:10:53.283 [RMI TCP Connection(2)-192.168.208.1] DEBUG sun.rmi.transport.tcp [] - RMI TCP Connection(2)-192.168.208.1: (port 64300) op = 82
2026-09-23 10:10:53.283 [RMI TCP Connection(2)-192.168.208.1] DEBUG sun.rmi.transport.tcp [] - RMI TCP Connection(2)-192.168.208.1: (port 64300) op = 80
2026-09-23 10:10:53.283 [RMI TCP Connection(2)-192.168.208.1] DEBUG sun.rmi.loader [] - RMI TCP Connection(2)-192.168.208.1: name = "javax.management.ObjectName", codebase = ""
2026-09-23 10:10:53.283 [RMI TCP Connection(2)-192.168.208.1] DEBUG javax.management.remote.rmi [] - connectionId=rmi://192.168.208.1  1, name=java.lang:type=Memory, attribute=HeapMemoryUsage
2026-09-23 10:10:54.284 [RMI TCP Connection(2)-192.168.208.1] DEBUG sun.rmi.transport.tcp [] - RMI TCP Connection(2)-192.168.208.1: (port 64300) op = 82
2026-09-23 10:10:54.284 [RMI TCP Connection(2)-192.168.208.1] DEBUG sun.rmi.transport.tcp [] - RMI TCP Connection(2)-192.168.208.1: (port 64300) op = 80
2026-09-23 10:10:54.284 [RMI TCP Connection(2)-192.168.208.1] DEBUG sun.rmi.loader [] - RMI TCP Connection(2)-192.168.208.1: name = "javax.management.ObjectName", codebase = ""
2026-09-23 10:10:54.284 [RMI TCP Connection(2)-192.168.208.1] DEBUG javax.management.remote.rmi [] - connectionId=rmi://192.168.208.1  1, name=java.lang:type=OperatingSystem, attribute=ProcessCpuLoad
2026-09-23 10:10:54.308 [RMI TCP Connection(2)-192.168.208.1] DEBUG sun.rmi.transport.tcp [] - RMI TCP Connection(2)-192.168.208.1: (port 64300) op = 82
2026-09-23 10:10:54.308 [RMI TCP Connection(2)-192.168.208.1] DEBUG sun.rmi.transport.tcp [] - RMI TCP Connection(2)-192.168.208.1: (port 64300) op = 80
2026-09-23 10:10:54.308 [RMI TCP Connection(2)-192.168.208.1] DEBUG sun.rmi.loader [] - RMI TCP Connection(2)-192.168.208.1: name = "javax.management.ObjectName", codebase = ""
2026-09-23 10:10:54.308 [RMI TCP Connection(2)-192.168.208.1] DEBUG javax.management.remote.rmi [] - connectionId=rmi://192.168.208.1  1, name=java.lang:type=Memory, attribute=HeapMemoryUsage
2026-09-23 10:10:54.309 [RMI TCP Connection(2)-192.168.208.1] DEBUG sun.rmi.transport.tcp [] - RMI TCP Connection(2)-192.168.208.1: (port 64300) op = 82
2026-09-23 10:10:54.309 [RMI TCP Connection(2)-192.168.208.1] DEBUG sun.rmi.transport.tcp [] - RMI TCP Connection(2)-192.168.208.1: (port 64300) op = 80
2026-09-23 10:10:54.309 [RMI TCP Connection(2)-192.168.208.1] DEBUG sun.rmi.loader [] - RMI TCP Connection(2)-192.168.208.1: name = "javax.management.ObjectName", codebase = ""
2026-09-23 10:10:54.309 [RMI TCP Connection(2)-192.168.208.1] DEBUG javax.management.remote.rmi [] - connectionId=rmi://192.168.208.1  1, name=java.lang:type=Memory, attribute=HeapMemoryUsage
2026-09-23 10:10:55.311 [RMI TCP Connection(2)-192.168.208.1] DEBUG sun.rmi.transport.tcp [] - RMI TCP Connection(2)-192.168.208.1: (port 64300) op = 82
2026-09-23 10:10:55.311 [RMI TCP Connection(2)-192.168.208.1] DEBUG sun.rmi.transport.tcp [] - RMI TCP Connection(2)-192.168.208.1: (port 64300) op = 80
2026-09-23 10:10:55.311 [RMI TCP Connection(2)-192.168.208.1] DEBUG sun.rmi.loader [] - RMI TCP Connection(2)-192.168.208.1: name = "javax.management.ObjectName", codebase = ""
2026-09-23 10:10:55.311 [RMI TCP Connection(2)-192.168.208.1] DEBUG javax.management.remote.rmi [] - connectionId=rmi://192.168.208.1  1, name=java.lang:type=OperatingSystem, attribute=ProcessCpuLoad
2026-09-23 10:10:55.333 [RMI TCP Connection(2)-192.168.208.1] DEBUG sun.rmi.transport.tcp [] - RMI TCP Connection(2)-192.168.208.1: (port 64300) op = 82
2026-09-23 10:10:55.333 [RMI TCP Connection(2)-192.168.208.1] DEBUG sun.rmi.transport.tcp [] - RMI TCP Connection(2)-192.168.208.1: (port 64300) op = 80
2026-09-23 10:10:55.333 [RMI TCP Connection(2)-192.168.208.1] DEBUG sun.rmi.loader [] - RMI TCP Connection(2)-192.168.208.1: name = "javax.management.ObjectName", codebase = ""
2026-09-23 10:10:55.333 [RMI TCP Connection(2)-192.168.208.1] DEBUG javax.management.remote.rmi [] - connectionId=rmi://192.168.208.1  1, name=java.lang:type=Memory, attribute=HeapMemoryUsage
2026-09-23 10:10:55.335 [RMI TCP Connection(2)-192.168.208.1] DEBUG sun.rmi.transport.tcp [] - RMI TCP Connection(2)-192.168.208.1: (port 64300) op = 82
2026-09-23 10:10:55.335 [RMI TCP Connection(2)-192.168.208.1] DEBUG sun.rmi.transport.tcp [] - RMI TCP Connection(2)-192.168.208.1: (port 64300) op = 80
2026-09-23 10:10:55.335 [RMI TCP Connection(2)-192.168.208.1] DEBUG sun.rmi.loader [] - RMI TCP Connection(2)-192.168.208.1: name = "javax.management.ObjectName", codebase = ""
2026-09-23 10:10:55.335 [RMI TCP Connection(2)-192.168.208.1] DEBUG javax.management.remote.rmi [] - connectionId=rmi://192.168.208.1  1, name=java.lang:type=Memory, attribute=HeapMemoryUsage
2026-09-23 10:10:56.335 [RMI TCP Connection(2)-192.168.208.1] DEBUG sun.rmi.transport.tcp [] - RMI TCP Connection(2)-192.168.208.1: (port 64300) op = 82
2026-09-23 10:10:56.335 [RMI TCP Connection(2)-192.168.208.1] DEBUG sun.rmi.transport.tcp [] - RMI TCP Connection(2)-192.168.208.1: (port 64300) op = 80
2026-09-23 10:10:56.335 [RMI TCP Connection(2)-192.168.208.1] DEBUG sun.rmi.loader [] - RMI TCP Connection(2)-192.168.208.1: name = "javax.management.ObjectName", codebase = ""
2026-09-23 10:10:56.335 [RMI TCP Connection(2)-192.168.208.1] DEBUG javax.management.remote.rmi [] - connectionId=rmi://192.168.208.1  1, name=java.lang:type=OperatingSystem, attribute=ProcessCpuLoad
2026-09-23 10:10:56.359 [RMI TCP Connection(2)-192.168.208.1] DEBUG sun.rmi.transport.tcp [] - RMI TCP Connection(2)-192.168.208.1: (port 64300) op = 82
2026-09-23 10:10:56.359 [RMI TCP Connection(2)-192.168.208.1] DEBUG sun.rmi.transport.tcp [] - RMI TCP Connection(2)-192.168.208.1: (port 64300) op = 80
2026-09-23 10:10:56.359 [RMI TCP Connection(2)-192.168.208.1] DEBUG sun.rmi.loader [] - RMI TCP Connection(2)-192.168.208.1: name = "javax.management.ObjectName", codebase = ""
2026-09-23 10:10:56.359 [RMI TCP Connection(2)-192.168.208.1] DEBUG javax.management.remote.rmi [] - connectionId=rmi://192.168.208.1  1, name=java.lang:type=Memory, attribute=HeapMemoryUsage
2026-09-23 10:10:56.359 [RMI TCP Connection(2)-192.168.208.1] DEBUG sun.rmi.transport.tcp [] - RMI TCP Connection(2)-192.168.208.1: (port 64300) op = 82
2026-09-23 10:10:56.359 [RMI TCP Connection(2)-192.168.208.1] DEBUG sun.rmi.transport.tcp [] - RMI TCP Connection(2)-192.168.208.1: (port 64300) op = 80
2026-09-23 10:10:56.359 [RMI TCP Connection(2)-192.168.208.1] DEBUG sun.rmi.loader [] - RMI TCP Connection(2)-192.168.208.1: name = "javax.management.ObjectName", codebase = ""
2026-09-23 10:10:56.359 [RMI TCP Connection(2)-192.168.208.1] DEBUG javax.management.remote.rmi [] - connectionId=rmi://192.168.208.1  1, name=java.lang:type=Memory, attribute=HeapMemoryUsage
2026-09-23 10:10:57.360 [RMI TCP Connection(2)-192.168.208.1] DEBUG sun.rmi.transport.tcp [] - RMI TCP Connection(2)-192.168.208.1: (port 64300) op = 82
2026-09-23 10:10:57.360 [RMI TCP Connection(2)-192.168.208.1] DEBUG sun.rmi.transport.tcp [] - RMI TCP Connection(2)-192.168.208.1: (port 64300) op = 80
2026-09-23 10:10:57.360 [RMI TCP Connection(2)-192.168.208.1] DEBUG sun.rmi.loader [] - RMI TCP Connection(2)-192.168.208.1: name = "javax.management.ObjectName", codebase = ""
2026-09-23 10:10:57.360 [RMI TCP Connection(2)-192.168.208.1] DEBUG javax.management.remote.rmi [] - connectionId=rmi://192.168.208.1  1, name=java.lang:type=OperatingSystem, attribute=ProcessCpuLoad
2026-09-23 10:10:57.383 [RMI TCP Connection(2)-192.168.208.1] DEBUG sun.rmi.transport.tcp [] - RMI TCP Connection(2)-192.168.208.1: (port 64300) op = 82
2026-09-23 10:10:57.383 [RMI TCP Connection(2)-192.168.208.1] DEBUG sun.rmi.transport.tcp [] - RMI TCP Connection(2)-192.168.208.1: (port 64300) op = 80
2026-09-23 10:10:57.383 [RMI TCP Connection(2)-192.168.208.1] DEBUG sun.rmi.loader [] - RMI TCP Connection(2)-192.168.208.1: name = "javax.management.ObjectName", codebase = ""
2026-09-23 10:10:57.383 [RMI TCP Connection(2)-192.168.208.1] DEBUG javax.management.remote.rmi [] - connectionId=rmi://192.168.208.1  1, name=java.lang:type=Memory, attribute=HeapMemoryUsage
2026-09-23 10:10:57.383 [RMI TCP Connection(2)-192.168.208.1] DEBUG sun.rmi.transport.tcp [] - RMI TCP Connection(2)-192.168.208.1: (port 64300) op = 82
2026-09-23 10:10:57.383 [RMI TCP Connection(2)-192.168.208.1] DEBUG sun.rmi.transport.tcp [] - RMI TCP Connection(2)-192.168.208.1: (port 64300) op = 80
2026-09-23 10:10:57.383 [RMI TCP Connection(2)-192.168.208.1] DEBUG sun.rmi.loader [] - RMI TCP Connection(2)-192.168.208.1: name = "javax.management.ObjectName", codebase = ""
2026-09-23 10:10:57.383 [RMI TCP Connection(2)-192.168.208.1] DEBUG javax.management.remote.rmi [] - connectionId=rmi://192.168.208.1  1, name=java.lang:type=Memory, attribute=HeapMemoryUsage
2026-09-23 10:10:58.386 [RMI TCP Connection(2)-192.168.208.1] DEBUG sun.rmi.transport.tcp [] - RMI TCP Connection(2)-192.168.208.1: (port 64300) op = 82
2026-09-23 10:10:58.386 [RMI TCP Connection(2)-192.168.208.1] DEBUG sun.rmi.transport.tcp [] - RMI TCP Connection(2)-192.168.208.1: (port 64300) op = 80
2026-09-23 10:10:58.386 [RMI TCP Connection(2)-192.168.208.1] DEBUG sun.rmi.loader [] - RMI TCP Connection(2)-192.168.208.1: name = "javax.management.ObjectName", codebase = ""
2026-09-23 10:10:58.386 [RMI TCP Connection(2)-192.168.208.1] DEBUG javax.management.remote.rmi [] - connectionId=rmi://192.168.208.1  1, name=java.lang:type=OperatingSystem, attribute=ProcessCpuLoad
2026-09-23 10:10:58.408 [RMI TCP Connection(2)-192.168.208.1] DEBUG sun.rmi.transport.tcp [] - RMI TCP Connection(2)-192.168.208.1: (port 64300) op = 82
2026-09-23 10:10:58.408 [RMI TCP Connection(2)-192.168.208.1] DEBUG sun.rmi.transport.tcp [] - RMI TCP Connection(2)-192.168.208.1: (port 64300) op = 80
2026-09-23 10:10:58.408 [RMI TCP Connection(2)-192.168.208.1] DEBUG sun.rmi.loader [] - RMI TCP Connection(2)-192.168.208.1: name = "javax.management.ObjectName", codebase = ""
2026-09-23 10:10:58.408 [RMI TCP Connection(2)-192.168.208.1] DEBUG javax.management.remote.rmi [] - connectionId=rmi://192.168.208.1  1, name=java.lang:type=Memory, attribute=HeapMemoryUsage
2026-09-23 10:10:58.408 [RMI TCP Connection(2)-192.168.208.1] DEBUG sun.rmi.transport.tcp [] - RMI TCP Connection(2)-192.168.208.1: (port 64300) op = 82
2026-09-23 10:10:58.408 [RMI TCP Connection(2)-192.168.208.1] DEBUG sun.rmi.transport.tcp [] - RMI TCP Connection(2)-192.168.208.1: (port 64300) op = 80
2026-09-23 10:10:58.408 [RMI TCP Connection(2)-192.168.208.1] DEBUG sun.rmi.loader [] - RMI TCP Connection(2)-192.168.208.1: name = "javax.management.ObjectName", codebase = ""
2026-09-23 10:10:58.408 [RMI TCP Connection(2)-192.168.208.1] DEBUG javax.management.remote.rmi [] - connectionId=rmi://192.168.208.1  1, name=java.lang:type=Memory, attribute=HeapMemoryUsage
2026-09-23 10:10:59.409 [RMI TCP Connection(2)-192.168.208.1] DEBUG sun.rmi.transport.tcp [] - RMI TCP Connection(2)-192.168.208.1: (port 64300) op = 82
2026-09-23 10:10:59.409 [RMI TCP Connection(2)-192.168.208.1] DEBUG sun.rmi.transport.tcp [] - RMI TCP Connection(2)-192.168.208.1: (port 64300) op = 80
2026-09-23 10:10:59.409 [RMI TCP Connection(2)-192.168.208.1] DEBUG sun.rmi.loader [] - RMI TCP Connection(2)-192.168.208.1: name = "javax.management.ObjectName", codebase = ""
2026-09-23 10:10:59.409 [RMI TCP Connection(2)-192.168.208.1] DEBUG javax.management.remote.rmi [] - connectionId=rmi://192.168.208.1  1, name=java.lang:type=OperatingSystem, attribute=ProcessCpuLoad
2026-09-23 10:10:59.426 [RMI TCP Connection(2)-192.168.208.1] DEBUG sun.rmi.transport.tcp [] - RMI TCP Connection(2)-192.168.208.1: (port 64300) op = 82
2026-09-23 10:10:59.428 [RMI TCP Connection(2)-192.168.208.1] DEBUG sun.rmi.transport.tcp [] - RMI TCP Connection(2)-192.168.208.1: (port 64300) op = 80
2026-09-23 10:10:59.428 [RMI TCP Connection(2)-192.168.208.1] DEBUG sun.rmi.loader [] - RMI TCP Connection(2)-192.168.208.1: name = "javax.management.ObjectName", codebase = ""
2026-09-23 10:10:59.428 [RMI TCP Connection(2)-192.168.208.1] DEBUG javax.management.remote.rmi [] - connectionId=rmi://192.168.208.1  1, name=java.lang:type=Memory, attribute=HeapMemoryUsage
2026-09-23 10:10:59.428 [RMI TCP Connection(2)-192.168.208.1] DEBUG sun.rmi.transport.tcp [] - RMI TCP Connection(2)-192.168.208.1: (port 64300) op = 82
2026-09-23 10:10:59.428 [RMI TCP Connection(2)-192.168.208.1] DEBUG sun.rmi.transport.tcp [] - RMI TCP Connection(2)-192.168.208.1: (port 64300) op = 80
2026-09-23 10:10:59.428 [RMI TCP Connection(2)-192.168.208.1] DEBUG sun.rmi.loader [] - RMI TCP Connection(2)-192.168.208.1: name = "javax.management.ObjectName", codebase = ""
2026-09-23 10:10:59.428 [RMI TCP Connection(2)-192.168.208.1] DEBUG javax.management.remote.rmi [] - connectionId=rmi://192.168.208.1  1, name=java.lang:type=Memory, attribute=HeapMemoryUsage
2026-09-23 10:11:00.430 [RMI TCP Connection(2)-192.168.208.1] DEBUG sun.rmi.transport.tcp [] - RMI TCP Connection(2)-192.168.208.1: (port 64300) op = 82
2026-09-23 10:11:00.430 [RMI TCP Connection(2)-192.168.208.1] DEBUG sun.rmi.transport.tcp [] - RMI TCP Connection(2)-192.168.208.1: (port 64300) op = 80
2026-09-23 10:11:00.430 [RMI TCP Connection(2)-192.168.208.1] DEBUG sun.rmi.loader [] - RMI TCP Connection(2)-192.168.208.1: name = "javax.management.ObjectName", codebase = ""
2026-09-23 10:11:00.430 [RMI TCP Connection(2)-192.168.208.1] DEBUG javax.management.remote.rmi [] - connectionId=rmi://192.168.208.1  1, name=java.lang:type=OperatingSystem, attribute=ProcessCpuLoad
2026-09-23 10:11:00.447 [RMI TCP Connection(2)-192.168.208.1] DEBUG sun.rmi.transport.tcp [] - RMI TCP Connection(2)-192.168.208.1: (port 64300) op = 82
2026-09-23 10:11:00.447 [RMI TCP Connection(2)-192.168.208.1] DEBUG sun.rmi.transport.tcp [] - RMI TCP Connection(2)-192.168.208.1: (port 64300) op = 80
2026-09-23 10:11:00.447 [RMI TCP Connection(2)-192.168.208.1] DEBUG sun.rmi.loader [] - RMI TCP Connection(2)-192.168.208.1: name = "javax.management.ObjectName", codebase = ""
2026-09-23 10:11:00.447 [RMI TCP Connection(2)-192.168.208.1] DEBUG javax.management.remote.rmi [] - connectionId=rmi://192.168.208.1  1, name=java.lang:type=Memory, attribute=HeapMemoryUsage
2026-09-23 10:11:00.449 [RMI TCP Connection(2)-192.168.208.1] DEBUG sun.rmi.transport.tcp [] - RMI TCP Connection(2)-192.168.208.1: (port 64300) op = 82
2026-09-23 10:11:00.449 [RMI TCP Connection(2)-192.168.208.1] DEBUG sun.rmi.transport.tcp [] - RMI TCP Connection(2)-192.168.208.1: (port 64300) op = 80
2026-09-23 10:11:00.449 [RMI TCP Connection(2)-192.168.208.1] DEBUG sun.rmi.loader [] - RMI TCP Connection(2)-192.168.208.1: name = "javax.management.ObjectName", codebase = ""
2026-09-23 10:11:00.449 [RMI TCP Connection(2)-192.168.208.1] DEBUG javax.management.remote.rmi [] - connectionId=rmi://192.168.208.1  1, name=java.lang:type=Memory, attribute=HeapMemoryUsage
2026-09-23 10:11:01.450 [RMI TCP Connection(2)-192.168.208.1] DEBUG sun.rmi.transport.tcp [] - RMI TCP Connection(2)-192.168.208.1: (port 64300) op = 82
2026-09-23 10:11:01.450 [RMI TCP Connection(2)-192.168.208.1] DEBUG sun.rmi.transport.tcp [] - RMI TCP Connection(2)-192.168.208.1: (port 64300) op = 80
2026-09-23 10:11:01.450 [RMI TCP Connection(2)-192.168.208.1] DEBUG sun.rmi.loader [] - RMI TCP Connection(2)-192.168.208.1: name = "javax.management.ObjectName", codebase = ""
2026-09-23 10:11:01.450 [RMI TCP Connection(2)-192.168.208.1] DEBUG javax.management.remote.rmi [] - connectionId=rmi://192.168.208.1  1, name=java.lang:type=OperatingSystem, attribute=ProcessCpuLoad
2026-09-23 10:11:01.470 [RMI TCP Connection(2)-192.168.208.1] DEBUG sun.rmi.transport.tcp [] - RMI TCP Connection(2)-192.168.208.1: (port 64300) op = 82
2026-09-23 10:11:01.470 [RMI TCP Connection(2)-192.168.208.1] DEBUG sun.rmi.transport.tcp [] - RMI TCP Connection(2)-192.168.208.1: (port 64300) op = 80
2026-09-23 10:11:01.470 [RMI TCP Connection(2)-192.168.208.1] DEBUG sun.rmi.loader [] - RMI TCP Connection(2)-192.168.208.1: name = "javax.management.ObjectName", codebase = ""
2026-09-23 10:11:01.470 [RMI TCP Connection(2)-192.168.208.1] DEBUG javax.management.remote.rmi [] - connectionId=rmi://192.168.208.1  1, name=java.lang:type=Memory, attribute=HeapMemoryUsage
2026-09-23 10:11:01.471 [RMI TCP Connection(2)-192.168.208.1] DEBUG sun.rmi.transport.tcp [] - RMI TCP Connection(2)-192.168.208.1: (port 64300) op = 82
2026-09-23 10:11:01.471 [RMI TCP Connection(2)-192.168.208.1] DEBUG sun.rmi.transport.tcp [] - RMI TCP Connection(2)-192.168.208.1: (port 64300) op = 80
2026-09-23 10:11:01.471 [RMI TCP Connection(2)-192.168.208.1] DEBUG sun.rmi.loader [] - RMI TCP Connection(2)-192.168.208.1: name = "javax.management.ObjectName", codebase = ""
2026-09-23 10:11:01.471 [RMI TCP Connection(2)-192.168.208.1] DEBUG javax.management.remote.rmi [] - connectionId=rmi://192.168.208.1  1, name=java.lang:type=Memory, attribute=HeapMemoryUsage
2026-09-23 10:11:02.484 [RMI TCP Connection(2)-192.168.208.1] DEBUG sun.rmi.transport.tcp [] - RMI TCP Connection(2)-192.168.208.1: (port 64300) op = 82
2026-09-23 10:11:02.484 [RMI TCP Connection(2)-192.168.208.1] DEBUG sun.rmi.transport.tcp [] - RMI TCP Connection(2)-192.168.208.1: (port 64300) op = 80
2026-09-23 10:11:02.484 [RMI TCP Connection(2)-192.168.208.1] DEBUG sun.rmi.loader [] - RMI TCP Connection(2)-192.168.208.1: name = "javax.management.ObjectName", codebase = ""
2026-09-23 10:11:02.484 [RMI TCP Connection(2)-192.168.208.1] DEBUG javax.management.remote.rmi [] - connectionId=rmi://192.168.208.1  1, name=java.lang:type=OperatingSystem, attribute=ProcessCpuLoad
2026-09-23 10:11:02.504 [RMI TCP Connection(2)-192.168.208.1] DEBUG sun.rmi.transport.tcp [] - RMI TCP Connection(2)-192.168.208.1: (port 64300) op = 82
2026-09-23 10:11:02.504 [RMI TCP Connection(2)-192.168.208.1] DEBUG sun.rmi.transport.tcp [] - RMI TCP Connection(2)-192.168.208.1: (port 64300) op = 80
2026-09-23 10:11:02.504 [RMI TCP Connection(2)-192.168.208.1] DEBUG sun.rmi.loader [] - RMI TCP Connection(2)-192.168.208.1: name = "javax.management.ObjectName", codebase = ""
2026-09-23 10:11:02.504 [RMI TCP Connection(2)-192.168.208.1] DEBUG javax.management.remote.rmi [] - connectionId=rmi://192.168.208.1  1, name=java.lang:type=Memory, attribute=HeapMemoryUsage
2026-09-23 10:11:02.504 [RMI TCP Connection(2)-192.168.208.1] DEBUG sun.rmi.transport.tcp [] - RMI TCP Connection(2)-192.168.208.1: (port 64300) op = 82
2026-09-23 10:11:02.504 [RMI TCP Connection(2)-192.168.208.1] DEBUG sun.rmi.transport.tcp [] - RMI TCP Connection(2)-192.168.208.1: (port 64300) op = 80
2026-09-23 10:11:02.504 [RMI TCP Connection(2)-192.168.208.1] DEBUG sun.rmi.loader [] - RMI TCP Connection(2)-192.168.208.1: name = "javax.management.ObjectName", codebase = ""
2026-09-23 10:11:02.504 [RMI TCP Connection(2)-192.168.208.1] DEBUG javax.management.remote.rmi [] - connectionId=rmi://192.168.208.1  1, name=java.lang:type=Memory, attribute=HeapMemoryUsage
2026-09-23 10:11:03.506 [RMI TCP Connection(2)-192.168.208.1] DEBUG sun.rmi.transport.tcp [] - RMI TCP Connection(2)-192.168.208.1: (port 64300) op = 82
2026-09-23 10:11:03.506 [RMI TCP Connection(2)-192.168.208.1] DEBUG sun.rmi.transport.tcp [] - RMI TCP Connection(2)-192.168.208.1: (port 64300) op = 80
2026-09-23 10:11:03.506 [RMI TCP Connection(2)-192.168.208.1] DEBUG sun.rmi.loader [] - RMI TCP Connection(2)-192.168.208.1: name = "javax.management.ObjectName", codebase = ""
2026-09-23 10:11:03.506 [RMI TCP Connection(2)-192.168.208.1] DEBUG javax.management.remote.rmi [] - connectionId=rmi://192.168.208.1  1, name=java.lang:type=OperatingSystem, attribute=ProcessCpuLoad
2026-09-23 10:11:03.524 [RMI TCP Connection(2)-192.168.208.1] DEBUG sun.rmi.transport.tcp [] - RMI TCP Connection(2)-192.168.208.1: (port 64300) op = 82
2026-09-23 10:11:03.524 [RMI TCP Connection(2)-192.168.208.1] DEBUG sun.rmi.transport.tcp [] - RMI TCP Connection(2)-192.168.208.1: (port 64300) op = 80
2026-09-23 10:11:03.524 [RMI TCP Connection(2)-192.168.208.1] DEBUG sun.rmi.loader [] - RMI TCP Connection(2)-192.168.208.1: name = "javax.management.ObjectName", codebase = ""
2026-09-23 10:11:03.524 [RMI TCP Connection(2)-192.168.208.1] DEBUG javax.management.remote.rmi [] - connectionId=rmi://192.168.208.1  1, name=java.lang:type=Memory, attribute=HeapMemoryUsage
2026-09-23 10:11:03.525 [RMI TCP Connection(2)-192.168.208.1] DEBUG sun.rmi.transport.tcp [] - RMI TCP Connection(2)-192.168.208.1: (port 64300) op = 82
2026-09-23 10:11:03.525 [RMI TCP Connection(2)-192.168.208.1] DEBUG sun.rmi.transport.tcp [] - RMI TCP Connection(2)-192.168.208.1: (port 64300) op = 80
2026-09-23 10:11:03.525 [RMI TCP Connection(2)-192.168.208.1] DEBUG sun.rmi.loader [] - RMI TCP Connection(2)-192.168.208.1: name = "javax.management.ObjectName", codebase = ""
2026-09-23 10:11:03.525 [RMI TCP Connection(2)-192.168.208.1] DEBUG javax.management.remote.rmi [] - connectionId=rmi://192.168.208.1  1, name=java.lang:type=Memory, attribute=HeapMemoryUsage
2026-09-23 10:11:03.617 [SIGINT handler] DEBUG java.lang.Runtime [] - Runtime.exit() called with status: 130
java.lang.Throwable: Runtime.exit(130)
	at java.base/java.lang.Shutdown.logRuntimeExit(Shutdown.java:179)
	at java.base/java.lang.Shutdown.exit(Shutdown.java:160)
	at java.base/java.lang.Terminator$1.handle(Terminator.java:51)
	at java.base/jdk.internal.misc.Signal$1.run(Signal.java:218)
	at java.base/java.lang.Thread.run(Thread.java:1583)
2026-09-23 10:11:03.617 [SpringApplicationShutdownHook] DEBUG o.s.b.a.ApplicationAvailabilityBean [] - Application availability state ReadinessState changed from ACCEPTING_TRAFFIC to REFUSING_TRAFFIC
2026-09-23 10:11:03.617 [SpringApplicationShutdownHook] DEBUG o.s.b.w.s.s.c.AnnotationConfigServletWebServerApplicationContext [] - Closing org.springframework.boot.web.server.servlet.context.AnnotationConfigServletWebServerApplicationContext@6bfc6c74, started on Wed Sep 23 10:10:40 CST 2026
2026-09-23 10:11:03.619 [SpringApplicationShutdownHook] DEBUG o.s.c.s.DefaultLifecycleProcessor [] - Stopping beans in phase 2147482623
2026-09-23 10:11:03.619 [SpringApplicationShutdownHook] INFO  o.s.boot.tomcat.GracefulShutdown [] - Commencing graceful shutdown. Waiting for active requests to complete
2026-09-23 10:11:03.622 [tomcat-shutdown] INFO  o.s.boot.tomcat.GracefulShutdown [] - Graceful shutdown complete
2026-09-23 10:11:03.622 [tomcat-shutdown] DEBUG o.s.c.s.DefaultLifecycleProcessor [] - Bean 'webServerGracefulShutdown' completed its stop procedure
2026-09-23 10:11:03.622 [SpringApplicationShutdownHook] DEBUG o.s.c.s.DefaultLifecycleProcessor [] - Stopping beans in phase 2147481599
2026-09-23 10:11:03.622 [SpringApplicationShutdownHook] DEBUG o.s.c.s.DefaultLifecycleProcessor [] - Bean 'webServerStartStop' completed its stop procedure
2026-09-23 10:11:03.623 [SpringApplicationShutdownHook] DEBUG o.s.c.s.DefaultLifecycleProcessor [] - Stopping beans in phase 1073741823
2026-09-23 10:11:03.623 [SpringApplicationShutdownHook] DEBUG o.s.c.s.DefaultLifecycleProcessor [] - Bean 'applicationTaskExecutor' completed its stop procedure
2026-09-23 10:11:03.623 [SpringApplicationShutdownHook] DEBUG o.s.c.s.DefaultLifecycleProcessor [] - Stopping beans in phase -2147483647
2026-09-23 10:11:03.623 [SpringApplicationShutdownHook] DEBUG o.s.c.s.DefaultLifecycleProcessor [] - Bean 'springBootLoggingLifecycle' completed its stop procedure
2026-09-23 10:11:03.623 [SpringApplicationShutdownHook] DEBUG o.s.j.e.a.AnnotationMBeanExporter [] - Unregistering JMX-exposed beans on shutdown
2026-09-23 10:11:03.623 [SpringApplicationShutdownHook] DEBUG o.s.s.c.ThreadPoolTaskExecutor [] - Shutting down ExecutorService 'applicationTaskExecutor'
2026-09-23 10:11:05.366 [restartedMain] INFO  t.zff06.logging.LoggingApplication [] - Starting LoggingApplication using Java 21.0.12.1 with PID 32648 (D:\Tools\Projects\backend-learning\03-logging\target\classes started by zff06 in D:\Tools\Projects\backend-learning)
2026-09-23 10:11:05.368 [restartedMain] DEBUG t.zff06.logging.LoggingApplication [] - Running with Spring Boot v4.1.1, Spring v7.0.9
2026-09-23 10:11:05.368 [restartedMain] INFO  t.zff06.logging.LoggingApplication [] - The following 1 profile is active: "dev"
2026-09-23 10:11:05.392 [restartedMain] INFO  o.s.b.d.e.DevToolsPropertyDefaultsPostProcessor [] - Devtools property defaults active! Set 'spring.devtools.add-properties' to 'false' to disable
2026-09-23 10:11:05.393 [restartedMain] INFO  o.s.b.d.e.DevToolsPropertyDefaultsPostProcessor [] - For additional web related logging consider setting the 'logging.level.web' property to 'DEBUG'
2026-09-23 10:11:05.789 [restartedMain] INFO  o.s.boot.tomcat.TomcatWebServer [] - Tomcat initialized with port 8003 (http)
2026-09-23 10:11:05.796 [restartedMain] INFO  o.a.coyote.http11.Http11NioProtocol [] - Initializing ProtocolHandler ["http-nio-8003"]
2026-09-23 10:11:05.797 [restartedMain] INFO  o.a.catalina.core.StandardService [] - Starting service [Tomcat]
2026-09-23 10:11:05.797 [restartedMain] INFO  o.a.catalina.core.StandardEngine [] - Starting Servlet engine: [Apache Tomcat/11.0.24]
2026-09-23 10:11:05.821 [restartedMain] INFO  o.s.b.w.c.s.WebApplicationContextInitializer [] - Root WebApplicationContext: initialization completed in 428 ms
2026-09-23 10:11:05.993 [restartedMain] INFO  o.a.coyote.http11.Http11NioProtocol [] - Starting ProtocolHandler ["http-nio-8003"]
2026-09-23 10:11:06.005 [restartedMain] INFO  o.s.boot.tomcat.TomcatWebServer [] - Tomcat started on port 8003 (http) with context path '/'
2026-09-23 10:11:06.008 [restartedMain] INFO  t.zff06.logging.LoggingApplication [] - Started LoggingApplication in 0.975 seconds (process running for 1.397)
2026-09-23 10:11:14.175 [http-nio-8003-exec-2] INFO  o.a.c.c.C.[Tomcat].[localhost].[/] [] - Initializing Spring DispatcherServlet 'dispatcherServlet'
2026-09-23 10:11:14.176 [http-nio-8003-exec-2] INFO  o.s.web.servlet.DispatcherServlet [] - Initializing Servlet 'dispatcherServlet'
2026-09-23 10:11:14.176 [http-nio-8003-exec-2] INFO  o.s.web.servlet.DispatcherServlet [] - Completed initialization in 0 ms
2026-09-23 10:11:14.189 [http-nio-8003-exec-2] DEBUG t.z.l.controller.LoggingController [] - 这是 debug 日志，dev 环境已调高到 DEBUG，可以看到
2026-09-23 10:11:14.189 [http-nio-8003-exec-2] INFO  t.z.l.controller.LoggingController [] - 处理 /logging/demo 请求
2026-09-23 10:11:14.189 [http-nio-8003-exec-2] WARN  t.z.l.controller.LoggingController [] - 这是一条警告日志
2026-09-23 10:11:14.189 [http-nio-8003-exec-2] ERROR t.z.l.controller.LoggingController [] - 这是一条错误日志
2026-09-23 10:11:14.189 [http-nio-8003-exec-2] INFO  t.z.l.controller.LoggingController [] - 用户 zff06 登录成功，状态码：200
2026-09-23 10:11:14.190 [http-nio-8003-exec-2] INFO  t.z.l.controller.LoggingController [] - 用户手机号：138****5678
2026-09-23 10:11:31.139 [SpringApplicationShutdownHook] INFO  o.s.boot.tomcat.GracefulShutdown [] - Commencing graceful shutdown. Waiting for active requests to complete
2026-09-23 10:11:31.143 [tomcat-shutdown] INFO  o.s.boot.tomcat.GracefulShutdown [] - Graceful shutdown complete
2026-09-23 10:11:32.611 [restartedMain] INFO  t.zff06.logging.LoggingApplication [] - Starting LoggingApplication using Java 21.0.12.1 with PID 29184 (D:\Tools\Projects\backend-learning\03-logging\target\classes started by zff06 in D:\Tools\Projects\backend-learning)
2026-09-23 10:11:32.613 [restartedMain] DEBUG t.zff06.logging.LoggingApplication [] - Running with Spring Boot v4.1.1, Spring v7.0.9
2026-09-23 10:11:32.613 [restartedMain] INFO  t.zff06.logging.LoggingApplication [] - The following 1 profile is active: "dev"
2026-09-23 10:11:32.613 [restartedMain] DEBUG o.s.boot.SpringApplication [] - Loading source class top.zff06.logging.LoggingApplication
2026-09-23 10:11:32.637 [restartedMain] DEBUG o.s.b.d.restart.ChangeableUrls [] - Matching URLs for reloading : [file:/D:/Tools/Projects/backend-learning/03-logging/target/classes/]
2026-09-23 10:11:32.637 [restartedMain] DEBUG o.s.b.d.settings.DevToolsSettings [] - Included patterns for restart : []
2026-09-23 10:11:32.640 [restartedMain] DEBUG o.s.b.d.settings.DevToolsSettings [] - Excluded patterns for restart : [/spring-boot-starter-[\w-]+/, /spring-boot/(bin|build|out)/, /spring-boot-starter/(bin|build|out)/, /spring-boot-devtools/(bin|build|out)/, /spring-boot-actuator/(bin|build|out)/, /spring-boot-autoconfigure/(bin|build|out)/]
2026-09-23 10:11:32.640 [restartedMain] INFO  o.s.b.d.e.DevToolsPropertyDefaultsPostProcessor [] - Devtools property defaults active! Set 'spring.devtools.add-properties' to 'false' to disable
2026-09-23 10:11:32.640 [restartedMain] INFO  o.s.b.d.e.DevToolsPropertyDefaultsPostProcessor [] - For additional web related logging consider setting the 'logging.level.web' property to 'DEBUG'
2026-09-23 10:11:32.641 [restartedMain] DEBUG o.s.b.w.s.s.c.AnnotationConfigServletWebServerApplicationContext [] - Refreshing org.springframework.boot.web.server.servlet.context.AnnotationConfigServletWebServerApplicationContext@356dfaae
2026-09-23 10:11:32.653 [restartedMain] DEBUG o.s.b.f.s.DefaultListableBeanFactory [] - Creating shared instance of singleton bean 'org.springframework.context.annotation.internalConfigurationAnnotationProcessor'
2026-09-23 10:11:32.662 [restartedMain] DEBUG o.s.b.f.s.DefaultListableBeanFactory [] - Creating shared instance of singleton bean 'org.springframework.boot.autoconfigure.internalCachingMetadataReaderFactory'
2026-09-23 10:11:32.695 [restartedMain] DEBUG o.s.c.a.ClassPathBeanDefinitionScanner [] - Identified candidate component class: file [D:\Tools\Projects\backend-learning\03-logging\target\classes\top\zff06\logging\controller\LoggingController.class]
2026-09-23 10:11:32.719 [RMI TCP Connection(1)-192.168.208.1] DEBUG sun.rmi.transport.tcp [] - RMI TCP Connection(1)-192.168.208.1: (port 53077) op = 80
2026-09-23 10:11:32.719 [RMI TCP Connection(1)-192.168.208.1] DEBUG sun.rmi.loader [] - RMI TCP Connection(1)-192.168.208.1: name = "javax.management.ObjectName", codebase = ""
2026-09-23 10:11:32.719 [RMI TCP Connection(1)-192.168.208.1] DEBUG javax.management.remote.rmi [] - connectionId=rmi://192.168.208.1  1, name=java.lang:type=Memory, className=java.lang.management.MemoryMXBean
2026-09-23 10:11:32.720 [RMI TCP Connection(1)-192.168.208.1] DEBUG sun.rmi.transport.tcp [] - RMI TCP Connection(1)-192.168.208.1: (port 53077) op = 80
2026-09-23 10:11:32.720 [RMI TCP Connection(1)-192.168.208.1] DEBUG sun.rmi.loader [] - RMI TCP Connection(1)-192.168.208.1: name = "javax.management.ObjectName", codebase = ""
2026-09-23 10:11:32.720 [RMI TCP Connection(1)-192.168.208.1] DEBUG javax.management.remote.rmi [] - connectionId=rmi://192.168.208.1  1, name=java.lang:type=Memory, className=javax.management.NotificationEmitter
2026-09-23 10:11:32.720 [RMI TCP Connection(1)-192.168.208.1] DEBUG sun.rmi.transport.tcp [] - RMI TCP Connection(1)-192.168.208.1: (port 53077) op = 80
2026-09-23 10:11:32.720 [RMI TCP Connection(1)-192.168.208.1] DEBUG sun.rmi.loader [] - RMI TCP Connection(1)-192.168.208.1: name = "javax.management.ObjectName", codebase = ""
2026-09-23 10:11:32.720 [RMI TCP Connection(1)-192.168.208.1] DEBUG javax.management.remote.rmi [] - connectionId=rmi://192.168.208.1  1, name=java.lang:type=Memory, attribute=HeapMemoryUsage
2026-09-23 10:11:32.725 [RMI TCP Connection(1)-192.168.208.1] DEBUG sun.rmi.transport.tcp [] - RMI TCP Connection(1)-192.168.208.1: (port 53077) op = 80
2026-09-23 10:11:32.725 [RMI TCP Connection(1)-192.168.208.1] DEBUG sun.rmi.loader [] - RMI TCP Connection(1)-192.168.208.1: name = "javax.management.ObjectName", codebase = ""
2026-09-23 10:11:32.726 [RMI TCP Connection(1)-192.168.208.1] DEBUG javax.management.remote.rmi [] - connectionId=rmi://192.168.208.1  1, name=java.lang:type=Memory, attribute=HeapMemoryUsage
2026-09-23 10:11:32.890 [restartedMain] DEBUG o.s.b.f.s.DefaultListableBeanFactory [] - Creating shared instance of singleton bean 'propertySourcesPlaceholderConfigurer'
2026-09-23 10:11:32.893 [restartedMain] DEBUG o.s.b.f.s.DefaultListableBeanFactory [] - Creating shared instance of singleton bean 'org.springframework.context.event.internalEventListenerProcessor'
2026-09-23 10:11:32.895 [restartedMain] DEBUG o.s.b.f.s.DefaultListableBeanFactory [] - Creating shared instance of singleton bean 'bootstrapExecutorAliasPostProcessor'
2026-09-23 10:11:32.895 [restartedMain] DEBUG o.s.b.f.s.DefaultListableBeanFactory [] - Creating shared instance of singleton bean 'preserveErrorControllerTargetClassPostProcessor'
2026-09-23 10:11:32.895 [restartedMain] DEBUG o.s.b.f.s.DefaultListableBeanFactory [] - Creating shared instance of singleton bean 'forceAutoProxyCreatorToUseClassProxying'
2026-09-23 10:11:32.895 [restartedMain] DEBUG o.s.b.f.s.DefaultListableBeanFactory [] - Creating shared instance of singleton bean 'org.springframework.context.event.internalEventListenerFactory'
2026-09-23 10:11:32.899 [restartedMain] DEBUG o.s.b.f.s.DefaultListableBeanFactory [] - Creating shared instance of singleton bean 'org.springframework.context.annotation.internalAutowiredAnnotationProcessor'
2026-09-23 10:11:32.900 [restartedMain] DEBUG o.s.b.f.s.DefaultListableBeanFactory [] - Creating shared instance of singleton bean 'org.springframework.context.annotation.internalCommonAnnotationProcessor'
2026-09-23 10:11:32.900 [restartedMain] DEBUG o.s.b.f.s.DefaultListableBeanFactory [] - Creating shared instance of singleton bean 'org.springframework.boot.context.properties.ConfigurationPropertiesBindingPostProcessor'
2026-09-23 10:11:32.902 [restartedMain] DEBUG o.s.b.f.s.DefaultListableBeanFactory [] - Creating shared instance of singleton bean 'org.springframework.boot.context.internalConfigurationPropertiesBinder'
2026-09-23 10:11:32.903 [restartedMain] DEBUG o.s.b.f.s.DefaultListableBeanFactory [] - Creating shared instance of singleton bean 'org.springframework.aop.config.internalAutoProxyCreator'
2026-09-23 10:11:32.907 [restartedMain] DEBUG o.s.b.f.s.DefaultListableBeanFactory [] - Creating shared instance of singleton bean 'org.springframework.aop.framework.autoproxy.defaultProxyConfig'
2026-09-23 10:11:32.907 [restartedMain] DEBUG o.s.b.f.s.DefaultListableBeanFactory [] - Creating shared instance of singleton bean 'webServerFactoryCustomizerBeanPostProcessor'
2026-09-23 10:11:32.907 [restartedMain] DEBUG o.s.b.f.s.DefaultListableBeanFactory [] - Creating shared instance of singleton bean 'errorPageRegistrarBeanPostProcessor'
2026-09-23 10:11:32.923 [restartedMain] DEBUG o.s.b.f.s.DefaultListableBeanFactory [] - Creating shared instance of singleton bean 'tomcatServletWebServerFactory'
2026-09-23 10:11:32.924 [restartedMain] DEBUG o.s.b.f.s.DefaultListableBeanFactory [] - Creating shared instance of singleton bean 'org.springframework.boot.tomcat.autoconfigure.servlet.TomcatServletWebServerAutoConfiguration'
2026-09-23 10:11:32.927 [restartedMain] DEBUG o.s.b.f.s.DefaultListableBeanFactory [] - Creating shared instance of singleton bean 'server.tomcat-org.springframework.boot.tomcat.autoconfigure.TomcatServerProperties'
2026-09-23 10:11:32.929 [restartedMain] DEBUG o.s.b.f.s.DefaultListableBeanFactory [] - Creating shared instance of singleton bean 'org.springframework.boot.context.properties.BoundConfigurationProperties'
2026-09-23 10:11:32.934 [restartedMain] DEBUG o.s.b.f.s.DefaultListableBeanFactory [] - Autowiring by type from bean name 'org.springframework.boot.tomcat.autoconfigure.servlet.TomcatServletWebServerAutoConfiguration' via constructor to bean named 'server.tomcat-org.springframework.boot.tomcat.autoconfigure.TomcatServerProperties'
2026-09-23 10:11:32.947 [restartedMain] DEBUG o.s.b.f.s.DefaultListableBeanFactory [] - Creating shared instance of singleton bean 'servletWebServerFactoryCustomizer'
2026-09-23 10:11:32.947 [restartedMain] DEBUG o.s.b.f.s.DefaultListableBeanFactory [] - Creating shared instance of singleton bean 'org.springframework.boot.web.server.autoconfigure.servlet.ServletWebServerConfiguration'
2026-09-23 10:11:32.949 [restartedMain] DEBUG o.s.b.f.s.DefaultListableBeanFactory [] - Creating shared instance of singleton bean 'server-org.springframework.boot.web.server.autoconfigure.ServerProperties'
2026-09-23 10:11:32.954 [restartedMain] DEBUG o.s.b.f.s.DefaultListableBeanFactory [] - Autowiring by type from bean name 'servletWebServerFactoryCustomizer' via factory method to bean named 'server-org.springframework.boot.web.server.autoconfigure.ServerProperties'
2026-09-23 10:11:32.955 [restartedMain] DEBUG o.s.b.f.s.DefaultListableBeanFactory [] - Creating shared instance of singleton bean 'sslBundleRegistry'
2026-09-23 10:11:32.955 [restartedMain] DEBUG o.s.b.f.s.DefaultListableBeanFactory [] - Creating shared instance of singleton bean 'org.springframework.boot.autoconfigure.ssl.SslAutoConfiguration'
2026-09-23 10:11:32.956 [restartedMain] DEBUG o.s.b.f.s.DefaultListableBeanFactory [] - Creating shared instance of singleton bean 'spring.ssl-org.springframework.boot.autoconfigure.ssl.SslProperties'
2026-09-23 10:11:32.956 [restartedMain] DEBUG o.s.b.f.s.DefaultListableBeanFactory [] - Autowiring by type from bean name 'org.springframework.boot.autoconfigure.ssl.SslAutoConfiguration' via constructor to bean named 'org.springframework.boot.web.server.servlet.context.AnnotationConfigServletWebServerApplicationContext@356dfaae'
2026-09-23 10:11:32.956 [restartedMain] DEBUG o.s.b.f.s.DefaultListableBeanFactory [] - Autowiring by type from bean name 'org.springframework.boot.autoconfigure.ssl.SslAutoConfiguration' via constructor to bean named 'spring.ssl-org.springframework.boot.autoconfigure.ssl.SslProperties'
2026-09-23 10:11:32.957 [restartedMain] DEBUG o.s.b.f.s.DefaultListableBeanFactory [] - Creating shared instance of singleton bean 'sslPropertiesSslBundleRegistrar'
2026-09-23 10:11:32.957 [restartedMain] DEBUG o.s.b.f.s.DefaultListableBeanFactory [] - Creating shared instance of singleton bean 'fileWatcher'
2026-09-23 10:11:32.957 [restartedMain] DEBUG o.s.b.f.s.DefaultListableBeanFactory [] - Autowiring by type from bean name 'sslPropertiesSslBundleRegistrar' via factory method to bean named 'fileWatcher'
2026-09-23 10:11:32.961 [restartedMain] DEBUG o.s.b.f.s.DefaultListableBeanFactory [] - Creating shared instance of singleton bean 'webSocketWebServerCustomizer'
2026-09-23 10:11:32.961 [restartedMain] DEBUG o.s.b.f.s.DefaultListableBeanFactory [] - Creating shared instance of singleton bean 'org.springframework.boot.tomcat.autoconfigure.TomcatWebServerConfiguration$TomcatWebSocketConfiguration'
2026-09-23 10:11:32.962 [restartedMain] DEBUG o.s.b.f.s.DefaultListableBeanFactory [] - Creating shared instance of singleton bean 'tomcatWebServerFactoryCustomizer'
2026-09-23 10:11:32.962 [restartedMain] DEBUG o.s.b.f.s.DefaultListableBeanFactory [] - Creating shared instance of singleton bean 'org.springframework.boot.tomcat.autoconfigure.TomcatWebServerConfiguration'
2026-09-23 10:11:32.962 [RMI TCP Connection(1)-192.168.208.1] DEBUG sun.rmi.transport.tcp [] - RMI TCP Connection(1)-192.168.208.1: (port 53077) op = 82
2026-09-23 10:11:32.962 [RMI TCP Connection(1)-192.168.208.1] DEBUG sun.rmi.transport.tcp [] - RMI TCP Connection(1)-192.168.208.1: (port 53077) op = 80
2026-09-23 10:11:32.963 [RMI TCP Connection(1)-192.168.208.1] DEBUG sun.rmi.transport.tcp [] - RMI TCP Connection(1)-192.168.208.1: (port 53077) op = 82
2026-09-23 10:11:32.963 [restartedMain] DEBUG o.s.b.f.s.DefaultListableBeanFactory [] - Creating shared instance of singleton bean 'spring.web-org.springframework.boot.autoconfigure.web.WebProperties'
2026-09-23 10:11:32.963 [RMI TCP Connection(1)-192.168.208.1] DEBUG sun.rmi.transport.tcp [] - RMI TCP Connection(1)-192.168.208.1: (port 53077) op = 80
2026-09-23 10:11:32.963 [RMI TCP Connection(1)-192.168.208.1] DEBUG sun.rmi.loader [] - RMI TCP Connection(1)-192.168.208.1: name = "[Ljava.rmi.server.ObjID;", codebase = "", defaultLoader = jdk.internal.loader.ClassLoaders$PlatformClassLoader@3affa428
2026-09-23 10:11:32.963 [RMI TCP Connection(1)-192.168.208.1] DEBUG sun.rmi.loader [] - RMI TCP Connection(1)-192.168.208.1: name = "java.rmi.server.ObjID", codebase = "", defaultLoader = jdk.internal.loader.ClassLoaders$PlatformClassLoader@3affa428
2026-09-23 10:11:32.963 [RMI TCP Connection(1)-192.168.208.1] DEBUG sun.rmi.loader [] - RMI TCP Connection(1)-192.168.208.1: name = "java.rmi.server.UID", codebase = "", defaultLoader = jdk.internal.loader.ClassLoaders$PlatformClassLoader@3affa428
2026-09-23 10:11:32.963 [RMI TCP Connection(1)-192.168.208.1] DEBUG sun.rmi.loader [] - RMI TCP Connection(1)-192.168.208.1: name = "java.rmi.dgc.Lease", codebase = "", defaultLoader = jdk.internal.loader.ClassLoaders$PlatformClassLoader@3affa428
2026-09-23 10:11:32.963 [RMI TCP Connection(1)-192.168.208.1] DEBUG sun.rmi.loader [] - RMI TCP Connection(1)-192.168.208.1: name = "java.rmi.dgc.VMID", codebase = "", defaultLoader = jdk.internal.loader.ClassLoaders$PlatformClassLoader@3affa428
2026-09-23 10:11:32.963 [RMI TCP Connection(1)-192.168.208.1] DEBUG sun.rmi.loader [] - RMI TCP Connection(1)-192.168.208.1: name = "[B", codebase = "", defaultLoader = jdk.internal.loader.ClassLoaders$PlatformClassLoader@3affa428
2026-09-23 10:11:32.964 [RMI TCP Connection(1)-192.168.208.1] DEBUG sun.rmi.transport.tcp [] - RMI TCP Connection(1)-192.168.208.1: (port 53077) op = 82
2026-09-23 10:11:32.964 [RMI TCP Connection(1)-192.168.208.1] DEBUG sun.rmi.transport.tcp [] - RMI TCP Connection(1)-192.168.208.1: (port 53077) op = 84
2026-09-23 10:11:32.964 [RMI TCP Connection(1)-192.168.208.1] DEBUG sun.rmi.transport.tcp [] - RMI TCP Connection(1)-192.168.208.1: (port 53077) op = 82
2026-09-23 10:11:32.964 [RMI TCP Connection(1)-192.168.208.1] DEBUG sun.rmi.transport.tcp [] - RMI TCP Connection(1)-192.168.208.1: (port 53077) op = 80
2026-09-23 10:11:32.964 [RMI TCP Connection(1)-192.168.208.1] DEBUG sun.rmi.transport.tcp [] - RMI TCP Connection(1)-192.168.208.1: (port 53077) op = 82
2026-09-23 10:11:32.965 [RMI TCP Connection(1)-192.168.208.1] DEBUG sun.rmi.transport.tcp [] - RMI TCP Connection(1)-192.168.208.1: (port 53077) op = 80
2026-09-23 10:11:32.965 [RMI TCP Connection(1)-192.168.208.1] DEBUG sun.rmi.loader [] - RMI TCP Connection(1)-192.168.208.1: name = "javax.management.ObjectName", codebase = ""
2026-09-23 10:11:32.965 [RMI TCP Connection(1)-192.168.208.1] DEBUG javax.management.remote.rmi [] - connectionId=rmi://192.168.208.1  2, name=org.springframework.boot:type=Admin,name=SpringApplication, attribute=Ready
2026-09-23 10:11:32.965 [RMI TCP Connection(1)-192.168.208.1] DEBUG sun.rmi.server.call [] - RMI TCP Connection(1)-192.168.208.1: [192.168.208.1] exception: 
javax.management.InstanceNotFoundException: org.springframework.boot:type=Admin,name=SpringApplication
	at java.management/com.sun.jmx.interceptor.DefaultMBeanServerInterceptor.getMBean(DefaultMBeanServerInterceptor.java:1073)
	at java.management/com.sun.jmx.interceptor.DefaultMBeanServerInterceptor.getAttribute(DefaultMBeanServerInterceptor.java:632)
	at java.management/com.sun.jmx.mbeanserver.JmxMBeanServer.getAttribute(JmxMBeanServer.java:679)
	at java.management.rmi/javax.management.remote.rmi.RMIConnectionImpl.doOperation(RMIConnectionImpl.java:1449)
	at java.management.rmi/javax.management.remote.rmi.RMIConnectionImpl$PrivilegedOperation.run(RMIConnectionImpl.java:1310)
	at java.management.rmi/javax.management.remote.rmi.RMIConnectionImpl.doPrivilegedOperation(RMIConnectionImpl.java:1405)
	at java.management.rmi/javax.management.remote.rmi.RMIConnectionImpl.getAttribute(RMIConnectionImpl.java:639)
	at java.base/jdk.internal.reflect.DirectMethodHandleAccessor.invoke(DirectMethodHandleAccessor.java:103)
	at java.base/java.lang.reflect.Method.invoke(Method.java:580)
	at java.rmi/sun.rmi.server.UnicastServerRef.dispatch(UnicastServerRef.java:360)
	at java.rmi/sun.rmi.transport.Transport$1.run(Transport.java:200)
	at java.rmi/sun.rmi.transport.Transport$1.run(Transport.java:197)
	at java.base/java.security.AccessController.doPrivileged(AccessController.java:714)
	at java.rmi/sun.rmi.transport.Transport.serviceCall(Transport.java:196)
	at java.rmi/sun.rmi.transport.tcp.TCPTransport.handleMessages(TCPTransport.java:598)
	at java.rmi/sun.rmi.transport.tcp.TCPTransport$ConnectionHandler.run0(TCPTransport.java:844)
	at java.rmi/sun.rmi.transport.tcp.TCPTransport$ConnectionHandler.lambda$run$0(TCPTransport.java:721)
	at java.base/java.security.AccessController.doPrivileged(AccessController.java:400)
	at java.rmi/sun.rmi.transport.tcp.TCPTransport$ConnectionHandler.run(TCPTransport.java:720)
	at java.base/java.util.concurrent.ThreadPoolExecutor.runWorker(ThreadPoolExecutor.java:1144)
	at java.base/java.util.concurrent.ThreadPoolExecutor$Worker.run(ThreadPoolExecutor.java:642)
	at java.base/java.lang.Thread.run(Thread.java:1583)
2026-09-23 10:11:32.970 [RMI TCP Connection(1)-192.168.208.1] DEBUG sun.rmi.transport.tcp [] - RMI TCP Connection(1)-192.168.208.1: (port 53077) op = 82
2026-09-23 10:11:32.970 [RMI TCP Connection(1)-192.168.208.1] DEBUG sun.rmi.transport.tcp [] - RMI TCP Connection(1)-192.168.208.1: (port 53077) op = 80
2026-09-23 10:11:32.970 [restartedMain] DEBUG o.s.b.f.s.DefaultListableBeanFactory [] - Autowiring by type from bean name 'tomcatWebServerFactoryCustomizer' via factory method to bean named 'environment'
2026-09-23 10:11:32.970 [restartedMain] DEBUG o.s.b.f.s.DefaultListableBeanFactory [] - Autowiring by type from bean name 'tomcatWebServerFactoryCustomizer' via factory method to bean named 'server-org.springframework.boot.web.server.autoconfigure.ServerProperties'
2026-09-23 10:11:32.970 [restartedMain] DEBUG o.s.b.f.s.DefaultListableBeanFactory [] - Autowiring by type from bean name 'tomcatWebServerFactoryCustomizer' via factory method to bean named 'server.tomcat-org.springframework.boot.tomcat.autoconfigure.TomcatServerProperties'
2026-09-23 10:11:32.970 [restartedMain] DEBUG o.s.b.f.s.DefaultListableBeanFactory [] - Autowiring by type from bean name 'tomcatWebServerFactoryCustomizer' via factory method to bean named 'spring.web-org.springframework.boot.autoconfigure.web.WebProperties'
2026-09-23 10:11:32.970 [RMI TCP Connection(1)-192.168.208.1] DEBUG javax.management.remote.rmi [] - [javax.management.remote.rmi.RMIConnectionImpl@51dce697: connectionId=rmi://192.168.208.1  2] closing.
2026-09-23 10:11:32.970 [RMI TCP Connection(1)-192.168.208.1] DEBUG javax.management.remote.rmi [] - [javax.management.remote.rmi.RMIConnectionImpl@51dce697: connectionId=rmi://192.168.208.1  2] closed.
2026-09-23 10:11:32.972 [restartedMain] DEBUG o.s.b.f.s.DefaultListableBeanFactory [] - Creating shared instance of singleton bean 'tomcatServletWebServerFactoryCustomizer'
2026-09-23 10:11:32.972 [restartedMain] DEBUG o.s.b.f.s.DefaultListableBeanFactory [] - Autowiring by type from bean name 'tomcatServletWebServerFactoryCustomizer' via factory method to bean named 'server.tomcat-org.springframework.boot.tomcat.autoconfigure.TomcatServerProperties'
2026-09-23 10:11:32.983 [restartedMain] DEBUG o.s.b.f.s.DefaultListableBeanFactory [] - Creating shared instance of singleton bean 'errorPageCustomizer'
2026-09-23 10:11:32.983 [restartedMain] DEBUG o.s.b.f.s.DefaultListableBeanFactory [] - Creating shared instance of singleton bean 'org.springframework.boot.webmvc.autoconfigure.error.ErrorMvcAutoConfiguration'
2026-09-23 10:11:32.983 [restartedMain] DEBUG o.s.b.f.s.DefaultListableBeanFactory [] - Autowiring by type from bean name 'org.springframework.boot.webmvc.autoconfigure.error.ErrorMvcAutoConfiguration' via constructor to bean named 'spring.web-org.springframework.boot.autoconfigure.web.WebProperties'
2026-09-23 10:11:32.984 [restartedMain] DEBUG o.s.b.f.s.DefaultListableBeanFactory [] - Creating shared instance of singleton bean 'dispatcherServletRegistration'
2026-09-23 10:11:32.984 [restartedMain] DEBUG o.s.b.f.s.DefaultListableBeanFactory [] - Creating shared instance of singleton bean 'org.springframework.boot.webmvc.autoconfigure.DispatcherServletAutoConfiguration$DispatcherServletRegistrationConfiguration'
2026-09-23 10:11:32.984 [restartedMain] DEBUG o.s.b.f.s.DefaultListableBeanFactory [] - Creating shared instance of singleton bean 'dispatcherServlet'
2026-09-23 10:11:32.984 [restartedMain] DEBUG o.s.b.f.s.DefaultListableBeanFactory [] - Creating shared instance of singleton bean 'org.springframework.boot.webmvc.autoconfigure.DispatcherServletAutoConfiguration$DispatcherServletConfiguration'
2026-09-23 10:11:32.985 [restartedMain] DEBUG o.s.b.f.s.DefaultListableBeanFactory [] - Creating shared instance of singleton bean 'spring.mvc-org.springframework.boot.webmvc.autoconfigure.WebMvcProperties'
2026-09-23 10:11:32.986 [restartedMain] DEBUG o.s.b.f.s.DefaultListableBeanFactory [] - Autowiring by type from bean name 'dispatcherServlet' via factory method to bean named 'spring.mvc-org.springframework.boot.webmvc.autoconfigure.WebMvcProperties'
2026-09-23 10:11:32.992 [restartedMain] DEBUG o.s.b.f.s.DefaultListableBeanFactory [] - Autowiring by type from bean name 'dispatcherServletRegistration' via factory method to bean named 'dispatcherServlet'
2026-09-23 10:11:32.992 [restartedMain] DEBUG o.s.b.f.s.DefaultListableBeanFactory [] - Autowiring by type from bean name 'dispatcherServletRegistration' via factory method to bean named 'spring.mvc-org.springframework.boot.webmvc.autoconfigure.WebMvcProperties'
2026-09-23 10:11:32.993 [restartedMain] DEBUG o.s.b.f.s.DefaultListableBeanFactory [] - Creating shared instance of singleton bean 'multipartConfigElement'
2026-09-23 10:11:32.993 [restartedMain] DEBUG o.s.b.f.s.DefaultListableBeanFactory [] - Creating shared instance of singleton bean 'org.springframework.boot.servlet.autoconfigure.MultipartAutoConfiguration'
2026-09-23 10:11:32.994 [restartedMain] DEBUG o.s.b.f.s.DefaultListableBeanFactory [] - Creating shared instance of singleton bean 'spring.servlet.multipart-org.springframework.boot.servlet.autoconfigure.MultipartProperties'
2026-09-23 10:11:32.995 [restartedMain] DEBUG o.s.b.f.s.DefaultListableBeanFactory [] - Autowiring by type from bean name 'org.springframework.boot.servlet.autoconfigure.MultipartAutoConfiguration' via constructor to bean named 'spring.servlet.multipart-org.springframework.boot.servlet.autoconfigure.MultipartProperties'
2026-09-23 10:11:32.996 [restartedMain] DEBUG o.s.b.f.s.DefaultListableBeanFactory [] - Autowiring by type from bean name 'errorPageCustomizer' via factory method to bean named 'dispatcherServletRegistration'
2026-09-23 10:11:33.031 [restartedMain] DEBUG o.apache.catalina.core.ContainerBase [] - Add container child [StandardHost[localhost]] to container [StandardEngine[Tomcat]]
2026-09-23 10:11:33.032 [restartedMain] DEBUG o.s.b.t.s.TomcatServletWebServerFactory [] - Code archive: D:\Tools\maven_jar\org\springframework\boot\spring-boot-web-server\4.1.1\spring-boot-web-server-4.1.1.jar
2026-09-23 10:11:33.032 [restartedMain] DEBUG o.s.b.t.s.TomcatServletWebServerFactory [] - Code archive: D:\Tools\maven_jar\org\springframework\boot\spring-boot-web-server\4.1.1\spring-boot-web-server-4.1.1.jar
2026-09-23 10:11:33.032 [restartedMain] DEBUG o.s.b.t.s.TomcatServletWebServerFactory [] - None of the document roots [src/main/webapp, public, static] point to a directory and will be ignored.
2026-09-23 10:11:33.044 [restartedMain] DEBUG o.apache.catalina.core.ContainerBase [] - Add container child [TomcatEmbeddedContext[]] to container [StandardEngine[Tomcat].StandardHost[localhost]]
2026-09-23 10:11:33.057 [restartedMain] INFO  o.s.boot.tomcat.TomcatWebServer [] - Tomcat initialized with port 8003 (http)
2026-09-23 10:11:33.060 [restartedMain] DEBUG o.apache.catalina.util.LifecycleBase [] - Setting state for [StandardServer[-1]] to [INITIALIZING]
2026-09-23 10:11:33.063 [restartedMain] DEBUG o.apache.catalina.util.LifecycleBase [] - Setting state for [org.apache.catalina.deploy.NamingResourcesImpl@6c805c3e] to [INITIALIZING]
2026-09-23 10:11:33.063 [restartedMain] DEBUG o.apache.catalina.util.LifecycleBase [] - Setting state for [org.apache.catalina.deploy.NamingResourcesImpl@6c805c3e] to [INITIALIZED]
2026-09-23 10:11:33.063 [restartedMain] DEBUG o.apache.catalina.util.LifecycleBase [] - Setting state for [StandardService[Tomcat]] to [INITIALIZING]
2026-09-23 10:11:33.063 [restartedMain] DEBUG o.apache.catalina.util.LifecycleBase [] - Setting state for [StandardEngine[Tomcat]] to [INITIALIZING]
2026-09-23 10:11:33.063 [restartedMain] DEBUG o.apache.catalina.util.LifecycleBase [] - Setting state for [StandardEngine[Tomcat]] to [INITIALIZED]
2026-09-23 10:11:33.063 [restartedMain] DEBUG o.apache.catalina.util.LifecycleBase [] - Setting state for [org.apache.catalina.mapper.MapperListener@403b00c] to [INITIALIZING]
2026-09-23 10:11:33.063 [restartedMain] DEBUG o.apache.catalina.util.LifecycleBase [] - Setting state for [org.apache.catalina.mapper.MapperListener@403b00c] to [INITIALIZED]
2026-09-23 10:11:33.064 [restartedMain] DEBUG o.apache.catalina.util.LifecycleBase [] - Setting state for [Connector["http-nio-8003"]] to [INITIALIZING]
2026-09-23 10:11:33.069 [restartedMain] INFO  o.a.coyote.http11.Http11NioProtocol [] - Initializing ProtocolHandler ["http-nio-8003"]
2026-09-23 10:11:33.070 [restartedMain] DEBUG o.apache.catalina.util.LifecycleBase [] - Setting state for [Connector["http-nio-8003"]] to [INITIALIZED]
2026-09-23 10:11:33.070 [restartedMain] DEBUG o.apache.catalina.util.LifecycleBase [] - Setting state for [StandardService[Tomcat]] to [INITIALIZED]
2026-09-23 10:11:33.070 [restartedMain] DEBUG o.apache.catalina.util.LifecycleBase [] - Setting state for [StandardServer[-1]] to [INITIALIZED]
2026-09-23 10:11:33.070 [restartedMain] DEBUG o.apache.catalina.util.LifecycleBase [] - Setting state for [StandardServer[-1]] to [STARTING_PREP]
2026-09-23 10:11:33.070 [restartedMain] DEBUG o.apache.catalina.util.LifecycleBase [] - Setting state for [StandardServer[-1]] to [STARTING]
2026-09-23 10:11:33.070 [restartedMain] DEBUG o.apache.catalina.util.LifecycleBase [] - Setting state for [org.apache.catalina.deploy.NamingResourcesImpl@6c805c3e] to [STARTING_PREP]
2026-09-23 10:11:33.070 [restartedMain] DEBUG o.apache.catalina.util.LifecycleBase [] - Setting state for [org.apache.catalina.deploy.NamingResourcesImpl@6c805c3e] to [STARTING]
2026-09-23 10:11:33.072 [restartedMain] DEBUG o.apache.catalina.util.LifecycleBase [] - Setting state for [org.apache.catalina.deploy.NamingResourcesImpl@6c805c3e] to [STARTED]
2026-09-23 10:11:33.072 [restartedMain] DEBUG o.apache.catalina.util.LifecycleBase [] - Setting state for [StandardService[Tomcat]] to [STARTING_PREP]
2026-09-23 10:11:33.072 [restartedMain] INFO  o.a.catalina.core.StandardService [] - Starting service [Tomcat]
2026-09-23 10:11:33.072 [restartedMain] DEBUG o.apache.catalina.util.LifecycleBase [] - Setting state for [StandardService[Tomcat]] to [STARTING]
2026-09-23 10:11:33.072 [restartedMain] DEBUG o.apache.catalina.util.LifecycleBase [] - Setting state for [StandardEngine[Tomcat]] to [STARTING_PREP]
2026-09-23 10:11:33.072 [restartedMain] INFO  o.a.catalina.core.StandardEngine [] - Starting Servlet engine: [Apache Tomcat/11.0.24]
2026-09-23 10:11:33.073 [restartedMain] DEBUG o.apache.catalina.util.LifecycleBase [] - Setting state for [SimpleRealm[StandardEngine[Tomcat]]] to [INITIALIZING]
2026-09-23 10:11:33.073 [restartedMain] DEBUG o.apache.catalina.util.LifecycleBase [] - Setting state for [SimpleRealm[StandardEngine[Tomcat]]] to [INITIALIZED]
2026-09-23 10:11:33.074 [restartedMain] DEBUG o.apache.catalina.util.LifecycleBase [] - Setting state for [SimpleRealm[StandardEngine[Tomcat]]] to [STARTING_PREP]
2026-09-23 10:11:33.074 [restartedMain] DEBUG o.apache.catalina.util.LifecycleBase [] - Setting state for [SimpleRealm[StandardEngine[Tomcat]]] to [STARTING]
2026-09-23 10:11:33.074 [restartedMain] DEBUG o.apache.catalina.util.LifecycleBase [] - Setting state for [SimpleRealm[StandardEngine[Tomcat]]] to [STARTED]
2026-09-23 10:11:33.074 [restartedMain] DEBUG o.apache.catalina.util.LifecycleBase [] - Setting state for [StandardEngine[Tomcat].StandardHost[localhost]] to [INITIALIZING]
2026-09-23 10:11:33.074 [restartedMain] DEBUG o.apache.catalina.util.LifecycleBase [] - Setting state for [StandardEngine[Tomcat].StandardHost[localhost]] to [INITIALIZED]
2026-09-23 10:11:33.074 [restartedMain] DEBUG o.apache.catalina.util.LifecycleBase [] - Setting state for [StandardEngine[Tomcat].StandardHost[localhost]] to [STARTING_PREP]
2026-09-23 10:11:33.075 [restartedMain] DEBUG o.apache.catalina.util.LifecycleBase [] - Setting state for [StandardEngine[Tomcat].StandardHost[localhost].TomcatEmbeddedContext[]] to [INITIALIZING]
2026-09-23 10:11:33.080 [restartedMain] DEBUG o.apache.catalina.util.LifecycleBase [] - Setting state for [StandardEngine[Tomcat].StandardHost[localhost].TomcatEmbeddedContext[]] to [INITIALIZED]
2026-09-23 10:11:33.080 [restartedMain] DEBUG o.apache.catalina.util.LifecycleBase [] - Setting state for [StandardEngine[Tomcat].StandardHost[localhost].TomcatEmbeddedContext[]] to [STARTING_PREP]
2026-09-23 10:11:33.087 [restartedMain] DEBUG o.apache.catalina.util.LifecycleBase [] - Setting state for [org.apache.catalina.webresources.StandardRoot@6410e0a6] to [INITIALIZING]
2026-09-23 10:11:33.087 [restartedMain] DEBUG o.apache.catalina.util.LifecycleBase [] - Setting state for [org.apache.catalina.webresources.StandardRoot@6410e0a6] to [INITIALIZED]
2026-09-23 10:11:33.087 [restartedMain] DEBUG o.apache.catalina.util.LifecycleBase [] - Setting state for [org.apache.catalina.webresources.StandardRoot@6410e0a6] to [STARTING_PREP]
2026-09-23 10:11:33.089 [restartedMain] DEBUG o.apache.catalina.util.LifecycleBase [] - Setting state for [org.apache.catalina.webresources.DirResourceSet@71924691] to [INITIALIZING]
2026-09-23 10:11:33.089 [restartedMain] DEBUG o.apache.catalina.util.LifecycleBase [] - Setting state for [org.apache.catalina.webresources.DirResourceSet@71924691] to [INITIALIZED]
2026-09-23 10:11:33.089 [restartedMain] DEBUG o.apache.catalina.util.LifecycleBase [] - Setting state for [org.apache.catalina.webresources.DirResourceSet@71924691] to [STARTING_PREP]
2026-09-23 10:11:33.091 [restartedMain] DEBUG o.apache.catalina.util.LifecycleBase [] - Setting state for [org.apache.catalina.webresources.DirResourceSet@71924691] to [STARTING]
2026-09-23 10:11:33.091 [restartedMain] DEBUG o.apache.catalina.util.LifecycleBase [] - Setting state for [org.apache.catalina.webresources.DirResourceSet@71924691] to [STARTED]
2026-09-23 10:11:33.091 [restartedMain] DEBUG o.apache.catalina.util.LifecycleBase [] - Setting state for [org.apache.catalina.webresources.StandardRoot@6410e0a6] to [STARTING]
2026-09-23 10:11:33.091 [restartedMain] DEBUG o.apache.catalina.util.LifecycleBase [] - Setting state for [org.apache.catalina.webresources.StandardRoot@6410e0a6] to [STARTED]
2026-09-23 10:11:33.091 [restartedMain] DEBUG o.apache.catalina.util.LifecycleBase [] - Setting state for [WebappLoader[StandardEngine[Tomcat].StandardHost[localhost].TomcatEmbeddedContext[]]] to [INITIALIZING]
2026-09-23 10:11:33.091 [restartedMain] DEBUG o.apache.catalina.util.LifecycleBase [] - Setting state for [WebappLoader[StandardEngine[Tomcat].StandardHost[localhost].TomcatEmbeddedContext[]]] to [INITIALIZED]
2026-09-23 10:11:33.091 [restartedMain] DEBUG o.apache.catalina.util.LifecycleBase [] - Setting state for [WebappLoader[StandardEngine[Tomcat].StandardHost[localhost].TomcatEmbeddedContext[]]] to [STARTING_PREP]
2026-09-23 10:11:33.091 [restartedMain] DEBUG o.a.catalina.loader.WebappLoader [] - Starting this Loader
2026-09-23 10:11:33.093 [restartedMain] DEBUG o.apache.catalina.webresources.Cache [] - Increased cache size by [531] for item [org.apache.catalina.webresources.CachedResource@3c1ba748] at [/WEB-INF/classes] making total cache size [531]
2026-09-23 10:11:33.095 [restartedMain] DEBUG o.apache.catalina.util.LifecycleBase [] - Setting state for [WebappLoader[StandardEngine[Tomcat].StandardHost[localhost].TomcatEmbeddedContext[]]] to [STARTING]
2026-09-23 10:11:33.095 [restartedMain] DEBUG o.apache.catalina.util.LifecycleBase [] - Setting state for [WebappLoader[StandardEngine[Tomcat].StandardHost[localhost].TomcatEmbeddedContext[]]] to [STARTED]
2026-09-23 10:11:33.096 [restartedMain] DEBUG o.apache.catalina.util.LifecycleBase [] - Setting state for [StandardPipeline[StandardEngine[Tomcat].StandardHost[localhost].TomcatEmbeddedContext[]]] to [INITIALIZING]
2026-09-23 10:11:33.096 [restartedMain] DEBUG o.apache.catalina.util.LifecycleBase [] - Setting state for [StandardPipeline[StandardEngine[Tomcat].StandardHost[localhost].TomcatEmbeddedContext[]]] to [INITIALIZED]
2026-09-23 10:11:33.096 [restartedMain] DEBUG o.apache.catalina.util.LifecycleBase [] - Setting state for [StandardPipeline[StandardEngine[Tomcat].StandardHost[localhost].TomcatEmbeddedContext[]]] to [STARTING_PREP]
2026-09-23 10:11:33.096 [restartedMain] DEBUG o.apache.catalina.util.LifecycleBase [] - Setting state for [NonLoginAuthenticator[StandardEngine[Tomcat].StandardHost[localhost].TomcatEmbeddedContext[]]] to [INITIALIZING]
2026-09-23 10:11:33.096 [restartedMain] DEBUG o.apache.catalina.util.LifecycleBase [] - Setting state for [NonLoginAuthenticator[StandardEngine[Tomcat].StandardHost[localhost].TomcatEmbeddedContext[]]] to [INITIALIZED]
2026-09-23 10:11:33.096 [restartedMain] DEBUG o.apache.catalina.util.LifecycleBase [] - Setting state for [NonLoginAuthenticator[StandardEngine[Tomcat].StandardHost[localhost].TomcatEmbeddedContext[]]] to [STARTING_PREP]
2026-09-23 10:11:33.097 [restartedMain] DEBUG o.apache.catalina.util.LifecycleBase [] - Setting state for [NonLoginAuthenticator[StandardEngine[Tomcat].StandardHost[localhost].TomcatEmbeddedContext[]]] to [STARTING]
2026-09-23 10:11:33.097 [restartedMain] DEBUG o.apache.catalina.util.LifecycleBase [] - Setting state for [NonLoginAuthenticator[StandardEngine[Tomcat].StandardHost[localhost].TomcatEmbeddedContext[]]] to [STARTED]
2026-09-23 10:11:33.097 [restartedMain] DEBUG o.apache.catalina.util.LifecycleBase [] - Setting state for [StandardContextValve[StandardEngine[Tomcat].StandardHost[localhost].TomcatEmbeddedContext[]]] to [INITIALIZING]
2026-09-23 10:11:33.097 [restartedMain] DEBUG o.apache.catalina.util.LifecycleBase [] - Setting state for [StandardContextValve[StandardEngine[Tomcat].StandardHost[localhost].TomcatEmbeddedContext[]]] to [INITIALIZED]
2026-09-23 10:11:33.097 [restartedMain] DEBUG o.apache.catalina.util.LifecycleBase [] - Setting state for [StandardContextValve[StandardEngine[Tomcat].StandardHost[localhost].TomcatEmbeddedContext[]]] to [STARTING_PREP]
2026-09-23 10:11:33.097 [restartedMain] DEBUG o.apache.catalina.util.LifecycleBase [] - Setting state for [StandardContextValve[StandardEngine[Tomcat].StandardHost[localhost].TomcatEmbeddedContext[]]] to [STARTING]
2026-09-23 10:11:33.097 [restartedMain] DEBUG o.apache.catalina.util.LifecycleBase [] - Setting state for [StandardContextValve[StandardEngine[Tomcat].StandardHost[localhost].TomcatEmbeddedContext[]]] to [STARTED]
2026-09-23 10:11:33.097 [restartedMain] DEBUG o.apache.catalina.util.LifecycleBase [] - Setting state for [StandardPipeline[StandardEngine[Tomcat].StandardHost[localhost].TomcatEmbeddedContext[]]] to [STARTING]
2026-09-23 10:11:33.097 [restartedMain] DEBUG o.apache.catalina.util.LifecycleBase [] - Setting state for [StandardPipeline[StandardEngine[Tomcat].StandardHost[localhost].TomcatEmbeddedContext[]]] to [STARTED]
2026-09-23 10:11:33.098 [restartedMain] DEBUG o.apache.catalina.util.LifecycleBase [] - Setting state for [org.apache.catalina.deploy.NamingResourcesImpl@2d7d2b9f] to [INITIALIZING]
2026-09-23 10:11:33.098 [restartedMain] DEBUG o.apache.catalina.util.LifecycleBase [] - Setting state for [org.apache.catalina.deploy.NamingResourcesImpl@2d7d2b9f] to [INITIALIZED]
2026-09-23 10:11:33.098 [restartedMain] DEBUG o.apache.catalina.util.LifecycleBase [] - Setting state for [org.apache.catalina.deploy.NamingResourcesImpl@2d7d2b9f] to [STARTING_PREP]
2026-09-23 10:11:33.098 [restartedMain] DEBUG o.apache.catalina.util.LifecycleBase [] - Setting state for [org.apache.catalina.deploy.NamingResourcesImpl@2d7d2b9f] to [STARTING]
2026-09-23 10:11:33.098 [restartedMain] DEBUG o.apache.catalina.util.LifecycleBase [] - Setting state for [org.apache.catalina.deploy.NamingResourcesImpl@2d7d2b9f] to [STARTED]
2026-09-23 10:11:33.100 [restartedMain] DEBUG o.s.b.w.c.s.WebApplicationContextInitializer [] - Published root WebApplicationContext as ServletContext attribute with name [org.springframework.web.context.WebApplicationContext.ROOT]
2026-09-23 10:11:33.101 [restartedMain] INFO  o.s.b.w.c.s.WebApplicationContextInitializer [] - Root WebApplicationContext: initialization completed in 460 ms
2026-09-23 10:11:33.103 [restartedMain] DEBUG o.s.b.f.s.DefaultListableBeanFactory [] - Creating shared instance of singleton bean 'requestContextFilter'
2026-09-23 10:11:33.105 [restartedMain] DEBUG o.s.b.f.s.DefaultListableBeanFactory [] - Creating shared instance of singleton bean 'formContentFilter'
2026-09-23 10:11:33.105 [restartedMain] DEBUG o.s.b.f.s.DefaultListableBeanFactory [] - Creating shared instance of singleton bean 'org.springframework.boot.webmvc.autoconfigure.WebMvcAutoConfiguration'
2026-09-23 10:11:33.106 [restartedMain] DEBUG o.s.b.f.s.DefaultListableBeanFactory [] - Creating shared instance of singleton bean 'characterEncodingFilter'
2026-09-23 10:11:33.106 [restartedMain] DEBUG o.s.b.f.s.DefaultListableBeanFactory [] - Creating shared instance of singleton bean 'org.springframework.boot.servlet.autoconfigure.HttpEncodingAutoConfiguration'
2026-09-23 10:11:33.108 [restartedMain] DEBUG o.s.b.f.s.DefaultListableBeanFactory [] - Creating shared instance of singleton bean 'spring.servlet.encoding-org.springframework.boot.servlet.autoconfigure.ServletEncodingProperties'
2026-09-23 10:11:33.109 [restartedMain] DEBUG o.s.b.f.s.DefaultListableBeanFactory [] - Autowiring by type from bean name 'characterEncodingFilter' via factory method to bean named 'spring.servlet.encoding-org.springframework.boot.servlet.autoconfigure.ServletEncodingProperties'
2026-09-23 10:11:33.112 [restartedMain] DEBUG o.s.b.w.s.ServletContextInitializerBeans [] - Mapping filters: characterEncodingFilter urls=[/*] order=-2147483648, formContentFilter urls=[/*] order=-9900, requestContextFilter urls=[/*] order=-105
2026-09-23 10:11:33.113 [restartedMain] DEBUG o.s.b.w.s.ServletContextInitializerBeans [] - Mapping servlets: dispatcherServlet urls=[/]
2026-09-23 10:11:33.114 [restartedMain] DEBUG o.apache.catalina.core.ContainerBase [] - Add container child [StandardWrapper[dispatcherServlet]] to container [StandardEngine[Tomcat].StandardHost[localhost].TomcatEmbeddedContext[]]
2026-09-23 10:11:33.114 [restartedMain] DEBUG o.apache.catalina.util.LifecycleBase [] - Setting state for [StandardEngine[Tomcat].StandardHost[localhost].TomcatEmbeddedContext[].StandardWrapper[dispatcherServlet]] to [INITIALIZING]
2026-09-23 10:11:33.114 [restartedMain] DEBUG o.apache.catalina.util.LifecycleBase [] - Setting state for [StandardEngine[Tomcat].StandardHost[localhost].TomcatEmbeddedContext[].StandardWrapper[dispatcherServlet]] to [INITIALIZED]
2026-09-23 10:11:33.114 [restartedMain] DEBUG o.apache.catalina.util.LifecycleBase [] - Setting state for [StandardEngine[Tomcat].StandardHost[localhost].TomcatEmbeddedContext[].StandardWrapper[dispatcherServlet]] to [STARTING_PREP]
2026-09-23 10:11:33.114 [restartedMain] DEBUG o.apache.catalina.util.LifecycleBase [] - Setting state for [StandardPipeline[StandardEngine[Tomcat].StandardHost[localhost].TomcatEmbeddedContext[].StandardWrapper[dispatcherServlet]]] to [INITIALIZING]
2026-09-23 10:11:33.114 [restartedMain] DEBUG o.apache.catalina.util.LifecycleBase [] - Setting state for [StandardPipeline[StandardEngine[Tomcat].StandardHost[localhost].TomcatEmbeddedContext[].StandardWrapper[dispatcherServlet]]] to [INITIALIZED]
2026-09-23 10:11:33.114 [restartedMain] DEBUG o.apache.catalina.util.LifecycleBase [] - Setting state for [StandardPipeline[StandardEngine[Tomcat].StandardHost[localhost].TomcatEmbeddedContext[].StandardWrapper[dispatcherServlet]]] to [STARTING_PREP]
2026-09-23 10:11:33.116 [restartedMain] DEBUG o.apache.catalina.util.LifecycleBase [] - Setting state for [StandardWrapperValve[StandardEngine[Tomcat].StandardHost[localhost].TomcatEmbeddedContext[].StandardWrapper[dispatcherServlet]]] to [INITIALIZING]
2026-09-23 10:11:33.116 [restartedMain] DEBUG o.apache.catalina.util.LifecycleBase [] - Setting state for [StandardWrapperValve[StandardEngine[Tomcat].StandardHost[localhost].TomcatEmbeddedContext[].StandardWrapper[dispatcherServlet]]] to [INITIALIZED]
2026-09-23 10:11:33.116 [restartedMain] DEBUG o.apache.catalina.util.LifecycleBase [] - Setting state for [StandardWrapperValve[StandardEngine[Tomcat].StandardHost[localhost].TomcatEmbeddedContext[].StandardWrapper[dispatcherServlet]]] to [STARTING_PREP]
2026-09-23 10:11:33.116 [restartedMain] DEBUG o.apache.catalina.util.LifecycleBase [] - Setting state for [StandardWrapperValve[StandardEngine[Tomcat].StandardHost[localhost].TomcatEmbeddedContext[].StandardWrapper[dispatcherServlet]]] to [STARTING]
2026-09-23 10:11:33.116 [restartedMain] DEBUG o.apache.catalina.util.LifecycleBase [] - Setting state for [StandardWrapperValve[StandardEngine[Tomcat].StandardHost[localhost].TomcatEmbeddedContext[].StandardWrapper[dispatcherServlet]]] to [STARTED]
2026-09-23 10:11:33.116 [restartedMain] DEBUG o.apache.catalina.util.LifecycleBase [] - Setting state for [StandardPipeline[StandardEngine[Tomcat].StandardHost[localhost].TomcatEmbeddedContext[].StandardWrapper[dispatcherServlet]]] to [STARTING]
2026-09-23 10:11:33.116 [restartedMain] DEBUG o.apache.catalina.util.LifecycleBase [] - Setting state for [StandardPipeline[StandardEngine[Tomcat].StandardHost[localhost].TomcatEmbeddedContext[].StandardWrapper[dispatcherServlet]]] to [STARTED]
2026-09-23 10:11:33.116 [restartedMain] DEBUG o.apache.catalina.util.LifecycleBase [] - Setting state for [StandardEngine[Tomcat].StandardHost[localhost].TomcatEmbeddedContext[].StandardWrapper[dispatcherServlet]] to [STARTING]
2026-09-23 10:11:33.117 [restartedMain] DEBUG o.apache.catalina.util.LifecycleBase [] - Setting state for [StandardEngine[Tomcat].StandardHost[localhost].TomcatEmbeddedContext[].StandardWrapper[dispatcherServlet]] to [STARTED]
2026-09-23 10:11:33.127 [restartedMain] DEBUG o.apache.catalina.util.LifecycleBase [] - Setting state for [StandardManager[StandardEngine[Tomcat].StandardHost[localhost].TomcatEmbeddedContext[]]] to [INITIALIZING]
2026-09-23 10:11:33.127 [restartedMain] DEBUG o.apache.catalina.util.LifecycleBase [] - Setting state for [StandardManager[StandardEngine[Tomcat].StandardHost[localhost].TomcatEmbeddedContext[]]] to [INITIALIZED]
2026-09-23 10:11:33.127 [restartedMain] DEBUG o.apache.catalina.util.LifecycleBase [] - Setting state for [StandardManager[StandardEngine[Tomcat].StandardHost[localhost].TomcatEmbeddedContext[]]] to [STARTING_PREP]
2026-09-23 10:11:33.128 [restartedMain] DEBUG o.apache.catalina.util.LifecycleBase [] - Setting state for [org.springframework.boot.tomcat.LazySessionIdGenerator@18ddb419] to [INITIALIZING]
2026-09-23 10:11:33.128 [restartedMain] DEBUG o.apache.catalina.util.LifecycleBase [] - Setting state for [org.springframework.boot.tomcat.LazySessionIdGenerator@18ddb419] to [INITIALIZED]
2026-09-23 10:11:33.129 [restartedMain] DEBUG o.apache.catalina.util.LifecycleBase [] - Setting state for [org.springframework.boot.tomcat.LazySessionIdGenerator@18ddb419] to [STARTING_PREP]
2026-09-23 10:11:33.129 [restartedMain] DEBUG o.apache.catalina.util.LifecycleBase [] - Setting state for [org.springframework.boot.tomcat.LazySessionIdGenerator@18ddb419] to [STARTING]
2026-09-23 10:11:33.129 [restartedMain] DEBUG o.apache.catalina.util.LifecycleBase [] - Setting state for [org.springframework.boot.tomcat.LazySessionIdGenerator@18ddb419] to [STARTED]
2026-09-23 10:11:33.129 [restartedMain] DEBUG o.a.catalina.session.StandardManager [] - Persisted data file [C:\Users\zff06\AppData\Local\Temp\1E156B3D13D52CB8BCE045945FDCCDCFF4D52EA3\servlet-sessions\SESSIONS.ser] was not found
java.io.FileNotFoundException: C:\Users\zff06\AppData\Local\Temp\1E156B3D13D52CB8BCE045945FDCCDCFF4D52EA3\servlet-sessions\SESSIONS.ser (系统找不到指定的文件。)
	at java.base/java.io.FileInputStream.open0(Native Method)
	at java.base/java.io.FileInputStream.open(FileInputStream.java:213)
	at java.base/java.io.FileInputStream.<init>(FileInputStream.java:152)
	at java.base/java.io.FileInputStream.<init>(FileInputStream.java:106)
	at org.apache.catalina.session.StandardManager.load(StandardManager.java:132)
	at org.apache.catalina.session.StandardManager.startInternal(StandardManager.java:265)
	at org.apache.catalina.util.LifecycleBase.start(LifecycleBase.java:170)
	at org.apache.catalina.core.StandardContext.startInternal(StandardContext.java:4600)
	at org.apache.catalina.util.LifecycleBase.start(LifecycleBase.java:170)
	at org.apache.catalina.core.ContainerBase$StartChild.call(ContainerBase.java:1204)
	at org.apache.catalina.core.ContainerBase$StartChild.call(ContainerBase.java:1200)
	at java.base/java.util.concurrent.FutureTask.run(FutureTask.java:317)
	at org.apache.tomcat.util.threads.InlineExecutorService.execute(InlineExecutorService.java:92)
	at java.base/java.util.concurrent.AbstractExecutorService.submit(AbstractExecutorService.java:145)
	at org.apache.catalina.core.ContainerBase.startInternal(ContainerBase.java:732)
	at org.apache.catalina.core.StandardHost.startInternal(StandardHost.java:794)
	at org.apache.catalina.util.LifecycleBase.start(LifecycleBase.java:170)
	at org.apache.catalina.core.ContainerBase$StartChild.call(ContainerBase.java:1204)
	at org.apache.catalina.core.ContainerBase$StartChild.call(ContainerBase.java:1200)
	at java.base/java.util.concurrent.FutureTask.run(FutureTask.java:317)
	at org.apache.tomcat.util.threads.InlineExecutorService.execute(InlineExecutorService.java:92)
	at java.base/java.util.concurrent.AbstractExecutorService.submit(AbstractExecutorService.java:145)
	at org.apache.catalina.core.ContainerBase.startInternal(ContainerBase.java:732)
	at org.apache.catalina.core.StandardEngine.startInternal(StandardEngine.java:201)
	at org.apache.catalina.util.LifecycleBase.start(LifecycleBase.java:170)
	at org.apache.catalina.core.StandardService.startInternal(StandardService.java:433)
	at org.apache.catalina.util.LifecycleBase.start(LifecycleBase.java:170)
	at org.apache.catalina.core.StandardServer.startInternal(StandardServer.java:871)
	at org.apache.catalina.util.LifecycleBase.start(LifecycleBase.java:170)
	at org.apache.catalina.startup.Tomcat.start(Tomcat.java:452)
	at org.springframework.boot.tomcat.TomcatWebServer.initialize(TomcatWebServer.java:131)
	at org.springframework.boot.tomcat.TomcatWebServer.<init>(TomcatWebServer.java:110)
	at org.springframework.boot.tomcat.servlet.TomcatServletWebServerFactory.getTomcatWebServer(TomcatServletWebServerFactory.java:429)
	at org.springframework.boot.tomcat.servlet.TomcatServletWebServerFactory.getWebServer(TomcatServletWebServerFactory.java:167)
	at org.springframework.boot.web.server.servlet.context.ServletWebServerApplicationContext.createWebServer(ServletWebServerApplicationContext.java:190)
	at org.springframework.boot.web.server.servlet.context.ServletWebServerApplicationContext.onRefresh(ServletWebServerApplicationContext.java:164)
	at org.springframework.context.support.AbstractApplicationContext.refresh(AbstractApplicationContext.java:615)
	at org.springframework.boot.web.server.servlet.context.ServletWebServerApplicationContext.refresh(ServletWebServerApplicationContext.java:143)
	at org.springframework.boot.SpringApplication.refresh(SpringApplication.java:756)
	at org.springframework.boot.SpringApplication.refreshContext(SpringApplication.java:445)
	at org.springframework.boot.SpringApplication.run(SpringApplication.java:321)
	at org.springframework.boot.SpringApplication.run(SpringApplication.java:1365)
	at org.springframework.boot.SpringApplication.run(SpringApplication.java:1354)
	at top.zff06.logging.LoggingApplication.main(LoggingApplication.java:14)
	at java.base/jdk.internal.reflect.DirectMethodHandleAccessor.invoke(DirectMethodHandleAccessor.java:103)
	at java.base/java.lang.reflect.Method.invoke(Method.java:580)
	at org.springframework.boot.devtools.restart.RestartLauncher.run(RestartLauncher.java:52)
2026-09-23 10:11:33.129 [restartedMain] DEBUG o.apache.catalina.util.LifecycleBase [] - Setting state for [StandardManager[StandardEngine[Tomcat].StandardHost[localhost].TomcatEmbeddedContext[]]] to [STARTING]
2026-09-23 10:11:33.129 [restartedMain] DEBUG o.apache.catalina.util.LifecycleBase [] - Setting state for [StandardManager[StandardEngine[Tomcat].StandardHost[localhost].TomcatEmbeddedContext[]]] to [STARTED]
2026-09-23 10:11:33.131 [restartedMain] DEBUG o.s.b.s.f.OrderedRequestContextFilter [] - Filter 'requestContextFilter' configured for use
2026-09-23 10:11:33.133 [restartedMain] DEBUG o.s.b.s.f.OrderedCharacterEncodingFilter [] - Filter 'characterEncodingFilter' configured for use
2026-09-23 10:11:33.133 [restartedMain] DEBUG o.s.b.s.f.OrderedFormContentFilter [] - Filter 'formContentFilter' configured for use
2026-09-23 10:11:33.133 [restartedMain] DEBUG o.apache.catalina.util.LifecycleBase [] - Setting state for [StandardEngine[Tomcat].StandardHost[localhost].TomcatEmbeddedContext[]] to [STARTING]
2026-09-23 10:11:33.133 [restartedMain] DEBUG o.apache.catalina.util.LifecycleBase [] - Setting state for [StandardEngine[Tomcat].StandardHost[localhost].TomcatEmbeddedContext[]] to [STARTED]
2026-09-23 10:11:33.133 [restartedMain] DEBUG o.apache.catalina.util.LifecycleBase [] - Setting state for [StandardPipeline[StandardEngine[Tomcat].StandardHost[localhost]]] to [INITIALIZING]
2026-09-23 10:11:33.133 [restartedMain] DEBUG o.apache.catalina.util.LifecycleBase [] - Setting state for [StandardPipeline[StandardEngine[Tomcat].StandardHost[localhost]]] to [INITIALIZED]
2026-09-23 10:11:33.133 [restartedMain] DEBUG o.apache.catalina.util.LifecycleBase [] - Setting state for [StandardPipeline[StandardEngine[Tomcat].StandardHost[localhost]]] to [STARTING_PREP]
2026-09-23 10:11:33.133 [restartedMain] DEBUG o.apache.catalina.util.LifecycleBase [] - Setting state for [ErrorReportValve[StandardEngine[Tomcat].StandardHost[localhost]]] to [INITIALIZING]
2026-09-23 10:11:33.133 [restartedMain] DEBUG o.apache.catalina.util.LifecycleBase [] - Setting state for [ErrorReportValve[StandardEngine[Tomcat].StandardHost[localhost]]] to [INITIALIZED]
2026-09-23 10:11:33.133 [restartedMain] DEBUG o.apache.catalina.util.LifecycleBase [] - Setting state for [ErrorReportValve[StandardEngine[Tomcat].StandardHost[localhost]]] to [STARTING_PREP]
2026-09-23 10:11:33.133 [restartedMain] DEBUG o.apache.catalina.util.LifecycleBase [] - Setting state for [ErrorReportValve[StandardEngine[Tomcat].StandardHost[localhost]]] to [STARTING]
2026-09-23 10:11:33.133 [restartedMain] DEBUG o.apache.catalina.util.LifecycleBase [] - Setting state for [ErrorReportValve[StandardEngine[Tomcat].StandardHost[localhost]]] to [STARTED]
2026-09-23 10:11:33.133 [restartedMain] DEBUG o.apache.catalina.util.LifecycleBase [] - Setting state for [StandardHostValve[StandardEngine[Tomcat].StandardHost[localhost]]] to [INITIALIZING]
2026-09-23 10:11:33.133 [restartedMain] DEBUG o.apache.catalina.util.LifecycleBase [] - Setting state for [StandardHostValve[StandardEngine[Tomcat].StandardHost[localhost]]] to [INITIALIZED]
2026-09-23 10:11:33.134 [restartedMain] DEBUG o.apache.catalina.util.LifecycleBase [] - Setting state for [StandardHostValve[StandardEngine[Tomcat].StandardHost[localhost]]] to [STARTING_PREP]
2026-09-23 10:11:33.134 [restartedMain] DEBUG o.apache.catalina.util.LifecycleBase [] - Setting state for [StandardHostValve[StandardEngine[Tomcat].StandardHost[localhost]]] to [STARTING]
2026-09-23 10:11:33.134 [restartedMain] DEBUG o.apache.catalina.util.LifecycleBase [] - Setting state for [StandardHostValve[StandardEngine[Tomcat].StandardHost[localhost]]] to [STARTED]
2026-09-23 10:11:33.134 [restartedMain] DEBUG o.apache.catalina.util.LifecycleBase [] - Setting state for [StandardPipeline[StandardEngine[Tomcat].StandardHost[localhost]]] to [STARTING]
2026-09-23 10:11:33.134 [restartedMain] DEBUG o.apache.catalina.util.LifecycleBase [] - Setting state for [StandardPipeline[StandardEngine[Tomcat].StandardHost[localhost]]] to [STARTED]
2026-09-23 10:11:33.134 [restartedMain] DEBUG o.apache.catalina.util.LifecycleBase [] - Setting state for [StandardEngine[Tomcat].StandardHost[localhost]] to [STARTING]
2026-09-23 10:11:33.134 [restartedMain] DEBUG o.apache.catalina.util.LifecycleBase [] - Setting state for [StandardEngine[Tomcat].StandardHost[localhost]] to [STARTED]
2026-09-23 10:11:33.134 [restartedMain] DEBUG o.apache.catalina.util.LifecycleBase [] - Setting state for [StandardPipeline[StandardEngine[Tomcat]]] to [INITIALIZING]
2026-09-23 10:11:33.134 [restartedMain] DEBUG o.apache.catalina.util.LifecycleBase [] - Setting state for [StandardPipeline[StandardEngine[Tomcat]]] to [INITIALIZED]
2026-09-23 10:11:33.134 [restartedMain] DEBUG o.apache.catalina.util.LifecycleBase [] - Setting state for [StandardPipeline[StandardEngine[Tomcat]]] to [STARTING_PREP]
2026-09-23 10:11:33.134 [restartedMain] DEBUG o.apache.catalina.util.LifecycleBase [] - Setting state for [StandardEngineValve[StandardEngine[Tomcat]]] to [INITIALIZING]
2026-09-23 10:11:33.134 [restartedMain] DEBUG o.apache.catalina.util.LifecycleBase [] - Setting state for [StandardEngineValve[StandardEngine[Tomcat]]] to [INITIALIZED]
2026-09-23 10:11:33.134 [restartedMain] DEBUG o.apache.catalina.util.LifecycleBase [] - Setting state for [StandardEngineValve[StandardEngine[Tomcat]]] to [STARTING_PREP]
2026-09-23 10:11:33.134 [restartedMain] DEBUG o.apache.catalina.util.LifecycleBase [] - Setting state for [StandardEngineValve[StandardEngine[Tomcat]]] to [STARTING]
2026-09-23 10:11:33.134 [restartedMain] DEBUG o.apache.catalina.util.LifecycleBase [] - Setting state for [StandardEngineValve[StandardEngine[Tomcat]]] to [STARTED]
2026-09-23 10:11:33.134 [restartedMain] DEBUG o.apache.catalina.util.LifecycleBase [] - Setting state for [StandardPipeline[StandardEngine[Tomcat]]] to [STARTING]
2026-09-23 10:11:33.134 [restartedMain] DEBUG o.apache.catalina.util.LifecycleBase [] - Setting state for [StandardPipeline[StandardEngine[Tomcat]]] to [STARTED]
2026-09-23 10:11:33.135 [restartedMain] DEBUG o.apache.catalina.util.LifecycleBase [] - Setting state for [StandardEngine[Tomcat]] to [STARTING]
2026-09-23 10:11:33.135 [restartedMain] DEBUG o.apache.catalina.util.LifecycleBase [] - Setting state for [StandardEngine[Tomcat]] to [STARTED]
2026-09-23 10:11:33.135 [restartedMain] DEBUG o.apache.catalina.util.LifecycleBase [] - Setting state for [org.apache.catalina.mapper.MapperListener@403b00c] to [STARTING_PREP]
2026-09-23 10:11:33.136 [restartedMain] DEBUG o.apache.catalina.util.LifecycleBase [] - Setting state for [org.apache.catalina.mapper.MapperListener@403b00c] to [STARTING]
2026-09-23 10:11:33.136 [restartedMain] DEBUG org.apache.catalina.mapper.Mapper [] - Registered host [localhost]
2026-09-23 10:11:33.138 [restartedMain] DEBUG o.a.catalina.mapper.MapperListener [] - Register Wrapper [dispatcherServlet] in Context [] for service [StandardService[Tomcat]]
2026-09-23 10:11:33.138 [restartedMain] DEBUG o.a.catalina.mapper.MapperListener [] - Register Context [] for service [StandardService[Tomcat]]
2026-09-23 10:11:33.138 [restartedMain] DEBUG o.a.catalina.mapper.MapperListener [] - Register host [localhost] at domain [Tomcat] for service [StandardService[Tomcat]]
2026-09-23 10:11:33.138 [restartedMain] DEBUG o.apache.catalina.util.LifecycleBase [] - Setting state for [org.apache.catalina.mapper.MapperListener@403b00c] to [STARTED]
2026-09-23 10:11:33.138 [restartedMain] DEBUG o.apache.catalina.util.LifecycleBase [] - Setting state for [StandardService[Tomcat]] to [STARTED]
2026-09-23 10:11:33.138 [restartedMain] DEBUG o.apache.catalina.util.LifecycleBase [] - Setting state for [StandardServer[-1]] to [STARTED]
2026-09-23 10:11:33.140 [restartedMain] DEBUG o.s.b.f.s.DefaultListableBeanFactory [] - Creating shared instance of singleton bean 'applicationTaskExecutor'
2026-09-23 10:11:33.140 [restartedMain] DEBUG o.s.b.f.s.DefaultListableBeanFactory [] - Creating shared instance of singleton bean 'org.springframework.boot.autoconfigure.task.TaskExecutorConfigurations$TaskExecutorConfiguration'
2026-09-23 10:11:33.141 [restartedMain] DEBUG o.s.b.f.s.DefaultListableBeanFactory [] - Creating shared instance of singleton bean 'threadPoolTaskExecutorBuilder'
2026-09-23 10:11:33.141 [restartedMain] DEBUG o.s.b.f.s.DefaultListableBeanFactory [] - Creating shared instance of singleton bean 'org.springframework.boot.autoconfigure.task.TaskExecutorConfigurations$ThreadPoolTaskExecutorBuilderConfiguration'
2026-09-23 10:11:33.141 [restartedMain] DEBUG o.s.b.f.s.DefaultListableBeanFactory [] - Creating shared instance of singleton bean 'spring.task.execution-org.springframework.boot.autoconfigure.task.TaskExecutionProperties'
2026-09-23 10:11:33.142 [restartedMain] DEBUG o.s.b.f.s.DefaultListableBeanFactory [] - Autowiring by type from bean name 'threadPoolTaskExecutorBuilder' via factory method to bean named 'spring.task.execution-org.springframework.boot.autoconfigure.task.TaskExecutionProperties'
2026-09-23 10:11:33.143 [restartedMain] DEBUG o.s.b.f.s.DefaultListableBeanFactory [] - Autowiring by type from bean name 'applicationTaskExecutor' via factory method to bean named 'threadPoolTaskExecutorBuilder'
2026-09-23 10:11:33.147 [restartedMain] DEBUG o.s.s.c.ThreadPoolTaskExecutor [] - Initializing ExecutorService 'applicationTaskExecutor'
2026-09-23 10:11:33.147 [restartedMain] DEBUG o.s.b.f.s.DefaultListableBeanFactory [] - Creating shared instance of singleton bean 'loggingApplication'
2026-09-23 10:11:33.147 [restartedMain] DEBUG o.s.b.f.s.DefaultListableBeanFactory [] - Creating shared instance of singleton bean 'loggingController'
2026-09-23 10:11:33.149 [restartedMain] DEBUG o.s.b.f.s.DefaultListableBeanFactory [] - Creating shared instance of singleton bean 'org.springframework.boot.autoconfigure.AutoConfigurationPackages'
2026-09-23 10:11:33.149 [restartedMain] DEBUG o.s.b.f.s.DefaultListableBeanFactory [] - Creating shared instance of singleton bean 'org.springframework.boot.autoconfigure.context.PropertyPlaceholderAutoConfiguration'
2026-09-23 10:11:33.149 [restartedMain] DEBUG o.s.b.f.s.DefaultListableBeanFactory [] - Creating shared instance of singleton bean 'org.springframework.boot.context.properties.EnableConfigurationPropertiesRegistrar.methodValidationExcludeFilter'
2026-09-23 10:11:33.151 [restartedMain] DEBUG o.s.b.f.s.DefaultListableBeanFactory [] - Creating shared instance of singleton bean 'org.springframework.boot.webmvc.autoconfigure.DispatcherServletAutoConfiguration'
2026-09-23 10:11:33.152 [restartedMain] DEBUG o.s.b.f.s.DefaultListableBeanFactory [] - Creating shared instance of singleton bean 'org.springframework.boot.autoconfigure.task.TaskExecutorConfigurations$SimpleAsyncTaskExecutorBuilderConfiguration'
2026-09-23 10:11:33.152 [restartedMain] DEBUG o.s.b.f.s.DefaultListableBeanFactory [] - Autowiring by type from bean name 'org.springframework.boot.autoconfigure.task.TaskExecutorConfigurations$SimpleAsyncTaskExecutorBuilderConfiguration' via constructor to bean named 'spring.task.execution-org.springframework.boot.autoconfigure.task.TaskExecutionProperties'
2026-09-23 10:11:33.153 [restartedMain] DEBUG o.s.b.f.s.DefaultListableBeanFactory [] - Creating shared instance of singleton bean 'simpleAsyncTaskExecutorBuilder'
2026-09-23 10:11:33.154 [restartedMain] DEBUG o.s.b.f.s.DefaultListableBeanFactory [] - Creating shared instance of singleton bean 'org.springframework.boot.autoconfigure.task.TaskExecutorConfigurations$AsyncConfigurerConfiguration'
2026-09-23 10:11:33.154 [restartedMain] DEBUG o.s.b.f.s.DefaultListableBeanFactory [] - Creating shared instance of singleton bean 'applicationTaskExecutorAsyncConfigurer'
2026-09-23 10:11:33.154 [restartedMain] DEBUG o.s.b.f.s.DefaultListableBeanFactory [] - Autowiring by type from bean name 'applicationTaskExecutorAsyncConfigurer' via factory method to bean named 'org.springframework.beans.factory.support.DefaultListableBeanFactory@4f3d4c75'
2026-09-23 10:11:33.154 [restartedMain] DEBUG o.s.b.f.s.DefaultListableBeanFactory [] - Creating shared instance of singleton bean 'org.springframework.boot.autoconfigure.task.TaskExecutorConfigurations$BootstrapExecutorConfiguration'
2026-09-23 10:11:33.155 [restartedMain] DEBUG o.s.b.f.s.DefaultListableBeanFactory [] - Creating shared instance of singleton bean 'org.springframework.boot.autoconfigure.task.TaskExecutionAutoConfiguration'
2026-09-23 10:11:33.155 [restartedMain] DEBUG o.s.b.f.s.DefaultListableBeanFactory [] - Creating shared instance of singleton bean 'org.springframework.boot.webmvc.autoconfigure.error.ErrorMvcAutoConfiguration$WhitelabelErrorViewConfiguration'
2026-09-23 10:11:33.156 [restartedMain] DEBUG o.s.b.f.s.DefaultListableBeanFactory [] - Creating shared instance of singleton bean 'error'
2026-09-23 10:11:33.156 [restartedMain] DEBUG o.s.b.f.s.DefaultListableBeanFactory [] - Creating shared instance of singleton bean 'beanNameViewResolver'
2026-09-23 10:11:33.157 [restartedMain] DEBUG o.s.b.f.s.DefaultListableBeanFactory [] - Creating shared instance of singleton bean 'org.springframework.boot.webmvc.autoconfigure.error.ErrorMvcAutoConfiguration$DefaultErrorViewResolverConfiguration'
2026-09-23 10:11:33.157 [restartedMain] DEBUG o.s.b.f.s.DefaultListableBeanFactory [] - Autowiring by type from bean name 'org.springframework.boot.webmvc.autoconfigure.error.ErrorMvcAutoConfiguration$DefaultErrorViewResolverConfiguration' via constructor to bean named 'org.springframework.boot.web.server.servlet.context.AnnotationConfigServletWebServerApplicationContext@356dfaae'
2026-09-23 10:11:33.157 [restartedMain] DEBUG o.s.b.f.s.DefaultListableBeanFactory [] - Autowiring by type from bean name 'org.springframework.boot.webmvc.autoconfigure.error.ErrorMvcAutoConfiguration$DefaultErrorViewResolverConfiguration' via constructor to bean named 'spring.web-org.springframework.boot.autoconfigure.web.WebProperties'
2026-09-23 10:11:33.157 [restartedMain] DEBUG o.s.b.f.s.DefaultListableBeanFactory [] - Creating shared instance of singleton bean 'conventionErrorViewResolver'
2026-09-23 10:11:33.157 [restartedMain] DEBUG o.s.b.f.s.DefaultListableBeanFactory [] - Creating shared instance of singleton bean 'errorAttributes'
2026-09-23 10:11:33.159 [restartedMain] DEBUG o.s.b.f.s.DefaultListableBeanFactory [] - Creating shared instance of singleton bean 'basicErrorController'
2026-09-23 10:11:33.159 [restartedMain] DEBUG o.s.b.f.s.DefaultListableBeanFactory [] - Autowiring by type from bean name 'basicErrorController' via factory method to bean named 'errorAttributes'
2026-09-23 10:11:33.160 [restartedMain] DEBUG o.s.b.f.s.DefaultListableBeanFactory [] - Creating shared instance of singleton bean 'org.springframework.boot.webmvc.autoconfigure.WebMvcAutoConfiguration$EnableWebMvcConfiguration'
2026-09-23 10:11:33.162 [restartedMain] DEBUG o.s.b.f.s.DefaultListableBeanFactory [] - Autowiring by type from bean name 'org.springframework.boot.webmvc.autoconfigure.WebMvcAutoConfiguration$EnableWebMvcConfiguration' via constructor to bean named 'spring.mvc-org.springframework.boot.webmvc.autoconfigure.WebMvcProperties'
2026-09-23 10:11:33.162 [restartedMain] DEBUG o.s.b.f.s.DefaultListableBeanFactory [] - Autowiring by type from bean name 'org.springframework.boot.webmvc.autoconfigure.WebMvcAutoConfiguration$EnableWebMvcConfiguration' via constructor to bean named 'spring.web-org.springframework.boot.autoconfigure.web.WebProperties'
2026-09-23 10:11:33.162 [restartedMain] DEBUG o.s.b.f.s.DefaultListableBeanFactory [] - Autowiring by type from bean name 'org.springframework.boot.webmvc.autoconfigure.WebMvcAutoConfiguration$EnableWebMvcConfiguration' via constructor to bean named 'org.springframework.beans.factory.support.DefaultListableBeanFactory@4f3d4c75'
2026-09-23 10:11:33.165 [restartedMain] DEBUG o.s.b.f.s.DefaultListableBeanFactory [] - Creating shared instance of singleton bean 'org.springframework.boot.webmvc.autoconfigure.WebMvcAutoConfiguration$WebMvcAutoConfigurationAdapter'
2026-09-23 10:11:33.166 [restartedMain] DEBUG o.s.b.f.s.DefaultListableBeanFactory [] - Autowiring by type from bean name 'org.springframework.boot.webmvc.autoconfigure.WebMvcAutoConfiguration$WebMvcAutoConfigurationAdapter' via constructor to bean named 'spring.web-org.springframework.boot.autoconfigure.web.WebProperties'
2026-09-23 10:11:33.166 [restartedMain] DEBUG o.s.b.f.s.DefaultListableBeanFactory [] - Autowiring by type from bean name 'org.springframework.boot.webmvc.autoconfigure.WebMvcAutoConfiguration$WebMvcAutoConfigurationAdapter' via constructor to bean named 'spring.mvc-org.springframework.boot.webmvc.autoconfigure.WebMvcProperties'
2026-09-23 10:11:33.166 [restartedMain] DEBUG o.s.b.f.s.DefaultListableBeanFactory [] - Autowiring by type from bean name 'org.springframework.boot.webmvc.autoconfigure.WebMvcAutoConfiguration$WebMvcAutoConfigurationAdapter' via constructor to bean named 'org.springframework.beans.factory.support.DefaultListableBeanFactory@4f3d4c75'
2026-09-23 10:11:33.167 [restartedMain] DEBUG o.s.b.f.s.DefaultListableBeanFactory [] - Creating shared instance of singleton bean 'welcomePageHandlerMapping'
2026-09-23 10:11:33.167 [restartedMain] DEBUG o.s.b.f.s.DefaultListableBeanFactory [] - Creating shared instance of singleton bean 'mvcConversionService'
2026-09-23 10:11:33.168 [restartedMain] DEBUG o.s.b.f.s.DefaultListableBeanFactory [] - Creating shared instance of singleton bean 'mvcResourceUrlProvider'
2026-09-23 10:11:33.169 [restartedMain] DEBUG o.s.b.f.s.DefaultListableBeanFactory [] - Autowiring by type from bean name 'welcomePageHandlerMapping' via factory method to bean named 'org.springframework.boot.web.server.servlet.context.AnnotationConfigServletWebServerApplicationContext@356dfaae'
2026-09-23 10:11:33.169 [restartedMain] DEBUG o.s.b.f.s.DefaultListableBeanFactory [] - Autowiring by type from bean name 'welcomePageHandlerMapping' via factory method to bean named 'mvcConversionService'
2026-09-23 10:11:33.169 [restartedMain] DEBUG o.s.b.f.s.DefaultListableBeanFactory [] - Autowiring by type from bean name 'welcomePageHandlerMapping' via factory method to bean named 'mvcResourceUrlProvider'
2026-09-23 10:11:33.170 [restartedMain] DEBUG o.apache.catalina.webresources.Cache [] - Increased cache size by [521] for item [org.apache.catalina.webresources.CachedResource@50f8039a] at [/index.html] making total cache size [1052]
2026-09-23 10:11:33.175 [restartedMain] DEBUG o.s.b.f.s.DefaultListableBeanFactory [] - Creating shared instance of singleton bean 'welcomePageNotAcceptableHandlerMapping'
2026-09-23 10:11:33.175 [restartedMain] DEBUG o.s.b.f.s.DefaultListableBeanFactory [] - Autowiring by type from bean name 'welcomePageNotAcceptableHandlerMapping' via factory method to bean named 'org.springframework.boot.web.server.servlet.context.AnnotationConfigServletWebServerApplicationContext@356dfaae'
2026-09-23 10:11:33.175 [restartedMain] DEBUG o.s.b.f.s.DefaultListableBeanFactory [] - Autowiring by type from bean name 'welcomePageNotAcceptableHandlerMapping' via factory method to bean named 'mvcConversionService'
2026-09-23 10:11:33.175 [restartedMain] DEBUG o.s.b.f.s.DefaultListableBeanFactory [] - Autowiring by type from bean name 'welcomePageNotAcceptableHandlerMapping' via factory method to bean named 'mvcResourceUrlProvider'
2026-09-23 10:11:33.177 [restartedMain] DEBUG o.s.b.f.s.DefaultListableBeanFactory [] - Creating shared instance of singleton bean 'localeResolver'
2026-09-23 10:11:33.177 [restartedMain] DEBUG o.s.b.f.s.DefaultListableBeanFactory [] - Creating shared instance of singleton bean 'flashMapManager'
2026-09-23 10:11:33.179 [restartedMain] DEBUG o.s.b.f.s.DefaultListableBeanFactory [] - Creating shared instance of singleton bean 'viewNameTranslator'
2026-09-23 10:11:33.179 [restartedMain] DEBUG o.s.b.f.s.DefaultListableBeanFactory [] - Creating shared instance of singleton bean 'mvcValidator'
2026-09-23 10:11:33.179 [restartedMain] DEBUG o.s.b.f.s.DefaultListableBeanFactory [] - Creating shared instance of singleton bean 'requestMappingHandlerMapping'
2026-09-23 10:11:33.180 [restartedMain] DEBUG o.s.b.f.s.DefaultListableBeanFactory [] - Creating shared instance of singleton bean 'mvcContentNegotiationManager'
2026-09-23 10:11:33.181 [restartedMain] DEBUG o.s.b.f.s.DefaultListableBeanFactory [] - Creating shared instance of singleton bean 'stringHttpMessageConvertersCustomizer'
2026-09-23 10:11:33.182 [restartedMain] DEBUG o.s.b.f.s.DefaultListableBeanFactory [] - Creating shared instance of singleton bean 'org.springframework.boot.http.converter.autoconfigure.HttpMessageConvertersAutoConfiguration$StringHttpMessageConverterConfiguration'
2026-09-23 10:11:33.182 [restartedMain] DEBUG o.s.b.f.s.DefaultListableBeanFactory [] - Creating shared instance of singleton bean 'spring.http.converters-org.springframework.boot.http.converter.autoconfigure.HttpMessageConvertersProperties'
2026-09-23 10:11:33.182 [restartedMain] DEBUG o.s.b.f.s.DefaultListableBeanFactory [] - Autowiring by type from bean name 'stringHttpMessageConvertersCustomizer' via factory method to bean named 'spring.http.converters-org.springframework.boot.http.converter.autoconfigure.HttpMessageConvertersProperties'
2026-09-23 10:11:33.182 [restartedMain] DEBUG o.s.b.f.s.DefaultListableBeanFactory [] - Creating shared instance of singleton bean 'jacksonJsonHttpMessageConvertersCustomizer'
2026-09-23 10:11:33.182 [restartedMain] DEBUG o.s.b.f.s.DefaultListableBeanFactory [] - Creating shared instance of singleton bean 'org.springframework.boot.http.converter.autoconfigure.JacksonHttpMessageConvertersConfiguration$JacksonJsonHttpMessageConverterConfiguration'
2026-09-23 10:11:33.182 [restartedMain] DEBUG o.s.b.f.s.DefaultListableBeanFactory [] - Creating shared instance of singleton bean 'jacksonJsonMapper'
2026-09-23 10:11:33.183 [restartedMain] DEBUG o.s.b.f.s.DefaultListableBeanFactory [] - Creating shared instance of singleton bean 'org.springframework.boot.jackson.autoconfigure.JacksonAutoConfiguration'
2026-09-23 10:11:33.183 [restartedMain] DEBUG o.s.b.f.s.DefaultListableBeanFactory [] - Creating shared instance of singleton bean 'jsonFactory'
2026-09-23 10:11:33.183 [restartedMain] DEBUG o.s.b.f.s.DefaultListableBeanFactory [] - Creating shared instance of singleton bean 'standardJsonFactoryBuilderCustomizer'
2026-09-23 10:11:33.183 [restartedMain] DEBUG o.s.b.f.s.DefaultListableBeanFactory [] - Creating shared instance of singleton bean 'org.springframework.boot.jackson.autoconfigure.JacksonAutoConfiguration$JacksonJsonCustomizerConfiguration'
2026-09-23 10:11:33.183 [restartedMain] DEBUG o.s.b.f.s.DefaultListableBeanFactory [] - Creating shared instance of singleton bean 'spring.jackson-org.springframework.boot.jackson.autoconfigure.JacksonProperties'
2026-09-23 10:11:33.186 [restartedMain] DEBUG o.s.b.f.s.DefaultListableBeanFactory [] - Autowiring by type from bean name 'org.springframework.boot.jackson.autoconfigure.JacksonAutoConfiguration$JacksonJsonCustomizerConfiguration' via constructor to bean named 'spring.jackson-org.springframework.boot.jackson.autoconfigure.JacksonProperties'
2026-09-23 10:11:33.190 [restartedMain] DEBUG o.s.b.f.s.DefaultListableBeanFactory [] - Autowiring by type from bean name 'jsonMapperBuilder' via factory method to bean named 'jsonFactory'
2026-09-23 10:11:33.190 [restartedMain] DEBUG o.s.b.f.s.DefaultListableBeanFactory [] - Creating shared instance of singleton bean 'problemDetailJsonMapperBuilderCustomizer'
2026-09-23 10:11:33.190 [restartedMain] DEBUG o.s.b.f.s.DefaultListableBeanFactory [] - Creating shared instance of singleton bean 'org.springframework.boot.jackson.autoconfigure.JacksonAutoConfiguration$JsonProblemDetailsConfiguration'
2026-09-23 10:11:33.190 [restartedMain] DEBUG o.s.b.f.s.DefaultListableBeanFactory [] - Creating shared instance of singleton bean 'standardJsonMapperBuilderCustomizer'
2026-09-23 10:11:33.191 [restartedMain] DEBUG o.s.b.f.s.DefaultListableBeanFactory [] - Autowiring by type from bean name 'standardJsonMapperBuilderCustomizer' via factory method to bean named 'org.springframework.beans.factory.support.DefaultListableBeanFactory@4f3d4c75'
2026-09-23 10:11:33.192 [restartedMain] DEBUG o.s.b.f.s.DefaultListableBeanFactory [] - Creating shared instance of singleton bean 'jacksonMixinModule'
2026-09-23 10:11:33.192 [restartedMain] DEBUG o.s.b.f.s.DefaultListableBeanFactory [] - Creating shared instance of singleton bean 'org.springframework.boot.jackson.autoconfigure.JacksonAutoConfiguration$JacksonMixinConfiguration'
2026-09-23 10:11:33.192 [restartedMain] DEBUG o.s.b.f.s.DefaultListableBeanFactory [] - Creating shared instance of singleton bean 'jacksonMixinModuleEntries'
2026-09-23 10:11:33.192 [restartedMain] DEBUG o.s.b.f.s.DefaultListableBeanFactory [] - Autowiring by type from bean name 'jacksonMixinModuleEntries' via factory method to bean named 'org.springframework.boot.web.server.servlet.context.AnnotationConfigServletWebServerApplicationContext@356dfaae'
2026-09-23 10:11:33.192 [restartedMain] DEBUG o.s.b.a.AutoConfigurationPackages [] - @EnableAutoConfiguration was declared on a class in the package 'top.zff06.logging'. Automatic @Repository and @Entity scanning is enabled.
2026-09-23 10:11:33.194 [restartedMain] DEBUG o.s.b.f.s.DefaultListableBeanFactory [] - Autowiring by type from bean name 'jacksonMixinModule' via factory method to bean named 'org.springframework.boot.web.server.servlet.context.AnnotationConfigServletWebServerApplicationContext@356dfaae'
2026-09-23 10:11:33.194 [restartedMain] DEBUG o.s.b.f.s.DefaultListableBeanFactory [] - Autowiring by type from bean name 'jacksonMixinModule' via factory method to bean named 'jacksonMixinModuleEntries'
2026-09-23 10:11:33.196 [restartedMain] DEBUG o.s.b.f.s.DefaultListableBeanFactory [] - Creating shared instance of singleton bean 'jsonComponentModule'
2026-09-23 10:11:33.202 [restartedMain] DEBUG o.s.b.f.s.DefaultListableBeanFactory [] - Autowiring by type from bean name 'jacksonJsonMapper' via factory method to bean named 'jsonMapperBuilder'
2026-09-23 10:11:33.205 [restartedMain] DEBUG o.s.b.f.s.DefaultListableBeanFactory [] - Autowiring by type from bean name 'jacksonJsonHttpMessageConvertersCustomizer' via factory method to bean named 'jacksonJsonMapper'
2026-09-23 10:11:33.207 [restartedMain] DEBUG o.s.b.f.s.DefaultListableBeanFactory [] - Creating shared instance of singleton bean 'serverConvertersCustomizer'
2026-09-23 10:11:33.207 [restartedMain] DEBUG o.s.b.f.s.DefaultListableBeanFactory [] - Creating shared instance of singleton bean 'org.springframework.boot.http.converter.autoconfigure.HttpMessageConvertersAutoConfiguration'
2026-09-23 10:11:33.211 [restartedMain] DEBUG o.s.b.f.s.DefaultListableBeanFactory [] - Creating shared instance of singleton bean 'mvcApiVersionStrategy'
2026-09-23 10:11:33.214 [restartedMain] DEBUG o.s.b.f.s.DefaultListableBeanFactory [] - Autowiring by type from bean name 'requestMappingHandlerMapping' via factory method to bean named 'mvcContentNegotiationManager'
2026-09-23 10:11:33.214 [restartedMain] DEBUG o.s.b.f.s.DefaultListableBeanFactory [] - Autowiring by type from bean name 'requestMappingHandlerMapping' via factory method to bean named 'mvcApiVersionStrategy'
2026-09-23 10:11:33.214 [restartedMain] DEBUG o.s.b.f.s.DefaultListableBeanFactory [] - Autowiring by type from bean name 'requestMappingHandlerMapping' via factory method to bean named 'mvcConversionService'
2026-09-23 10:11:33.214 [restartedMain] DEBUG o.s.b.f.s.DefaultListableBeanFactory [] - Autowiring by type from bean name 'requestMappingHandlerMapping' via factory method to bean named 'mvcResourceUrlProvider'
2026-09-23 10:11:33.232 [restartedMain] DEBUG _.s.w.s.HandlerMapping.Mappings [] - 
	t.z.l.c.LoggingController:
	{GET [/logging/hello]}: hello()
	{GET [/logging/demo]}: demo()
2026-09-23 10:11:33.236 [restartedMain] DEBUG _.s.w.s.HandlerMapping.Mappings [] - 
	o.s.b.w.a.e.BasicErrorController:
	{ [/error]}: error(HttpServletRequest)
	{ [/error], produces [text/html]}: errorHtml(HttpServletRequest,HttpServletResponse)
2026-09-23 10:11:33.237 [restartedMain] DEBUG o.s.w.s.m.m.a.RequestMappingHandlerMapping [] - 4 mappings in 'requestMappingHandlerMapping'
2026-09-23 10:11:33.237 [restartedMain] DEBUG o.s.b.f.s.DefaultListableBeanFactory [] - Creating shared instance of singleton bean 'mvcPatternParser'
2026-09-23 10:11:33.238 [restartedMain] DEBUG o.s.b.f.s.DefaultListableBeanFactory [] - Creating shared instance of singleton bean 'mvcUrlPathHelper'
2026-09-23 10:11:33.238 [restartedMain] DEBUG o.s.b.f.s.DefaultListableBeanFactory [] - Creating shared instance of singleton bean 'mvcPathMatcher'
2026-09-23 10:11:33.238 [restartedMain] DEBUG o.s.b.f.s.DefaultListableBeanFactory [] - Creating shared instance of singleton bean 'viewControllerHandlerMapping'
2026-09-23 10:11:33.239 [restartedMain] DEBUG o.s.b.f.s.DefaultListableBeanFactory [] - Autowiring by type from bean name 'viewControllerHandlerMapping' via factory method to bean named 'mvcConversionService'
2026-09-23 10:11:33.239 [restartedMain] DEBUG o.s.b.f.s.DefaultListableBeanFactory [] - Autowiring by type from bean name 'viewControllerHandlerMapping' via factory method to bean named 'mvcResourceUrlProvider'
2026-09-23 10:11:33.240 [restartedMain] DEBUG o.s.b.f.s.DefaultListableBeanFactory [] - Creating shared instance of singleton bean 'beanNameHandlerMapping'
2026-09-23 10:11:33.240 [restartedMain] DEBUG o.s.b.f.s.DefaultListableBeanFactory [] - Autowiring by type from bean name 'beanNameHandlerMapping' via factory method to bean named 'mvcConversionService'
2026-09-23 10:11:33.240 [restartedMain] DEBUG o.s.b.f.s.DefaultListableBeanFactory [] - Autowiring by type from bean name 'beanNameHandlerMapping' via factory method to bean named 'mvcResourceUrlProvider'
2026-09-23 10:11:33.240 [restartedMain] DEBUG _.s.w.s.HandlerMapping.Mappings [] - 'beanNameHandlerMapping' {}
2026-09-23 10:11:33.240 [restartedMain] DEBUG o.s.b.f.s.DefaultListableBeanFactory [] - Creating shared instance of singleton bean 'routerFunctionMapping'
2026-09-23 10:11:33.241 [restartedMain] DEBUG o.s.b.f.s.DefaultListableBeanFactory [] - Autowiring by type from bean name 'routerFunctionMapping' via factory method to bean named 'mvcConversionService'
2026-09-23 10:11:33.241 [restartedMain] DEBUG o.s.b.f.s.DefaultListableBeanFactory [] - Autowiring by type from bean name 'routerFunctionMapping' via factory method to bean named 'mvcResourceUrlProvider'
2026-09-23 10:11:33.241 [restartedMain] DEBUG o.s.b.f.s.DefaultListableBeanFactory [] - Autowiring by type from bean name 'routerFunctionMapping' via factory method to bean named 'mvcApiVersionStrategy'
2026-09-23 10:11:33.242 [restartedMain] DEBUG o.s.b.f.s.DefaultListableBeanFactory [] - Creating shared instance of singleton bean 'resourceHandlerMapping'
2026-09-23 10:11:33.244 [restartedMain] DEBUG o.s.b.f.s.DefaultListableBeanFactory [] - Autowiring by type from bean name 'resourceHandlerMapping' via factory method to bean named 'mvcContentNegotiationManager'
2026-09-23 10:11:33.244 [restartedMain] DEBUG o.s.b.f.s.DefaultListableBeanFactory [] - Autowiring by type from bean name 'resourceHandlerMapping' via factory method to bean named 'mvcConversionService'
2026-09-23 10:11:33.244 [restartedMain] DEBUG o.s.b.f.s.DefaultListableBeanFactory [] - Autowiring by type from bean name 'resourceHandlerMapping' via factory method to bean named 'mvcResourceUrlProvider'
2026-09-23 10:11:33.249 [restartedMain] DEBUG _.s.w.s.HandlerMapping.Mappings [] - 'resourceHandlerMapping' {/webjars/**=ResourceHttpRequestHandler [classpath [META-INF/resources/webjars/]], /**=ResourceHttpRequestHandler [classpath [META-INF/resources/], classpath [resources/], classpath [static/], classpath [public/], ServletContext [/]]}
2026-09-23 10:11:33.250 [restartedMain] DEBUG o.s.b.f.s.DefaultListableBeanFactory [] - Creating shared instance of singleton bean 'defaultServletHandlerMapping'
2026-09-23 10:11:33.250 [restartedMain] DEBUG o.s.b.f.s.DefaultListableBeanFactory [] - Creating shared instance of singleton bean 'requestMappingHandlerAdapter'
2026-09-23 10:11:33.250 [restartedMain] DEBUG o.s.b.f.s.DefaultListableBeanFactory [] - Autowiring by type from bean name 'requestMappingHandlerAdapter' via factory method to bean named 'mvcContentNegotiationManager'
2026-09-23 10:11:33.250 [restartedMain] DEBUG o.s.b.f.s.DefaultListableBeanFactory [] - Autowiring by type from bean name 'requestMappingHandlerAdapter' via factory method to bean named 'mvcConversionService'
2026-09-23 10:11:33.250 [restartedMain] DEBUG o.s.b.f.s.DefaultListableBeanFactory [] - Autowiring by type from bean name 'requestMappingHandlerAdapter' via factory method to bean named 'mvcValidator'
2026-09-23 10:11:33.259 [restartedMain] DEBUG o.s.w.s.m.m.a.RequestMappingHandlerAdapter [] - ControllerAdvice beans: 0 @ModelAttribute, 0 @InitBinder, 2 RequestBodyAdvice, 1 ResponseBodyAdvice
2026-09-23 10:11:33.270 [restartedMain] DEBUG o.s.b.f.s.DefaultListableBeanFactory [] - Creating shared instance of singleton bean 'mvcViewResolver'
2026-09-23 10:11:33.270 [restartedMain] DEBUG o.s.b.f.s.DefaultListableBeanFactory [] - Autowiring by type from bean name 'mvcViewResolver' via factory method to bean named 'mvcContentNegotiationManager'
2026-09-23 10:11:33.271 [restartedMain] DEBUG o.s.b.f.s.DefaultListableBeanFactory [] - Creating shared instance of singleton bean 'defaultViewResolver'
2026-09-23 10:11:33.274 [restartedMain] DEBUG o.s.b.f.s.DefaultListableBeanFactory [] - Creating shared instance of singleton bean 'viewResolver'
2026-09-23 10:11:33.274 [restartedMain] DEBUG o.s.b.f.s.DefaultListableBeanFactory [] - Autowiring by type from bean name 'viewResolver' via factory method to bean named 'org.springframework.beans.factory.support.DefaultListableBeanFactory@4f3d4c75'
2026-09-23 10:11:33.275 [restartedMain] DEBUG o.s.b.f.s.DefaultListableBeanFactory [] - Creating shared instance of singleton bean 'viewResolver'
2026-09-23 10:11:33.277 [restartedMain] DEBUG o.s.b.f.s.DefaultListableBeanFactory [] - Creating shared instance of singleton bean 'handlerFunctionAdapter'
2026-09-23 10:11:33.278 [restartedMain] DEBUG o.s.b.f.s.DefaultListableBeanFactory [] - Creating shared instance of singleton bean 'mvcUriComponentsContributor'
2026-09-23 10:11:33.278 [restartedMain] DEBUG o.s.b.f.s.DefaultListableBeanFactory [] - Autowiring by type from bean name 'mvcUriComponentsContributor' via factory method to bean named 'mvcConversionService'
2026-09-23 10:11:33.278 [restartedMain] DEBUG o.s.b.f.s.DefaultListableBeanFactory [] - Autowiring by type from bean name 'mvcUriComponentsContributor' via factory method to bean named 'requestMappingHandlerAdapter'
2026-09-23 10:11:33.279 [restartedMain] DEBUG o.s.b.f.s.DefaultListableBeanFactory [] - Creating shared instance of singleton bean 'httpRequestHandlerAdapter'
2026-09-23 10:11:33.279 [restartedMain] DEBUG o.s.b.f.s.DefaultListableBeanFactory [] - Creating shared instance of singleton bean 'simpleControllerHandlerAdapter'
2026-09-23 10:11:33.279 [restartedMain] DEBUG o.s.b.f.s.DefaultListableBeanFactory [] - Creating shared instance of singleton bean 'handlerExceptionResolver'
2026-09-23 10:11:33.279 [restartedMain] DEBUG o.s.b.f.s.DefaultListableBeanFactory [] - Autowiring by type from bean name 'handlerExceptionResolver' via factory method to bean named 'mvcContentNegotiationManager'
2026-09-23 10:11:33.282 [restartedMain] DEBUG o.s.w.s.m.m.a.ExceptionHandlerExceptionResolver [] - ControllerAdvice beans: 0 @ExceptionHandler, 1 ResponseBodyAdvice
2026-09-23 10:11:33.282 [restartedMain] DEBUG o.s.b.f.s.DefaultListableBeanFactory [] - Creating shared instance of singleton bean 'org.springframework.boot.autoconfigure.jmx.JmxAutoConfiguration'
2026-09-23 10:11:33.283 [restartedMain] DEBUG o.s.b.f.s.DefaultListableBeanFactory [] - Creating shared instance of singleton bean 'spring.jmx-org.springframework.boot.autoconfigure.jmx.JmxProperties'
2026-09-23 10:11:33.285 [restartedMain] DEBUG o.s.b.f.s.DefaultListableBeanFactory [] - Autowiring by type from bean name 'org.springframework.boot.autoconfigure.jmx.JmxAutoConfiguration' via constructor to bean named 'spring.jmx-org.springframework.boot.autoconfigure.jmx.JmxProperties'
2026-09-23 10:11:33.285 [restartedMain] DEBUG o.s.b.f.s.DefaultListableBeanFactory [] - Creating shared instance of singleton bean 'mbeanExporter'
2026-09-23 10:11:33.285 [restartedMain] DEBUG o.s.b.f.s.DefaultListableBeanFactory [] - Creating shared instance of singleton bean 'objectNamingStrategy'
2026-09-23 10:11:33.286 [restartedMain] DEBUG o.s.b.f.s.DefaultListableBeanFactory [] - Autowiring by type from bean name 'mbeanExporter' via factory method to bean named 'objectNamingStrategy'
2026-09-23 10:11:33.286 [restartedMain] DEBUG o.s.b.f.s.DefaultListableBeanFactory [] - Autowiring by type from bean name 'mbeanExporter' via factory method to bean named 'org.springframework.beans.factory.support.DefaultListableBeanFactory@4f3d4c75'
2026-09-23 10:11:33.289 [restartedMain] DEBUG o.s.b.f.s.DefaultListableBeanFactory [] - Creating shared instance of singleton bean 'mbeanServer'
2026-09-23 10:11:33.289 [restartedMain] DEBUG o.s.jmx.support.JmxUtils [] - Found MBeanServer: com.sun.jmx.mbeanserver.JmxMBeanServer@43903d8e
2026-09-23 10:11:33.290 [restartedMain] DEBUG o.s.b.f.s.DefaultListableBeanFactory [] - Creating shared instance of singleton bean 'org.springframework.boot.autoconfigure.admin.SpringApplicationAdminJmxAutoConfiguration'
2026-09-23 10:11:33.290 [restartedMain] DEBUG o.s.b.f.s.DefaultListableBeanFactory [] - Creating shared instance of singleton bean 'springApplicationAdminRegistrar'
2026-09-23 10:11:33.290 [restartedMain] DEBUG o.s.b.f.s.DefaultListableBeanFactory [] - Autowiring by type from bean name 'springApplicationAdminRegistrar' via factory method to bean named 'environment'
2026-09-23 10:11:33.292 [restartedMain] DEBUG o.s.b.a.SpringApplicationAdminMXBeanRegistrar$SpringApplicationAdmin [] - Application Admin MBean registered with name 'org.springframework.boot:type=Admin,name=SpringApplication'
2026-09-23 10:11:33.292 [restartedMain] DEBUG o.s.b.f.s.DefaultListableBeanFactory [] - Creating shared instance of singleton bean 'org.springframework.boot.autoconfigure.aop.AopAutoConfiguration$ClassProxyingConfiguration'
2026-09-23 10:11:33.292 [restartedMain] DEBUG o.s.b.f.s.DefaultListableBeanFactory [] - Creating shared instance of singleton bean 'org.springframework.boot.autoconfigure.aop.AopAutoConfiguration'
2026-09-23 10:11:33.292 [restartedMain] DEBUG o.s.b.f.s.DefaultListableBeanFactory [] - Creating shared instance of singleton bean 'org.springframework.boot.autoconfigure.availability.ApplicationAvailabilityAutoConfiguration'
2026-09-23 10:11:33.292 [restartedMain] DEBUG o.s.b.f.s.DefaultListableBeanFactory [] - Creating shared instance of singleton bean 'applicationAvailability'
2026-09-23 10:11:33.293 [restartedMain] DEBUG o.s.b.f.s.DefaultListableBeanFactory [] - Creating shared instance of singleton bean 'org.springframework.boot.autoconfigure.context.ConfigurationPropertiesAutoConfiguration'
2026-09-23 10:11:33.293 [restartedMain] DEBUG o.s.b.f.s.DefaultListableBeanFactory [] - Creating shared instance of singleton bean 'org.springframework.boot.autoconfigure.context.LifecycleAutoConfiguration'
2026-09-23 10:11:33.293 [restartedMain] DEBUG o.s.b.f.s.DefaultListableBeanFactory [] - Creating shared instance of singleton bean 'lifecycleProcessor'
2026-09-23 10:11:33.294 [restartedMain] DEBUG o.s.b.f.s.DefaultListableBeanFactory [] - Creating shared instance of singleton bean 'spring.lifecycle-org.springframework.boot.autoconfigure.context.LifecycleProperties'
2026-09-23 10:11:33.294 [restartedMain] DEBUG o.s.b.f.s.DefaultListableBeanFactory [] - Autowiring by type from bean name 'lifecycleProcessor' via factory method to bean named 'spring.lifecycle-org.springframework.boot.autoconfigure.context.LifecycleProperties'
2026-09-23 10:11:33.295 [restartedMain] DEBUG o.s.b.f.s.DefaultListableBeanFactory [] - Creating shared instance of singleton bean 'org.springframework.boot.autoconfigure.info.ProjectInfoAutoConfiguration'
2026-09-23 10:11:33.296 [restartedMain] DEBUG o.s.b.f.s.DefaultListableBeanFactory [] - Creating shared instance of singleton bean 'spring.info-org.springframework.boot.autoconfigure.info.ProjectInfoProperties'
2026-09-23 10:11:33.296 [restartedMain] DEBUG o.s.b.f.s.DefaultListableBeanFactory [] - Autowiring by type from bean name 'org.springframework.boot.autoconfigure.info.ProjectInfoAutoConfiguration' via constructor to bean named 'spring.info-org.springframework.boot.autoconfigure.info.ProjectInfoProperties'
2026-09-23 10:11:33.296 [restartedMain] DEBUG o.s.b.f.s.DefaultListableBeanFactory [] - Creating shared instance of singleton bean 'org.springframework.boot.autoconfigure.task.TaskSchedulingConfigurations$ThreadPoolTaskSchedulerBuilderConfiguration'
2026-09-23 10:11:33.296 [restartedMain] DEBUG o.s.b.f.s.DefaultListableBeanFactory [] - Creating shared instance of singleton bean 'threadPoolTaskSchedulerBuilder'
2026-09-23 10:11:33.297 [restartedMain] DEBUG o.s.b.f.s.DefaultListableBeanFactory [] - Creating shared instance of singleton bean 'spring.task.scheduling-org.springframework.boot.autoconfigure.task.TaskSchedulingProperties'
2026-09-23 10:11:33.297 [restartedMain] DEBUG o.s.b.f.s.DefaultListableBeanFactory [] - Autowiring by type from bean name 'threadPoolTaskSchedulerBuilder' via factory method to bean named 'spring.task.scheduling-org.springframework.boot.autoconfigure.task.TaskSchedulingProperties'
2026-09-23 10:11:33.298 [restartedMain] DEBUG o.s.b.f.s.DefaultListableBeanFactory [] - Creating shared instance of singleton bean 'org.springframework.boot.autoconfigure.task.TaskSchedulingConfigurations$SimpleAsyncTaskSchedulerBuilderConfiguration'
2026-09-23 10:11:33.298 [restartedMain] DEBUG o.s.b.f.s.DefaultListableBeanFactory [] - Autowiring by type from bean name 'org.springframework.boot.autoconfigure.task.TaskSchedulingConfigurations$SimpleAsyncTaskSchedulerBuilderConfiguration' via constructor to bean named 'spring.task.scheduling-org.springframework.boot.autoconfigure.task.TaskSchedulingProperties'
2026-09-23 10:11:33.298 [restartedMain] DEBUG o.s.b.f.s.DefaultListableBeanFactory [] - Creating shared instance of singleton bean 'simpleAsyncTaskSchedulerBuilder'
2026-09-23 10:11:33.299 [restartedMain] DEBUG o.s.b.f.s.DefaultListableBeanFactory [] - Creating shared instance of singleton bean 'org.springframework.boot.autoconfigure.task.TaskSchedulingAutoConfiguration'
2026-09-23 10:11:33.301 [restartedMain] DEBUG o.s.b.f.s.DefaultListableBeanFactory [] - Creating shared instance of singleton bean 'org.springframework.boot.devtools.autoconfigure.LocalDevToolsAutoConfiguration$RestartConfiguration'
2026-09-23 10:11:33.301 [restartedMain] DEBUG o.s.b.f.s.DefaultListableBeanFactory [] - Creating shared instance of singleton bean 'spring.devtools-org.springframework.boot.devtools.autoconfigure.DevToolsProperties'
2026-09-23 10:11:33.301 [restartedMain] DEBUG o.s.b.f.s.DefaultListableBeanFactory [] - Autowiring by type from bean name 'org.springframework.boot.devtools.autoconfigure.LocalDevToolsAutoConfiguration$RestartConfiguration' via constructor to bean named 'spring.devtools-org.springframework.boot.devtools.autoconfigure.DevToolsProperties'
2026-09-23 10:11:33.301 [restartedMain] DEBUG o.s.b.f.s.DefaultListableBeanFactory [] - Creating shared instance of singleton bean 'restartingClassPathChangedEventListener'
2026-09-23 10:11:33.302 [restartedMain] DEBUG o.s.b.f.s.DefaultListableBeanFactory [] - Creating shared instance of singleton bean 'fileSystemWatcherFactory'
2026-09-23 10:11:33.302 [restartedMain] DEBUG o.s.b.f.s.DefaultListableBeanFactory [] - Autowiring by type from bean name 'restartingClassPathChangedEventListener' via factory method to bean named 'fileSystemWatcherFactory'
2026-09-23 10:11:33.302 [restartedMain] DEBUG o.s.b.f.s.DefaultListableBeanFactory [] - Creating shared instance of singleton bean 'classPathFileSystemWatcher'
2026-09-23 10:11:33.302 [restartedMain] DEBUG o.s.b.f.s.DefaultListableBeanFactory [] - Creating shared instance of singleton bean 'classPathRestartStrategy'
2026-09-23 10:11:33.303 [restartedMain] DEBUG o.s.b.f.s.DefaultListableBeanFactory [] - Autowiring by type from bean name 'classPathFileSystemWatcher' via factory method to bean named 'fileSystemWatcherFactory'
2026-09-23 10:11:33.303 [restartedMain] DEBUG o.s.b.f.s.DefaultListableBeanFactory [] - Autowiring by type from bean name 'classPathFileSystemWatcher' via factory method to bean named 'classPathRestartStrategy'
2026-09-23 10:11:33.306 [restartedMain] DEBUG o.s.b.f.s.DefaultListableBeanFactory [] - Creating shared instance of singleton bean 'conditionEvaluationDeltaLoggingListener'
2026-09-23 10:11:33.306 [restartedMain] DEBUG o.s.b.f.s.DefaultListableBeanFactory [] - Creating shared instance of singleton bean 'org.springframework.boot.devtools.autoconfigure.LocalDevToolsAutoConfiguration'
2026-09-23 10:11:33.306 [restartedMain] DEBUG o.s.b.f.s.DefaultListableBeanFactory [] - Creating shared instance of singleton bean 'org.springframework.boot.http.converter.autoconfigure.JacksonHttpMessageConvertersConfiguration'
2026-09-23 10:11:33.306 [restartedMain] DEBUG o.s.b.f.s.DefaultListableBeanFactory [] - Creating shared instance of singleton bean 'org.springframework.boot.http.converter.autoconfigure.Jackson2HttpMessageConvertersConfiguration'
2026-09-23 10:11:33.307 [restartedMain] DEBUG o.s.b.f.s.DefaultListableBeanFactory [] - Creating shared instance of singleton bean 'clientConvertersCustomizer'
2026-09-23 10:11:33.307 [restartedMain] DEBUG o.s.b.f.s.DefaultListableBeanFactory [] - Creating shared instance of singleton bean 'multipartResolver'
2026-09-23 10:11:33.313 [restartedMain] DEBUG o.s.j.e.a.AnnotationMBeanExporter [] - Registering beans for JMX exposure on startup
2026-09-23 10:11:33.313 [restartedMain] DEBUG o.s.j.e.a.AnnotationMBeanExporter [] - Auto-detecting user-defined JMX MBeans
2026-09-23 10:11:33.317 [restartedMain] DEBUG o.s.c.s.DefaultLifecycleProcessor [] - Starting beans in phase -2147483647
2026-09-23 10:11:33.318 [restartedMain] DEBUG o.s.c.s.DefaultLifecycleProcessor [] - Successfully started bean 'springBootLoggingLifecycle'
2026-09-23 10:11:33.318 [restartedMain] DEBUG o.s.c.s.DefaultLifecycleProcessor [] - Starting beans in phase 1073741823
2026-09-23 10:11:33.318 [restartedMain] DEBUG o.s.c.s.DefaultLifecycleProcessor [] - Starting beans in phase 2147481599
2026-09-23 10:11:33.318 [restartedMain] DEBUG o.apache.catalina.util.LifecycleBase [] - Setting state for [Connector["http-nio-8003"]] to [STARTING_PREP]
2026-09-23 10:11:33.318 [restartedMain] DEBUG o.apache.catalina.util.LifecycleBase [] - Setting state for [Connector["http-nio-8003"]] to [STARTING]
2026-09-23 10:11:33.318 [restartedMain] INFO  o.a.coyote.http11.Http11NioProtocol [] - Starting ProtocolHandler ["http-nio-8003"]
2026-09-23 10:11:33.330 [restartedMain] DEBUG o.apache.catalina.util.LifecycleBase [] - Setting state for [Connector["http-nio-8003"]] to [STARTED]
2026-09-23 10:11:33.330 [restartedMain] INFO  o.s.boot.tomcat.TomcatWebServer [] - Tomcat started on port 8003 (http) with context path '/'
2026-09-23 10:11:33.332 [restartedMain] DEBUG o.s.c.s.DefaultLifecycleProcessor [] - Successfully started bean 'webServerStartStop'
2026-09-23 10:11:33.332 [restartedMain] DEBUG o.s.c.s.DefaultLifecycleProcessor [] - Starting beans in phase 2147482623
2026-09-23 10:11:33.332 [restartedMain] DEBUG o.s.c.s.DefaultLifecycleProcessor [] - Successfully started bean 'webServerGracefulShutdown'
2026-09-23 10:11:33.335 [restartedMain] DEBUG o.s.b.a.l.ConditionEvaluationReportLogger [] - 


============================
CONDITIONS EVALUATION REPORT
============================


Positive matches:
-----------------

   AopAutoConfiguration matched:
      - @ConditionalOnBooleanProperty (spring.aop.auto=true) matched (OnPropertyCondition)

   AopAutoConfiguration.ClassProxyingConfiguration matched:
      - @ConditionalOnMissingClass did not find unwanted class 'org.aspectj.weaver.Advice' (OnClassCondition)
      - @ConditionalOnBooleanProperty (spring.aop.proxy-target-class=true) matched (OnPropertyCondition)

   ApplicationAvailabilityAutoConfiguration#applicationAvailability matched:
      - @ConditionalOnMissingBean (types: org.springframework.boot.availability.ApplicationAvailability; SearchStrategy: all) did not find any beans (OnBeanCondition)

   DispatcherServletAutoConfiguration matched:
      - @ConditionalOnClass found required class 'org.springframework.web.servlet.DispatcherServlet' (OnClassCondition)
      - found 'session' scope (OnWebApplicationCondition)

   DispatcherServletAutoConfiguration.DispatcherServletConfiguration matched:
      - @ConditionalOnClass found required class 'jakarta.servlet.ServletRegistration' (OnClassCondition)
      - Default DispatcherServlet did not find dispatcher servlet beans (DispatcherServletAutoConfiguration.DefaultDispatcherServletCondition)

   DispatcherServletAutoConfiguration.DispatcherServletRegistrationConfiguration matched:
      - @ConditionalOnClass found required class 'jakarta.servlet.ServletRegistration' (OnClassCondition)
      - DispatcherServlet Registration did not find servlet registration bean (DispatcherServletAutoConfiguration.DispatcherServletRegistrationCondition)

   DispatcherServletAutoConfiguration.DispatcherServletRegistrationConfiguration#dispatcherServletRegistration matched:
      - @ConditionalOnBean (names: dispatcherServlet types: org.springframework.web.servlet.DispatcherServlet; SearchStrategy: all) found bean 'dispatcherServlet' (OnBeanCondition)

   ErrorMvcAutoConfiguration matched:
      - @ConditionalOnClass found required classes 'jakarta.servlet.Servlet', 'org.springframework.web.servlet.DispatcherServlet' (OnClassCondition)
      - found 'session' scope (OnWebApplicationCondition)

   ErrorMvcAutoConfiguration#basicErrorController matched:
      - @ConditionalOnMissingBean (types: org.springframework.boot.webmvc.error.ErrorController; SearchStrategy: current) did not find any beans (OnBeanCondition)

   ErrorMvcAutoConfiguration#errorAttributes matched:
      - @ConditionalOnMissingBean (types: org.springframework.boot.webmvc.error.ErrorAttributes; SearchStrategy: current) did not find any beans (OnBeanCondition)

   ErrorMvcAutoConfiguration.DefaultErrorViewResolverConfiguration#conventionErrorViewResolver matched:
      - @ConditionalOnBean (types: org.springframework.web.servlet.DispatcherServlet; SearchStrategy: all) found bean 'dispatcherServlet'; @ConditionalOnMissingBean (types: org.springframework.boot.webmvc.autoconfigure.error.ErrorViewResolver; SearchStrategy: all) did not find any beans (OnBeanCondition)

   ErrorMvcAutoConfiguration.WhitelabelErrorViewConfiguration matched:
      - @ConditionalOnBooleanProperty (spring.web.error.whitelabel.enabled=true) matched (OnPropertyCondition)
      - ErrorTemplate Missing did not find error template view (ErrorMvcAutoConfiguration.ErrorTemplateMissingCondition)

   ErrorMvcAutoConfiguration.WhitelabelErrorViewConfiguration#beanNameViewResolver matched:
      - @ConditionalOnMissingBean (types: org.springframework.web.servlet.view.BeanNameViewResolver; SearchStrategy: all) did not find any beans (OnBeanCondition)

   ErrorMvcAutoConfiguration.WhitelabelErrorViewConfiguration#defaultErrorView matched:
      - @ConditionalOnMissingBean (names: error; SearchStrategy: all) did not find any beans (OnBeanCondition)

   HttpEncodingAutoConfiguration matched:
      - @ConditionalOnClass found required class 'org.springframework.web.filter.CharacterEncodingFilter' (OnClassCondition)
      - found 'session' scope (OnWebApplicationCondition)
      - @ConditionalOnBooleanProperty (spring.servlet.encoding.enabled=true) matched (OnPropertyCondition)

   HttpEncodingAutoConfiguration#characterEncodingFilter matched:
      - @ConditionalOnMissingBean (types: org.springframework.web.filter.CharacterEncodingFilter; SearchStrategy: all) did not find any beans (OnBeanCondition)

   HttpMessageConvertersAutoConfiguration matched:
      - @ConditionalOnClass found required class 'org.springframework.http.converter.HttpMessageConverter' (OnClassCondition)
      - NoneNestedConditions 0 matched 1 did not; NestedCondition on HttpMessageConvertersAutoConfiguration.NotReactiveWebApplicationCondition.ReactiveWebApplication did not find reactive web application classes (HttpMessageConvertersAutoConfiguration.NotReactiveWebApplicationCondition)

   HttpMessageConvertersAutoConfiguration.StringHttpMessageConverterConfiguration#stringHttpMessageConvertersCustomizer matched:
      - @ConditionalOnMissingBean (types: org.springframework.http.converter.StringHttpMessageConverter; SearchStrategy: all) did not find any beans (OnBeanCondition)

   JacksonAutoConfiguration matched:
      - @ConditionalOnClass found required class 'tools.jackson.databind.json.JsonMapper' (OnClassCondition)

   JacksonAutoConfiguration#jacksonJsonMapper matched:
      - @ConditionalOnMissingBean (types: tools.jackson.databind.json.JsonMapper; SearchStrategy: all) did not find any beans (OnBeanCondition)

   JacksonAutoConfiguration#jsonFactory matched:
      - @ConditionalOnMissingBean (types: tools.jackson.core.json.JsonFactory; SearchStrategy: all) did not find any beans (OnBeanCondition)

   JacksonAutoConfiguration#jsonMapperBuilder matched:
      - @ConditionalOnMissingBean (types: tools.jackson.databind.json.JsonMapper$Builder; SearchStrategy: all) did not find any beans (OnBeanCondition)

   JacksonAutoConfiguration.JsonProblemDetailsConfiguration matched:
      - @ConditionalOnClass found required class 'org.springframework.http.ProblemDetail' (OnClassCondition)

   JacksonHttpMessageConvertersConfiguration.JacksonJsonHttpMessageConverterConfiguration matched:
      - @ConditionalOnClass found required class 'tools.jackson.databind.json.JsonMapper' (OnClassCondition)
      - @ConditionalOnProperty (spring.http.converters.preferred-json-mapper=jackson) matched (OnPropertyCondition)
      - @ConditionalOnBean (types: tools.jackson.databind.json.JsonMapper; SearchStrategy: all) found bean 'jacksonJsonMapper' (OnBeanCondition)

   JacksonHttpMessageConvertersConfiguration.JacksonJsonHttpMessageConverterConfiguration#jacksonJsonHttpMessageConvertersCustomizer matched:
      - @ConditionalOnMissingBean (types: org.springframework.http.converter.json.JacksonJsonHttpMessageConverter ignored: org.springframework.hateoas.server.mvc.TypeConstrainedJacksonJsonHttpMessageConverter,org.springframework.data.rest.webmvc.alps.AlpsJacksonJsonHttpMessageConverter; SearchStrategy: all) did not find any beans (OnBeanCondition)

   JmxAutoConfiguration matched:
      - @ConditionalOnClass found required class 'org.springframework.jmx.export.MBeanExporter' (OnClassCondition)
      - @ConditionalOnBooleanProperty (spring.jmx.enabled=true) matched (OnPropertyCondition)

   JmxAutoConfiguration#mbeanExporter matched:
      - @ConditionalOnMissingBean (types: org.springframework.jmx.export.MBeanExporter; SearchStrategy: current) did not find any beans (OnBeanCondition)

   JmxAutoConfiguration#mbeanServer matched:
      - @ConditionalOnMissingBean (types: javax.management.MBeanServer; SearchStrategy: all) did not find any beans (OnBeanCondition)

   JmxAutoConfiguration#objectNamingStrategy matched:
      - @ConditionalOnMissingBean (types: org.springframework.jmx.export.naming.ObjectNamingStrategy; SearchStrategy: current) did not find any beans (OnBeanCondition)

   LifecycleAutoConfiguration#defaultLifecycleProcessor matched:
      - @ConditionalOnMissingBean (names: lifecycleProcessor; SearchStrategy: current) did not find any beans (OnBeanCondition)

   LocalDevToolsAutoConfiguration matched:
      - Initialized Restarter Condition available and initialized (OnInitializedRestarterCondition)

   LocalDevToolsAutoConfiguration.RestartConfiguration matched:
      - @ConditionalOnBooleanProperty (spring.devtools.restart.enabled=true) matched (OnPropertyCondition)

   LocalDevToolsAutoConfiguration.RestartConfiguration#classPathFileSystemWatcher matched:
      - @ConditionalOnMissingBean (types: org.springframework.boot.devtools.classpath.ClassPathFileSystemWatcher; SearchStrategy: all) did not find any beans (OnBeanCondition)

   LocalDevToolsAutoConfiguration.RestartConfiguration#classPathRestartStrategy matched:
      - @ConditionalOnMissingBean (types: org.springframework.boot.devtools.classpath.ClassPathRestartStrategy; SearchStrategy: all) did not find any beans (OnBeanCondition)

   LocalDevToolsAutoConfiguration.RestartConfiguration#conditionEvaluationDeltaLoggingListener matched:
      - @ConditionalOnBooleanProperty (spring.devtools.restart.log-condition-evaluation-delta=true) matched (OnPropertyCondition)

   MultipartAutoConfiguration matched:
      - @ConditionalOnClass found required classes 'jakarta.servlet.Servlet', 'org.springframework.web.multipart.support.StandardServletMultipartResolver', 'jakarta.servlet.MultipartConfigElement' (OnClassCondition)
      - found 'session' scope (OnWebApplicationCondition)
      - @ConditionalOnBooleanProperty (spring.servlet.multipart.enabled=true) matched (OnPropertyCondition)

   MultipartAutoConfiguration#multipartConfigElement matched:
      - @ConditionalOnMissingBean (types: jakarta.servlet.MultipartConfigElement; SearchStrategy: all) did not find any beans (OnBeanCondition)

   MultipartAutoConfiguration#multipartResolver matched:
      - @ConditionalOnMissingBean (types: org.springframework.web.multipart.MultipartResolver; SearchStrategy: all) did not find any beans (OnBeanCondition)

   PropertyPlaceholderAutoConfiguration#propertySourcesPlaceholderConfigurer matched:
      - @ConditionalOnMissingBean (types: org.springframework.context.support.PropertySourcesPlaceholderConfigurer; SearchStrategy: current) did not find any beans (OnBeanCondition)

   SpringApplicationAdminJmxAutoConfiguration matched:
      - @ConditionalOnBooleanProperty (spring.application.admin.enabled=true) matched (OnPropertyCondition)

   SpringApplicationAdminJmxAutoConfiguration#springApplicationAdminRegistrar matched:
      - @ConditionalOnMissingBean (types: org.springframework.boot.admin.SpringApplicationAdminMXBeanRegistrar; SearchStrategy: all) did not find any beans (OnBeanCondition)

   SslAutoConfiguration#sslBundleRegistry matched:
      - @ConditionalOnMissingBean (types: org.springframework.boot.ssl.SslBundleRegistry,org.springframework.boot.ssl.SslBundles; SearchStrategy: all) did not find any beans (OnBeanCondition)

   TaskExecutionAutoConfiguration matched:
      - @ConditionalOnClass found required class 'org.springframework.scheduling.concurrent.ThreadPoolTaskExecutor' (OnClassCondition)

   TaskExecutorConfigurations.AsyncConfigurerConfiguration matched:
      - @ConditionalOnMissingBean (types: org.springframework.scheduling.annotation.AsyncConfigurer; SearchStrategy: all) did not find any beans (OnBeanCondition)

   TaskExecutorConfigurations.SimpleAsyncTaskExecutorBuilderConfiguration#simpleAsyncTaskExecutorBuilder matched:
      - @ConditionalOnMissingBean (types: org.springframework.boot.task.SimpleAsyncTaskExecutorBuilder; SearchStrategy: all) did not find any beans (OnBeanCondition)
      - @ConditionalOnThreading found PLATFORM (OnThreadingCondition)

   TaskExecutorConfigurations.TaskExecutorConfiguration matched:
      - AnyNestedCondition 1 matched 1 did not; NestedCondition on TaskExecutorConfigurations.OnExecutorCondition.ModelCondition @ConditionalOnProperty (spring.task.execution.mode=force) did not find property 'spring.task.execution.mode'; NestedCondition on TaskExecutorConfigurations.OnExecutorCondition.ExecutorBeanCondition @ConditionalOnMissingBean (types: java.util.concurrent.Executor; SearchStrategy: all) did not find any beans (TaskExecutorConfigurations.OnExecutorCondition)

   TaskExecutorConfigurations.TaskExecutorConfiguration#applicationTaskExecutor matched:
      - @ConditionalOnThreading found PLATFORM (OnThreadingCondition)

   TaskExecutorConfigurations.ThreadPoolTaskExecutorBuilderConfiguration#threadPoolTaskExecutorBuilder matched:
      - @ConditionalOnMissingBean (types: org.springframework.boot.task.ThreadPoolTaskExecutorBuilder; SearchStrategy: all) did not find any beans (OnBeanCondition)

   TaskSchedulingAutoConfiguration matched:
      - @ConditionalOnClass found required class 'org.springframework.scheduling.concurrent.ThreadPoolTaskScheduler' (OnClassCondition)

   TaskSchedulingConfigurations.SimpleAsyncTaskSchedulerBuilderConfiguration#simpleAsyncTaskSchedulerBuilder matched:
      - @ConditionalOnMissingBean (types: org.springframework.boot.task.SimpleAsyncTaskSchedulerBuilder; SearchStrategy: all) did not find any beans (OnBeanCondition)
      - @ConditionalOnThreading found PLATFORM (OnThreadingCondition)

   TaskSchedulingConfigurations.ThreadPoolTaskSchedulerBuilderConfiguration#threadPoolTaskSchedulerBuilder matched:
      - @ConditionalOnMissingBean (types: org.springframework.boot.task.ThreadPoolTaskSchedulerBuilder; SearchStrategy: all) did not find any beans (OnBeanCondition)

   TomcatServletWebServerAutoConfiguration matched:
      - @ConditionalOnClass found required classes 'jakarta.servlet.ServletRequest', 'org.apache.catalina.startup.Tomcat', 'org.apache.coyote.UpgradeProtocol', 'org.springframework.boot.tomcat.servlet.TomcatServletWebServerFactory' (OnClassCondition)
      - found 'session' scope (OnWebApplicationCondition)

   TomcatServletWebServerAutoConfiguration#tomcatServletWebServerFactory matched:
      - @ConditionalOnMissingBean (types: org.springframework.boot.web.server.servlet.ServletWebServerFactory; SearchStrategy: current) did not find any beans (OnBeanCondition)

   TomcatWebServerConfiguration matched:
      - @ConditionalOnWarDeployment the application is not deployed as a WAR file. (OnWarDeploymentCondition)

   TomcatWebServerConfiguration.TomcatWebSocketConfiguration matched:
      - @ConditionalOnClass found required class 'org.apache.tomcat.websocket.server.WsSci' (OnClassCondition)

   WebMvcAutoConfiguration matched:
      - @ConditionalOnClass found required classes 'jakarta.servlet.Servlet', 'org.springframework.web.servlet.DispatcherServlet', 'org.springframework.web.servlet.config.annotation.WebMvcConfigurer' (OnClassCondition)
      - found 'session' scope (OnWebApplicationCondition)
      - @ConditionalOnMissingBean (types: org.springframework.web.servlet.config.annotation.WebMvcConfigurationSupport; SearchStrategy: all) did not find any beans (OnBeanCondition)

   WebMvcAutoConfiguration#formContentFilter matched:
      - @ConditionalOnBooleanProperty (spring.mvc.formcontent.filter.enabled=true) matched (OnPropertyCondition)
      - @ConditionalOnMissingBean (types: org.springframework.web.filter.FormContentFilter; SearchStrategy: all) did not find any beans (OnBeanCondition)

   WebMvcAutoConfiguration.EnableWebMvcConfiguration#flashMapManager matched:
      - @ConditionalOnMissingBean (names: flashMapManager; SearchStrategy: all) did not find any beans (OnBeanCondition)

   WebMvcAutoConfiguration.EnableWebMvcConfiguration#localeResolver matched:
      - @ConditionalOnMissingBean (names: localeResolver; SearchStrategy: all) did not find any beans (OnBeanCondition)

   WebMvcAutoConfiguration.EnableWebMvcConfiguration#viewNameTranslator matched:
      - @ConditionalOnMissingBean (names: viewNameTranslator; SearchStrategy: all) did not find any beans (OnBeanCondition)

   WebMvcAutoConfiguration.WebMvcAutoConfigurationAdapter#defaultViewResolver matched:
      - @ConditionalOnMissingBean (types: org.springframework.web.servlet.view.InternalResourceViewResolver; SearchStrategy: all) did not find any beans (OnBeanCondition)

   WebMvcAutoConfiguration.WebMvcAutoConfigurationAdapter#requestContextFilter matched:
      - @ConditionalOnMissingBean (types: org.springframework.web.context.request.RequestContextListener,org.springframework.web.filter.RequestContextFilter; SearchStrategy: all) did not find any beans (OnBeanCondition)

   WebMvcAutoConfiguration.WebMvcAutoConfigurationAdapter#viewResolver matched:
      - @ConditionalOnBean (types: org.springframework.web.servlet.ViewResolver; SearchStrategy: all) found beans 'defaultViewResolver', 'beanNameViewResolver', 'mvcViewResolver'; @ConditionalOnMissingBean (names: viewResolver types: org.springframework.web.servlet.view.ContentNegotiatingViewResolver; SearchStrategy: all) did not find any beans (OnBeanCondition)


Negative matches:
-----------------

   AopAutoConfiguration.AspectJAutoProxyingConfiguration:
      Did not match:
         - @ConditionalOnClass did not find required class 'org.aspectj.weaver.Advice' (OnClassCondition)

   DevToolsDataSourceAutoConfiguration:
      Did not match:
         - DevTools DataSource Condition did not find a single DataSource bean (DevToolsDataSourceAutoConfiguration.DevToolsDataSourceCondition)
      Matched:
         - @ConditionalOnClass found required class 'javax.sql.DataSource' (OnClassCondition)
         - Devtools devtools enabled. (OnEnabledDevToolsCondition)

   DevToolsDataSourceAutoConfiguration.DatabaseShutdownExecutorEntityManagerFactoryDependsOnConfiguration:
      Did not match:
         - @ConditionalOnClass did not find required classes 'org.springframework.boot.jpa.autoconfigure.EntityManagerFactoryDependsOnPostProcessor', 'org.springframework.orm.jpa.LocalContainerEntityManagerFactoryBean' (OnClassCondition)
         - Ancestor org.springframework.boot.devtools.autoconfigure.DevToolsDataSourceAutoConfiguration did not match (ConditionEvaluationReport.AncestorsMatchedCondition)

   DevToolsR2dbcAutoConfiguration:
      Did not match:
         - @ConditionalOnClass did not find required class 'io.r2dbc.spi.ConnectionFactory' (OnClassCondition)

   DispatcherServletAutoConfiguration.DispatcherServletConfiguration#multipartResolver:
      Did not match:
         - @ConditionalOnBean (types: org.springframework.web.multipart.MultipartResolver; SearchStrategy: all) did not find any beans of type org.springframework.web.multipart.MultipartResolver (OnBeanCondition)

   GsonHttpMessageConvertersConfiguration:
      Did not match:
         - @ConditionalOnClass did not find required class 'com.google.gson.Gson' (OnClassCondition)

   Jackson2HttpMessageConvertersConfiguration.MappingJackson2HttpMessageConverterConfiguration:
      Did not match:
         - @ConditionalOnClass did not find required class 'com.fasterxml.jackson.databind.ObjectMapper' (OnClassCondition)

   Jackson2HttpMessageConvertersConfiguration.MappingJackson2XmlHttpMessageConverterConfiguration:
      Did not match:
         - @ConditionalOnClass did not find required class 'com.fasterxml.jackson.dataformat.xml.XmlMapper' (OnClassCondition)

   JacksonAutoConfiguration.CborConfiguration:
      Did not match:
         - @ConditionalOnClass did not find required class 'tools.jackson.dataformat.cbor.CBORMapper' (OnClassCondition)

   JacksonAutoConfiguration.XmlConfiguration:
      Did not match:
         - @ConditionalOnClass did not find required class 'tools.jackson.dataformat.xml.XmlMapper' (OnClassCondition)

   JacksonHttpMessageConvertersConfiguration.JacksonXmlHttpMessageConverterConfiguration:
      Did not match:
         - @ConditionalOnClass did not find required class 'tools.jackson.dataformat.xml.XmlMapper' (OnClassCondition)

   JsonbHttpMessageConvertersConfiguration:
      Did not match:
         - @ConditionalOnClass did not find required class 'jakarta.json.bind.Jsonb' (OnClassCondition)

   KotlinSerializationHttpMessageConvertersConfiguration:
      Did not match:
         - @ConditionalOnClass did not find required classes 'kotlinx.serialization.Serializable', 'kotlinx.serialization.json.Json' (OnClassCondition)

   LocalDevToolsAutoConfiguration.LiveReloadConfiguration:
      Did not match:
         - @ConditionalOnBooleanProperty (spring.devtools.livereload.enabled=true) did not find property 'spring.devtools.livereload.enabled' (OnPropertyCondition)

   MessageSourceAutoConfiguration:
      Did not match:
         - ResourceBundle did not find bundle with basename messages (MessageSourceAutoConfiguration.ResourceBundleCondition)

   ProjectInfoAutoConfiguration#buildProperties:
      Did not match:
         - @ConditionalOnResource did not find resource '${spring.info.build.location:classpath:META-INF/build-info.properties}' (OnResourceCondition)

   ProjectInfoAutoConfiguration#gitProperties:
      Did not match:
         - GitResource did not find git info at classpath:git.properties (ProjectInfoAutoConfiguration.GitResourceAvailableCondition)

   RemoteDevToolsAutoConfiguration:
      Did not match:
         - @ConditionalOnProperty (spring.devtools.remote.secret) did not find property 'spring.devtools.remote.secret' (OnPropertyCondition)
      Matched:
         - @ConditionalOnClass found required classes 'jakarta.servlet.Filter', 'org.springframework.http.server.ServerHttpRequest', 'org.springframework.boot.web.server.autoconfigure.ServerProperties' (OnClassCondition)

   ServletHttpExchangesAutoConfiguration:
      Did not match:
         - @ConditionalOnBean did not find required type 'org.springframework.boot.actuate.web.exchanges.HttpExchangeRepository' (OnBeanCondition)

   ServletManagementContextAutoConfiguration:
      Did not match:
         - @ConditionalOnClass did not find required class 'org.springframework.boot.actuate.autoconfigure.endpoint.web.WebEndpointProperties' (OnClassCondition)

   ServletMappingsAutoConfiguration:
      Did not match:
         - @ConditionalOnClass did not find required class 'org.springframework.boot.actuate.autoconfigure.endpoint.condition.ConditionalOnAvailableEndpoint' (OnClassCondition)

   ServletWebServerConfiguration#forwardedHeaderFilter:
      Did not match:
         - @ConditionalOnProperty (server.forward-headers-strategy=framework) did not find property 'server.forward-headers-strategy' (OnPropertyCondition)

   TaskExecutorConfigurations.AsyncConfigurerWrapperConfiguration:
      Did not match:
         - @ConditionalOnBean (types: org.springframework.scheduling.annotation.AsyncConfigurer; SearchStrategy: all) did not find any beans of type org.springframework.scheduling.annotation.AsyncConfigurer (OnBeanCondition)

   TaskExecutorConfigurations.SimpleAsyncTaskExecutorBuilderConfiguration#simpleAsyncTaskExecutorBuilderVirtualThreads:
      Did not match:
         - @ConditionalOnMissingBean (types: org.springframework.boot.task.SimpleAsyncTaskExecutorBuilder; SearchStrategy: all) found beans of type 'org.springframework.boot.task.SimpleAsyncTaskExecutorBuilder' simpleAsyncTaskExecutorBuilder (OnBeanCondition)

   TaskExecutorConfigurations.TaskExecutorConfiguration#applicationTaskExecutorVirtualThreads:
      Did not match:
         - @ConditionalOnThreading did not find VIRTUAL (OnThreadingCondition)

   TaskExecutorConfigurations.TaskExecutorContextPropagationConfiguration:
      Did not match:
         - @ConditionalOnClass did not find required class 'io.micrometer.context.ContextSnapshot' (OnClassCondition)

   TaskSchedulingAutoConfiguration#scheduledBeanLazyInitializationExcludeFilter:
      Did not match:
         - @ConditionalOnBean (names: org.springframework.scheduling.config.internalScheduledAnnotationProcessor; SearchStrategy: all) did not find any beans named org.springframework.scheduling.config.internalScheduledAnnotationProcessor (OnBeanCondition)

   TaskSchedulingConfigurations.SimpleAsyncTaskSchedulerBuilderConfiguration#simpleAsyncTaskSchedulerBuilderVirtualThreads:
      Did not match:
         - @ConditionalOnMissingBean (types: org.springframework.boot.task.SimpleAsyncTaskSchedulerBuilder; SearchStrategy: all) found beans of type 'org.springframework.boot.task.SimpleAsyncTaskSchedulerBuilder' simpleAsyncTaskSchedulerBuilder (OnBeanCondition)

   TaskSchedulingConfigurations.TaskSchedulerConfiguration:
      Did not match:
         - @ConditionalOnBean (names: org.springframework.scheduling.config.internalScheduledAnnotationProcessor; SearchStrategy: all) did not find any beans named org.springframework.scheduling.config.internalScheduledAnnotationProcessor (OnBeanCondition)

   TomcatMetricsAutoConfiguration:
      Did not match:
         - @ConditionalOnClass did not find required class 'io.micrometer.core.instrument.binder.tomcat.TomcatMetrics' (OnClassCondition)

   TomcatReactiveManagementContextAutoConfiguration:
      Did not match:
         - @ConditionalOnClass did not find required class 'org.springframework.boot.actuate.autoconfigure.web.server.ManagementContextFactory' (OnClassCondition)

   TomcatReactiveWebServerAutoConfiguration:
      Did not match:
         - @ConditionalOnWebApplication did not find reactive web application classes (OnWebApplicationCondition)

   TomcatServletManagementContextAutoConfiguration:
      Did not match:
         - @ConditionalOnClass did not find required class 'org.springframework.boot.actuate.autoconfigure.web.server.ManagementContextFactory' (OnClassCondition)

   TomcatServletWebServerAutoConfiguration#tomcatForwardedHeaderFilterCustomizer:
      Did not match:
         - @ConditionalOnProperty (server.forward-headers-strategy=framework) did not find property 'server.forward-headers-strategy' (OnPropertyCondition)

   TomcatWebServerConfiguration#tomcatVirtualThreadsProtocolHandlerCustomizer:
      Did not match:
         - @ConditionalOnThreading did not find VIRTUAL (OnThreadingCondition)

   WebMvcAutoConfiguration#hiddenHttpMethodFilter:
      Did not match:
         - @ConditionalOnBooleanProperty (spring.mvc.hiddenmethod.filter.enabled=true) did not find property 'spring.mvc.hiddenmethod.filter.enabled' (OnPropertyCondition)

   WebMvcAutoConfiguration.ProblemDetailsErrorHandlingConfiguration:
      Did not match:
         - @ConditionalOnBooleanProperty (spring.mvc.problemdetails.enabled=true) did not find property 'spring.mvc.problemdetails.enabled' (OnPropertyCondition)

   WebMvcAutoConfiguration.ResourceChainCustomizerConfiguration:
      Did not match:
         - @ConditionalOnEnabledResourceChain did not find class org.webjars.WebJarVersionLocator (OnEnabledResourceChainCondition)

   WebMvcAutoConfiguration.WebMvcAutoConfigurationAdapter#beanNameViewResolver:
      Did not match:
         - @ConditionalOnMissingBean (types: org.springframework.web.servlet.view.BeanNameViewResolver; SearchStrategy: all) found beans of type 'org.springframework.web.servlet.view.BeanNameViewResolver' beanNameViewResolver (OnBeanCondition)

   WebMvcHealthEndpointExtensionAutoConfiguration:
      Did not match:
         - @ConditionalOnClass did not find required class 'org.springframework.boot.health.actuate.endpoint.HealthEndpoint' (OnClassCondition)

   WebMvcMappingsAutoConfiguration:
      Did not match:
         - @ConditionalOnClass did not find required class 'org.springframework.boot.actuate.autoconfigure.endpoint.condition.ConditionalOnAvailableEndpoint' (OnClassCondition)

   WebMvcObservationAutoConfiguration:
      Did not match:
         - @ConditionalOnClass did not find required class 'org.springframework.boot.micrometer.observation.autoconfigure.ObservationProperties' (OnClassCondition)


Exclusions:
-----------

    None


Unconditional classes:
----------------------

    org.springframework.boot.autoconfigure.context.ConfigurationPropertiesAutoConfiguration

    org.springframework.boot.autoconfigure.ssl.SslAutoConfiguration

    org.springframework.boot.autoconfigure.context.LifecycleAutoConfiguration

    org.springframework.boot.autoconfigure.context.PropertyPlaceholderAutoConfiguration

    org.springframework.boot.autoconfigure.availability.ApplicationAvailabilityAutoConfiguration

    org.springframework.boot.autoconfigure.info.ProjectInfoAutoConfiguration



2026-09-23 10:11:33.338 [restartedMain] INFO  t.zff06.logging.LoggingApplication [] - Started LoggingApplication in 1.002 seconds (process running for 1.376)
2026-09-23 10:11:33.339 [restartedMain] DEBUG o.s.b.a.ApplicationAvailabilityBean [] - Application availability state LivenessState changed to CORRECT
2026-09-23 10:11:33.340 [restartedMain] DEBUG o.s.boot.devtools.restart.Restarter [] - Creating new Restarter for thread Thread[#1,main,5,main]
2026-09-23 10:11:33.340 [restartedMain] DEBUG o.s.boot.devtools.restart.Restarter [] - Immediately restarting application
2026-09-23 10:11:33.340 [restartedMain] DEBUG o.s.boot.devtools.restart.Restarter [] - Starting application top.zff06.logging.LoggingApplication with URLs [file:/D:/Tools/Projects/backend-learning/03-logging/target/classes/]
2026-09-23 10:11:33.341 [restartedMain] DEBUG o.s.b.a.ApplicationAvailabilityBean [] - Application availability state ReadinessState changed to ACCEPTING_TRAFFIC
2026-09-23 10:11:33.473 [RMI TCP Connection(1)-192.168.208.1] DEBUG sun.rmi.transport.tcp [] - RMI TCP Connection(1)-192.168.208.1: (port 53077) op = 82
2026-09-23 10:11:33.473 [RMI TCP Connection(1)-192.168.208.1] DEBUG sun.rmi.transport.tcp [] - RMI TCP Connection(1)-192.168.208.1: (port 53077) op = 80
2026-09-23 10:11:33.473 [RMI TCP Connection(1)-192.168.208.1] DEBUG sun.rmi.transport.tcp [] - RMI TCP Connection(1)-192.168.208.1: (port 53077) op = 80
2026-09-23 10:11:33.474 [RMI TCP Connection(1)-192.168.208.1] DEBUG sun.rmi.loader [] - RMI TCP Connection(1)-192.168.208.1: name = "[Ljava.rmi.server.ObjID;", codebase = "", defaultLoader = jdk.internal.loader.ClassLoaders$PlatformClassLoader@3affa428
2026-09-23 10:11:33.474 [RMI TCP Connection(1)-192.168.208.1] DEBUG sun.rmi.loader [] - RMI TCP Connection(1)-192.168.208.1: name = "java.rmi.server.ObjID", codebase = "", defaultLoader = jdk.internal.loader.ClassLoaders$PlatformClassLoader@3affa428
2026-09-23 10:11:33.474 [RMI TCP Connection(1)-192.168.208.1] DEBUG sun.rmi.loader [] - RMI TCP Connection(1)-192.168.208.1: name = "java.rmi.server.UID", codebase = "", defaultLoader = jdk.internal.loader.ClassLoaders$PlatformClassLoader@3affa428
2026-09-23 10:11:33.474 [RMI TCP Connection(1)-192.168.208.1] DEBUG sun.rmi.loader [] - RMI TCP Connection(1)-192.168.208.1: name = "java.rmi.dgc.Lease", codebase = "", defaultLoader = jdk.internal.loader.ClassLoaders$PlatformClassLoader@3affa428
2026-09-23 10:11:33.474 [RMI TCP Connection(1)-192.168.208.1] DEBUG sun.rmi.loader [] - RMI TCP Connection(1)-192.168.208.1: name = "java.rmi.dgc.VMID", codebase = "", defaultLoader = jdk.internal.loader.ClassLoaders$PlatformClassLoader@3affa428
2026-09-23 10:11:33.474 [RMI TCP Connection(1)-192.168.208.1] DEBUG sun.rmi.loader [] - RMI TCP Connection(1)-192.168.208.1: name = "[B", codebase = "", defaultLoader = jdk.internal.loader.ClassLoaders$PlatformClassLoader@3affa428
2026-09-23 10:11:33.475 [RMI TCP Connection(1)-192.168.208.1] DEBUG sun.rmi.transport.tcp [] - RMI TCP Connection(1)-192.168.208.1: (port 53077) op = 84
2026-09-23 10:11:33.475 [RMI TCP Connection(1)-192.168.208.1] DEBUG sun.rmi.transport.tcp [] - RMI TCP Connection(1)-192.168.208.1: (port 53077) op = 80
2026-09-23 10:11:33.475 [RMI TCP Connection(1)-192.168.208.1] DEBUG sun.rmi.transport.tcp [] - RMI TCP Connection(1)-192.168.208.1: (port 53077) op = 80
2026-09-23 10:11:33.475 [RMI TCP Connection(1)-192.168.208.1] DEBUG sun.rmi.loader [] - RMI TCP Connection(1)-192.168.208.1: name = "javax.management.ObjectName", codebase = ""
2026-09-23 10:11:33.476 [RMI TCP Connection(1)-192.168.208.1] DEBUG javax.management.remote.rmi [] - connectionId=rmi://192.168.208.1  3, name=org.springframework.boot:type=Admin,name=SpringApplication, attribute=Ready
2026-09-23 10:11:33.476 [RMI TCP Connection(1)-192.168.208.1] DEBUG sun.rmi.transport.tcp [] - RMI TCP Connection(1)-192.168.208.1: (port 53077) op = 80
2026-09-23 10:11:33.476 [RMI TCP Connection(1)-192.168.208.1] DEBUG javax.management.remote.rmi [] - [javax.management.remote.rmi.RMIConnectionImpl@3459f897: connectionId=rmi://192.168.208.1  3] closing.
2026-09-23 10:11:33.476 [RMI TCP Connection(1)-192.168.208.1] DEBUG javax.management.remote.rmi [] - [javax.management.remote.rmi.RMIConnectionImpl@3459f897: connectionId=rmi://192.168.208.1  3] closed.
2026-09-23 10:11:33.477 [RMI TCP Connection(2)-192.168.208.1] DEBUG sun.rmi.transport.tcp [] - RMI TCP Connection(2)-192.168.208.1: accepted socket from [192.168.208.1:53081]
2026-09-23 10:11:33.479 [RMI TCP Connection(2)-192.168.208.1] DEBUG sun.rmi.transport.tcp [] - RMI TCP Connection(2)-192.168.208.1: (port 53077) op = 80
2026-09-23 10:11:33.479 [RMI TCP Connection(2)-192.168.208.1] DEBUG sun.rmi.transport.tcp [] - RMI TCP Connection(2)-192.168.208.1: (port 53077) op = 80
2026-09-23 10:11:33.479 [RMI TCP Connection(2)-192.168.208.1] DEBUG sun.rmi.loader [] - RMI TCP Connection(2)-192.168.208.1: name = "[Ljava.rmi.server.ObjID;", codebase = "", defaultLoader = jdk.internal.loader.ClassLoaders$PlatformClassLoader@3affa428
2026-09-23 10:11:33.479 [RMI TCP Connection(2)-192.168.208.1] DEBUG sun.rmi.loader [] - RMI TCP Connection(2)-192.168.208.1: name = "java.rmi.server.ObjID", codebase = "", defaultLoader = jdk.internal.loader.ClassLoaders$PlatformClassLoader@3affa428
2026-09-23 10:11:33.479 [RMI TCP Connection(2)-192.168.208.1] DEBUG sun.rmi.loader [] - RMI TCP Connection(2)-192.168.208.1: name = "java.rmi.server.UID", codebase = "", defaultLoader = jdk.internal.loader.ClassLoaders$PlatformClassLoader@3affa428
2026-09-23 10:11:33.480 [RMI TCP Connection(2)-192.168.208.1] DEBUG sun.rmi.loader [] - RMI TCP Connection(2)-192.168.208.1: name = "java.rmi.dgc.Lease", codebase = "", defaultLoader = jdk.internal.loader.ClassLoaders$PlatformClassLoader@3affa428
2026-09-23 10:11:33.480 [RMI TCP Connection(2)-192.168.208.1] DEBUG sun.rmi.loader [] - RMI TCP Connection(2)-192.168.208.1: name = "java.rmi.dgc.VMID", codebase = "", defaultLoader = jdk.internal.loader.ClassLoaders$PlatformClassLoader@3affa428
2026-09-23 10:11:33.480 [RMI TCP Connection(2)-192.168.208.1] DEBUG sun.rmi.loader [] - RMI TCP Connection(2)-192.168.208.1: name = "[B", codebase = "", defaultLoader = jdk.internal.loader.ClassLoaders$PlatformClassLoader@3affa428
2026-09-23 10:11:33.480 [RMI TCP Connection(2)-192.168.208.1] DEBUG sun.rmi.transport.tcp [] - RMI TCP Connection(2)-192.168.208.1: (port 53077) op = 84
2026-09-23 10:11:33.480 [RMI TCP Connection(2)-192.168.208.1] DEBUG sun.rmi.transport.tcp [] - RMI TCP Connection(2)-192.168.208.1: (port 53077) op = 80
2026-09-23 10:11:33.481 [RMI TCP Connection(2)-192.168.208.1] DEBUG sun.rmi.transport.tcp [] - RMI TCP Connection(2)-192.168.208.1: (port 53077) op = 80
2026-09-23 10:11:33.481 [RMI TCP Connection(2)-192.168.208.1] DEBUG sun.rmi.loader [] - RMI TCP Connection(2)-192.168.208.1: name = "javax.management.ObjectName", codebase = ""
2026-09-23 10:11:33.481 [RMI TCP Connection(2)-192.168.208.1] DEBUG sun.rmi.loader [] - RMI TCP Connection(2)-192.168.208.1: name = "java.rmi.MarshalledObject", codebase = ""
2026-09-23 10:11:33.481 [RMI TCP Connection(2)-192.168.208.1] DEBUG sun.rmi.loader [] - RMI TCP Connection(2)-192.168.208.1: name = "[B", codebase = ""
2026-09-23 10:11:33.481 [RMI TCP Connection(2)-192.168.208.1] DEBUG sun.rmi.loader [] - RMI TCP Connection(2)-192.168.208.1: name = "[Ljava.lang.String;", codebase = ""
2026-09-23 10:11:33.483 [RMI TCP Connection(2)-192.168.208.1] DEBUG javax.management.remote.rmi [] - connectionId=rmi://192.168.208.1  4 unwrapping params with MBean extended ClassLoader.
2026-09-23 10:11:33.484 [RMI TCP Connection(2)-192.168.208.1] DEBUG sun.rmi.loader [] - RMI TCP Connection(2)-192.168.208.1: name = "[Ljava.lang.String;", codebase = "", defaultLoader = jdk.internal.loader.ClassLoaders$PlatformClassLoader@3affa428
2026-09-23 10:11:33.484 [RMI TCP Connection(2)-192.168.208.1] DEBUG javax.management.remote.rmi [] - connectionId=rmi://192.168.208.1  4, name=org.springframework.boot:type=Admin,name=SpringApplication, operationName=getProperty, signature=[java.lang.String]
2026-09-23 10:11:33.484 [RMI TCP Connection(2)-192.168.208.1] DEBUG sun.rmi.transport.tcp [] - RMI TCP Connection(2)-192.168.208.1: (port 53077) op = 80
2026-09-23 10:11:33.485 [RMI TCP Connection(2)-192.168.208.1] DEBUG javax.management.remote.rmi [] - [javax.management.remote.rmi.RMIConnectionImpl@66a7290a: connectionId=rmi://192.168.208.1  4] closing.
2026-09-23 10:11:33.485 [RMI TCP Connection(2)-192.168.208.1] DEBUG javax.management.remote.rmi [] - [javax.management.remote.rmi.RMIConnectionImpl@66a7290a: connectionId=rmi://192.168.208.1  4] closed.
2026-09-23 10:11:33.485 [RMI TCP Connection(2)-192.168.208.1] DEBUG sun.rmi.transport.tcp [] - RMI TCP Connection(2)-192.168.208.1: (port 53077) op = 80
2026-09-23 10:11:33.486 [RMI TCP Connection(2)-192.168.208.1] DEBUG sun.rmi.transport.tcp [] - RMI TCP Connection(2)-192.168.208.1: (port 53077) op = 80
2026-09-23 10:11:33.486 [RMI TCP Connection(2)-192.168.208.1] DEBUG sun.rmi.loader [] - RMI TCP Connection(2)-192.168.208.1: name = "[Ljava.rmi.server.ObjID;", codebase = "", defaultLoader = jdk.internal.loader.ClassLoaders$PlatformClassLoader@3affa428
2026-09-23 10:11:33.486 [RMI TCP Connection(2)-192.168.208.1] DEBUG sun.rmi.loader [] - RMI TCP Connection(2)-192.168.208.1: name = "java.rmi.server.ObjID", codebase = "", defaultLoader = jdk.internal.loader.ClassLoaders$PlatformClassLoader@3affa428
2026-09-23 10:11:33.486 [RMI TCP Connection(2)-192.168.208.1] DEBUG sun.rmi.loader [] - RMI TCP Connection(2)-192.168.208.1: name = "java.rmi.server.UID", codebase = "", defaultLoader = jdk.internal.loader.ClassLoaders$PlatformClassLoader@3affa428
2026-09-23 10:11:33.486 [RMI TCP Connection(2)-192.168.208.1] DEBUG sun.rmi.loader [] - RMI TCP Connection(2)-192.168.208.1: name = "java.rmi.dgc.Lease", codebase = "", defaultLoader = jdk.internal.loader.ClassLoaders$PlatformClassLoader@3affa428
2026-09-23 10:11:33.486 [RMI TCP Connection(2)-192.168.208.1] DEBUG sun.rmi.loader [] - RMI TCP Connection(2)-192.168.208.1: name = "java.rmi.dgc.VMID", codebase = "", defaultLoader = jdk.internal.loader.ClassLoaders$PlatformClassLoader@3affa428
2026-09-23 10:11:33.486 [RMI TCP Connection(2)-192.168.208.1] DEBUG sun.rmi.loader [] - RMI TCP Connection(2)-192.168.208.1: name = "[B", codebase = "", defaultLoader = jdk.internal.loader.ClassLoaders$PlatformClassLoader@3affa428
2026-09-23 10:11:33.487 [RMI TCP Connection(2)-192.168.208.1] DEBUG sun.rmi.transport.tcp [] - RMI TCP Connection(2)-192.168.208.1: (port 53077) op = 84
2026-09-23 10:11:33.487 [RMI TCP Connection(2)-192.168.208.1] DEBUG sun.rmi.transport.tcp [] - RMI TCP Connection(2)-192.168.208.1: (port 53077) op = 80
2026-09-23 10:11:33.487 [RMI TCP Connection(2)-192.168.208.1] DEBUG sun.rmi.transport.tcp [] - RMI TCP Connection(2)-192.168.208.1: (port 53077) op = 80
2026-09-23 10:11:33.487 [RMI TCP Connection(2)-192.168.208.1] DEBUG sun.rmi.loader [] - RMI TCP Connection(2)-192.168.208.1: name = "javax.management.ObjectName", codebase = ""
2026-09-23 10:11:33.487 [RMI TCP Connection(2)-192.168.208.1] DEBUG sun.rmi.loader [] - RMI TCP Connection(2)-192.168.208.1: name = "java.rmi.MarshalledObject", codebase = ""
2026-09-23 10:11:33.487 [RMI TCP Connection(2)-192.168.208.1] DEBUG sun.rmi.loader [] - RMI TCP Connection(2)-192.168.208.1: name = "[B", codebase = ""
2026-09-23 10:11:33.487 [RMI TCP Connection(2)-192.168.208.1] DEBUG sun.rmi.loader [] - RMI TCP Connection(2)-192.168.208.1: name = "[Ljava.lang.String;", codebase = ""
2026-09-23 10:11:33.487 [RMI TCP Connection(2)-192.168.208.1] DEBUG javax.management.remote.rmi [] - connectionId=rmi://192.168.208.1  5 unwrapping params with MBean extended ClassLoader.
2026-09-23 10:11:33.487 [RMI TCP Connection(2)-192.168.208.1] DEBUG sun.rmi.loader [] - RMI TCP Connection(2)-192.168.208.1: name = "[Ljava.lang.String;", codebase = "", defaultLoader = jdk.internal.loader.ClassLoaders$PlatformClassLoader@3affa428
2026-09-23 10:11:33.487 [RMI TCP Connection(2)-192.168.208.1] DEBUG javax.management.remote.rmi [] - connectionId=rmi://192.168.208.1  5, name=org.springframework.boot:type=Admin,name=SpringApplication, operationName=getProperty, signature=[java.lang.String]
2026-09-23 10:11:33.489 [RMI TCP Connection(2)-192.168.208.1] DEBUG sun.rmi.transport.tcp [] - RMI TCP Connection(2)-192.168.208.1: (port 53077) op = 80
2026-09-23 10:11:33.489 [RMI TCP Connection(2)-192.168.208.1] DEBUG sun.rmi.loader [] - RMI TCP Connection(2)-192.168.208.1: name = "javax.management.ObjectName", codebase = ""
2026-09-23 10:11:33.489 [RMI TCP Connection(2)-192.168.208.1] DEBUG sun.rmi.loader [] - RMI TCP Connection(2)-192.168.208.1: name = "java.rmi.MarshalledObject", codebase = ""
2026-09-23 10:11:33.489 [RMI TCP Connection(2)-192.168.208.1] DEBUG sun.rmi.loader [] - RMI TCP Connection(2)-192.168.208.1: name = "[B", codebase = ""
2026-09-23 10:11:33.489 [RMI TCP Connection(2)-192.168.208.1] DEBUG sun.rmi.loader [] - RMI TCP Connection(2)-192.168.208.1: name = "[Ljava.lang.String;", codebase = ""
2026-09-23 10:11:33.489 [RMI TCP Connection(2)-192.168.208.1] DEBUG javax.management.remote.rmi [] - connectionId=rmi://192.168.208.1  5 unwrapping params with MBean extended ClassLoader.
2026-09-23 10:11:33.489 [RMI TCP Connection(2)-192.168.208.1] DEBUG sun.rmi.loader [] - RMI TCP Connection(2)-192.168.208.1: name = "[Ljava.lang.String;", codebase = "", defaultLoader = jdk.internal.loader.ClassLoaders$PlatformClassLoader@3affa428
2026-09-23 10:11:33.489 [RMI TCP Connection(2)-192.168.208.1] DEBUG javax.management.remote.rmi [] - connectionId=rmi://192.168.208.1  5, name=org.springframework.boot:type=Admin,name=SpringApplication, operationName=getProperty, signature=[java.lang.String]
2026-09-23 10:11:33.489 [RMI TCP Connection(2)-192.168.208.1] DEBUG sun.rmi.transport.tcp [] - RMI TCP Connection(2)-192.168.208.1: (port 53077) op = 80
2026-09-23 10:11:33.489 [RMI TCP Connection(2)-192.168.208.1] DEBUG sun.rmi.loader [] - RMI TCP Connection(2)-192.168.208.1: name = "javax.management.ObjectName", codebase = ""
2026-09-23 10:11:33.489 [RMI TCP Connection(2)-192.168.208.1] DEBUG sun.rmi.loader [] - RMI TCP Connection(2)-192.168.208.1: name = "java.rmi.MarshalledObject", codebase = ""
2026-09-23 10:11:33.489 [RMI TCP Connection(2)-192.168.208.1] DEBUG sun.rmi.loader [] - RMI TCP Connection(2)-192.168.208.1: name = "[B", codebase = ""
2026-09-23 10:11:33.489 [RMI TCP Connection(2)-192.168.208.1] DEBUG sun.rmi.loader [] - RMI TCP Connection(2)-192.168.208.1: name = "[Ljava.lang.String;", codebase = ""
2026-09-23 10:11:33.489 [RMI TCP Connection(2)-192.168.208.1] DEBUG javax.management.remote.rmi [] - connectionId=rmi://192.168.208.1  5 unwrapping params with MBean extended ClassLoader.
2026-09-23 10:11:33.489 [RMI TCP Connection(2)-192.168.208.1] DEBUG sun.rmi.loader [] - RMI TCP Connection(2)-192.168.208.1: name = "[Ljava.lang.String;", codebase = "", defaultLoader = jdk.internal.loader.ClassLoaders$PlatformClassLoader@3affa428
2026-09-23 10:11:33.489 [RMI TCP Connection(2)-192.168.208.1] DEBUG javax.management.remote.rmi [] - connectionId=rmi://192.168.208.1  5, name=org.springframework.boot:type=Admin,name=SpringApplication, operationName=getProperty, signature=[java.lang.String]
2026-09-23 10:11:33.490 [RMI TCP Connection(2)-192.168.208.1] DEBUG sun.rmi.transport.tcp [] - RMI TCP Connection(2)-192.168.208.1: (port 53077) op = 80
2026-09-23 10:11:33.490 [RMI TCP Connection(2)-192.168.208.1] DEBUG sun.rmi.loader [] - RMI TCP Connection(2)-192.168.208.1: name = "javax.management.ObjectName", codebase = ""
2026-09-23 10:11:33.490 [RMI TCP Connection(2)-192.168.208.1] DEBUG sun.rmi.loader [] - RMI TCP Connection(2)-192.168.208.1: name = "java.rmi.MarshalledObject", codebase = ""
2026-09-23 10:11:33.490 [RMI TCP Connection(2)-192.168.208.1] DEBUG sun.rmi.loader [] - RMI TCP Connection(2)-192.168.208.1: name = "[B", codebase = ""
2026-09-23 10:11:33.490 [RMI TCP Connection(2)-192.168.208.1] DEBUG sun.rmi.loader [] - RMI TCP Connection(2)-192.168.208.1: name = "[Ljava.lang.String;", codebase = ""
2026-09-23 10:11:33.490 [RMI TCP Connection(2)-192.168.208.1] DEBUG javax.management.remote.rmi [] - connectionId=rmi://192.168.208.1  5 unwrapping params with MBean extended ClassLoader.
2026-09-23 10:11:33.490 [RMI TCP Connection(2)-192.168.208.1] DEBUG sun.rmi.loader [] - RMI TCP Connection(2)-192.168.208.1: name = "[Ljava.lang.String;", codebase = "", defaultLoader = jdk.internal.loader.ClassLoaders$PlatformClassLoader@3affa428
2026-09-23 10:11:33.490 [RMI TCP Connection(2)-192.168.208.1] DEBUG javax.management.remote.rmi [] - connectionId=rmi://192.168.208.1  5, name=org.springframework.boot:type=Admin,name=SpringApplication, operationName=getProperty, signature=[java.lang.String]
2026-09-23 10:11:33.490 [RMI TCP Connection(2)-192.168.208.1] DEBUG sun.rmi.transport.tcp [] - RMI TCP Connection(2)-192.168.208.1: (port 53077) op = 80
2026-09-23 10:11:33.490 [RMI TCP Connection(2)-192.168.208.1] DEBUG javax.management.remote.rmi [] - [javax.management.remote.rmi.RMIConnectionImpl@3daaba04: connectionId=rmi://192.168.208.1  5] closing.
2026-09-23 10:11:33.490 [RMI TCP Connection(2)-192.168.208.1] DEBUG javax.management.remote.rmi [] - [javax.management.remote.rmi.RMIConnectionImpl@3daaba04: connectionId=rmi://192.168.208.1  5] closed.
2026-09-23 10:11:33.586 [RMI TCP Connection(2)-192.168.208.1] DEBUG sun.rmi.transport.tcp [] - RMI TCP Connection(2)-192.168.208.1: (port 53077) op = 82
2026-09-23 10:11:33.586 [RMI TCP Connection(2)-192.168.208.1] DEBUG sun.rmi.transport.tcp [] - RMI TCP Connection(2)-192.168.208.1: (port 53077) op = 80
2026-09-23 10:11:33.587 [RMI TCP Connection(2)-192.168.208.1] DEBUG sun.rmi.loader [] - RMI TCP Connection(2)-192.168.208.1: name = "[Ljava.rmi.server.ObjID;", codebase = "", defaultLoader = jdk.internal.loader.ClassLoaders$PlatformClassLoader@3affa428
2026-09-23 10:11:33.587 [RMI TCP Connection(2)-192.168.208.1] DEBUG sun.rmi.loader [] - RMI TCP Connection(2)-192.168.208.1: name = "java.rmi.server.ObjID", codebase = "", defaultLoader = jdk.internal.loader.ClassLoaders$PlatformClassLoader@3affa428
2026-09-23 10:11:33.587 [RMI TCP Connection(2)-192.168.208.1] DEBUG sun.rmi.loader [] - RMI TCP Connection(2)-192.168.208.1: name = "java.rmi.server.UID", codebase = "", defaultLoader = jdk.internal.loader.ClassLoaders$PlatformClassLoader@3affa428
2026-09-23 10:11:33.587 [RMI TCP Connection(2)-192.168.208.1] DEBUG sun.rmi.loader [] - RMI TCP Connection(2)-192.168.208.1: name = "java.rmi.dgc.VMID", codebase = "", defaultLoader = jdk.internal.loader.ClassLoaders$PlatformClassLoader@3affa428
2026-09-23 10:11:33.587 [RMI TCP Connection(2)-192.168.208.1] DEBUG sun.rmi.loader [] - RMI TCP Connection(2)-192.168.208.1: name = "[B", codebase = "", defaultLoader = jdk.internal.loader.ClassLoaders$PlatformClassLoader@3affa428
2026-09-23 10:11:33.744 [RMI TCP Connection(2)-192.168.208.1] DEBUG sun.rmi.transport.tcp [] - RMI TCP Connection(2)-192.168.208.1: (port 53077) op = 82
2026-09-23 10:11:33.744 [RMI TCP Connection(2)-192.168.208.1] DEBUG sun.rmi.transport.tcp [] - RMI TCP Connection(2)-192.168.208.1: (port 53077) op = 80
2026-09-23 10:11:33.744 [RMI TCP Connection(2)-192.168.208.1] DEBUG sun.rmi.loader [] - RMI TCP Connection(2)-192.168.208.1: name = "javax.management.ObjectName", codebase = ""
2026-09-23 10:11:33.744 [RMI TCP Connection(2)-192.168.208.1] DEBUG javax.management.remote.rmi [] - connectionId=rmi://192.168.208.1  1, name=java.lang:type=OperatingSystem, attribute=ProcessCpuLoad
2026-09-23 10:11:33.768 [RMI TCP Connection(2)-192.168.208.1] DEBUG sun.rmi.transport.tcp [] - RMI TCP Connection(2)-192.168.208.1: (port 53077) op = 82
2026-09-23 10:11:33.769 [RMI TCP Connection(2)-192.168.208.1] DEBUG sun.rmi.transport.tcp [] - RMI TCP Connection(2)-192.168.208.1: (port 53077) op = 80
2026-09-23 10:11:33.769 [RMI TCP Connection(2)-192.168.208.1] DEBUG sun.rmi.loader [] - RMI TCP Connection(2)-192.168.208.1: name = "javax.management.ObjectName", codebase = ""
2026-09-23 10:11:33.769 [RMI TCP Connection(2)-192.168.208.1] DEBUG javax.management.remote.rmi [] - connectionId=rmi://192.168.208.1  1, name=java.lang:type=Memory, attribute=HeapMemoryUsage
2026-09-23 10:11:33.769 [RMI TCP Connection(2)-192.168.208.1] DEBUG sun.rmi.transport.tcp [] - RMI TCP Connection(2)-192.168.208.1: (port 53077) op = 82
2026-09-23 10:11:33.769 [RMI TCP Connection(2)-192.168.208.1] DEBUG sun.rmi.transport.tcp [] - RMI TCP Connection(2)-192.168.208.1: (port 53077) op = 80
2026-09-23 10:11:33.769 [RMI TCP Connection(2)-192.168.208.1] DEBUG sun.rmi.loader [] - RMI TCP Connection(2)-192.168.208.1: name = "javax.management.ObjectName", codebase = ""
2026-09-23 10:11:33.769 [RMI TCP Connection(2)-192.168.208.1] DEBUG javax.management.remote.rmi [] - connectionId=rmi://192.168.208.1  1, name=java.lang:type=Memory, attribute=HeapMemoryUsage
2026-09-23 10:11:34.772 [RMI TCP Connection(2)-192.168.208.1] DEBUG sun.rmi.transport.tcp [] - RMI TCP Connection(2)-192.168.208.1: (port 53077) op = 82
2026-09-23 10:11:34.772 [RMI TCP Connection(2)-192.168.208.1] DEBUG sun.rmi.transport.tcp [] - RMI TCP Connection(2)-192.168.208.1: (port 53077) op = 80
2026-09-23 10:11:34.772 [RMI TCP Connection(2)-192.168.208.1] DEBUG sun.rmi.loader [] - RMI TCP Connection(2)-192.168.208.1: name = "javax.management.ObjectName", codebase = ""
2026-09-23 10:11:34.772 [RMI TCP Connection(2)-192.168.208.1] DEBUG javax.management.remote.rmi [] - connectionId=rmi://192.168.208.1  1, name=java.lang:type=OperatingSystem, attribute=ProcessCpuLoad
2026-09-23 10:11:34.803 [RMI TCP Connection(2)-192.168.208.1] DEBUG sun.rmi.transport.tcp [] - RMI TCP Connection(2)-192.168.208.1: (port 53077) op = 82
2026-09-23 10:11:34.803 [RMI TCP Connection(2)-192.168.208.1] DEBUG sun.rmi.transport.tcp [] - RMI TCP Connection(2)-192.168.208.1: (port 53077) op = 80
2026-09-23 10:11:34.803 [RMI TCP Connection(2)-192.168.208.1] DEBUG sun.rmi.loader [] - RMI TCP Connection(2)-192.168.208.1: name = "javax.management.ObjectName", codebase = ""
2026-09-23 10:11:34.803 [RMI TCP Connection(2)-192.168.208.1] DEBUG javax.management.remote.rmi [] - connectionId=rmi://192.168.208.1  1, name=java.lang:type=Memory, attribute=HeapMemoryUsage
2026-09-23 10:11:34.803 [RMI TCP Connection(2)-192.168.208.1] DEBUG sun.rmi.transport.tcp [] - RMI TCP Connection(2)-192.168.208.1: (port 53077) op = 82
2026-09-23 10:11:34.803 [RMI TCP Connection(2)-192.168.208.1] DEBUG sun.rmi.transport.tcp [] - RMI TCP Connection(2)-192.168.208.1: (port 53077) op = 80
2026-09-23 10:11:34.804 [RMI TCP Connection(2)-192.168.208.1] DEBUG sun.rmi.loader [] - RMI TCP Connection(2)-192.168.208.1: name = "javax.management.ObjectName", codebase = ""
2026-09-23 10:11:34.804 [RMI TCP Connection(2)-192.168.208.1] DEBUG javax.management.remote.rmi [] - connectionId=rmi://192.168.208.1  1, name=java.lang:type=Memory, attribute=HeapMemoryUsage
2026-09-23 10:11:35.806 [RMI TCP Connection(2)-192.168.208.1] DEBUG sun.rmi.transport.tcp [] - RMI TCP Connection(2)-192.168.208.1: (port 53077) op = 82
2026-09-23 10:11:35.806 [RMI TCP Connection(2)-192.168.208.1] DEBUG sun.rmi.transport.tcp [] - RMI TCP Connection(2)-192.168.208.1: (port 53077) op = 80
2026-09-23 10:11:35.806 [RMI TCP Connection(2)-192.168.208.1] DEBUG sun.rmi.loader [] - RMI TCP Connection(2)-192.168.208.1: name = "javax.management.ObjectName", codebase = ""
2026-09-23 10:11:35.808 [RMI TCP Connection(2)-192.168.208.1] DEBUG javax.management.remote.rmi [] - connectionId=rmi://192.168.208.1  1, name=java.lang:type=OperatingSystem, attribute=ProcessCpuLoad
2026-09-23 10:11:35.836 [RMI TCP Connection(2)-192.168.208.1] DEBUG sun.rmi.transport.tcp [] - RMI TCP Connection(2)-192.168.208.1: (port 53077) op = 82
2026-09-23 10:11:35.836 [RMI TCP Connection(2)-192.168.208.1] DEBUG sun.rmi.transport.tcp [] - RMI TCP Connection(2)-192.168.208.1: (port 53077) op = 80
2026-09-23 10:11:35.836 [RMI TCP Connection(2)-192.168.208.1] DEBUG sun.rmi.loader [] - RMI TCP Connection(2)-192.168.208.1: name = "javax.management.ObjectName", codebase = ""
2026-09-23 10:11:35.836 [RMI TCP Connection(2)-192.168.208.1] DEBUG javax.management.remote.rmi [] - connectionId=rmi://192.168.208.1  1, name=java.lang:type=Memory, attribute=HeapMemoryUsage
2026-09-23 10:11:35.836 [RMI TCP Connection(2)-192.168.208.1] DEBUG sun.rmi.transport.tcp [] - RMI TCP Connection(2)-192.168.208.1: (port 53077) op = 80
2026-09-23 10:11:35.837 [RMI TCP Connection(2)-192.168.208.1] DEBUG sun.rmi.loader [] - RMI TCP Connection(2)-192.168.208.1: name = "javax.management.ObjectName", codebase = ""
2026-09-23 10:11:35.837 [RMI TCP Connection(2)-192.168.208.1] DEBUG javax.management.remote.rmi [] - connectionId=rmi://192.168.208.1  1, name=java.lang:type=Memory, attribute=HeapMemoryUsage
2026-09-23 10:11:36.840 [RMI TCP Connection(2)-192.168.208.1] DEBUG sun.rmi.transport.tcp [] - RMI TCP Connection(2)-192.168.208.1: (port 53077) op = 82
2026-09-23 10:11:36.840 [RMI TCP Connection(2)-192.168.208.1] DEBUG sun.rmi.transport.tcp [] - RMI TCP Connection(2)-192.168.208.1: (port 53077) op = 80
2026-09-23 10:11:36.840 [RMI TCP Connection(2)-192.168.208.1] DEBUG sun.rmi.loader [] - RMI TCP Connection(2)-192.168.208.1: name = "javax.management.ObjectName", codebase = ""
2026-09-23 10:11:36.840 [RMI TCP Connection(2)-192.168.208.1] DEBUG javax.management.remote.rmi [] - connectionId=rmi://192.168.208.1  1, name=java.lang:type=OperatingSystem, attribute=ProcessCpuLoad
2026-09-23 10:11:36.867 [RMI TCP Connection(2)-192.168.208.1] DEBUG sun.rmi.transport.tcp [] - RMI TCP Connection(2)-192.168.208.1: (port 53077) op = 82
2026-09-23 10:11:36.869 [RMI TCP Connection(2)-192.168.208.1] DEBUG sun.rmi.transport.tcp [] - RMI TCP Connection(2)-192.168.208.1: (port 53077) op = 80
2026-09-23 10:11:36.869 [RMI TCP Connection(2)-192.168.208.1] DEBUG sun.rmi.loader [] - RMI TCP Connection(2)-192.168.208.1: name = "javax.management.ObjectName", codebase = ""
2026-09-23 10:11:36.869 [RMI TCP Connection(2)-192.168.208.1] DEBUG javax.management.remote.rmi [] - connectionId=rmi://192.168.208.1  1, name=java.lang:type=Memory, attribute=HeapMemoryUsage
2026-09-23 10:11:36.869 [RMI TCP Connection(2)-192.168.208.1] DEBUG sun.rmi.transport.tcp [] - RMI TCP Connection(2)-192.168.208.1: (port 53077) op = 82
2026-09-23 10:11:36.869 [RMI TCP Connection(2)-192.168.208.1] DEBUG sun.rmi.transport.tcp [] - RMI TCP Connection(2)-192.168.208.1: (port 53077) op = 80
2026-09-23 10:11:36.869 [RMI TCP Connection(2)-192.168.208.1] DEBUG sun.rmi.loader [] - RMI TCP Connection(2)-192.168.208.1: name = "javax.management.ObjectName", codebase = ""
2026-09-23 10:11:36.869 [RMI TCP Connection(2)-192.168.208.1] DEBUG javax.management.remote.rmi [] - connectionId=rmi://192.168.208.1  1, name=java.lang:type=Memory, attribute=HeapMemoryUsage
2026-09-23 10:11:37.872 [RMI TCP Connection(2)-192.168.208.1] DEBUG sun.rmi.transport.tcp [] - RMI TCP Connection(2)-192.168.208.1: (port 53077) op = 82
2026-09-23 10:11:37.872 [RMI TCP Connection(2)-192.168.208.1] DEBUG sun.rmi.transport.tcp [] - RMI TCP Connection(2)-192.168.208.1: (port 53077) op = 80
2026-09-23 10:11:37.872 [RMI TCP Connection(2)-192.168.208.1] DEBUG sun.rmi.loader [] - RMI TCP Connection(2)-192.168.208.1: name = "javax.management.ObjectName", codebase = ""
2026-09-23 10:11:37.872 [RMI TCP Connection(2)-192.168.208.1] DEBUG javax.management.remote.rmi [] - connectionId=rmi://192.168.208.1  1, name=java.lang:type=OperatingSystem, attribute=ProcessCpuLoad
2026-09-23 10:11:37.899 [RMI TCP Connection(2)-192.168.208.1] DEBUG sun.rmi.transport.tcp [] - RMI TCP Connection(2)-192.168.208.1: (port 53077) op = 80
2026-09-23 10:11:37.900 [RMI TCP Connection(2)-192.168.208.1] DEBUG sun.rmi.loader [] - RMI TCP Connection(2)-192.168.208.1: name = "javax.management.ObjectName", codebase = ""
2026-09-23 10:11:37.900 [RMI TCP Connection(2)-192.168.208.1] DEBUG javax.management.remote.rmi [] - connectionId=rmi://192.168.208.1  1, name=java.lang:type=Memory, attribute=HeapMemoryUsage
2026-09-23 10:11:37.900 [RMI TCP Connection(2)-192.168.208.1] DEBUG sun.rmi.transport.tcp [] - RMI TCP Connection(2)-192.168.208.1: (port 53077) op = 80
2026-09-23 10:11:37.900 [RMI TCP Connection(2)-192.168.208.1] DEBUG sun.rmi.loader [] - RMI TCP Connection(2)-192.168.208.1: name = "javax.management.ObjectName", codebase = ""
2026-09-23 10:11:37.900 [RMI TCP Connection(2)-192.168.208.1] DEBUG javax.management.remote.rmi [] - connectionId=rmi://192.168.208.1  1, name=java.lang:type=Memory, attribute=HeapMemoryUsage
2026-09-23 10:11:38.902 [RMI TCP Connection(2)-192.168.208.1] DEBUG sun.rmi.transport.tcp [] - RMI TCP Connection(2)-192.168.208.1: (port 53077) op = 82
2026-09-23 10:11:38.902 [RMI TCP Connection(2)-192.168.208.1] DEBUG sun.rmi.transport.tcp [] - RMI TCP Connection(2)-192.168.208.1: (port 53077) op = 80
2026-09-23 10:11:38.902 [RMI TCP Connection(2)-192.168.208.1] DEBUG sun.rmi.loader [] - RMI TCP Connection(2)-192.168.208.1: name = "javax.management.ObjectName", codebase = ""
2026-09-23 10:11:38.902 [RMI TCP Connection(2)-192.168.208.1] DEBUG javax.management.remote.rmi [] - connectionId=rmi://192.168.208.1  1, name=java.lang:type=OperatingSystem, attribute=ProcessCpuLoad
2026-09-23 10:11:38.925 [RMI TCP Connection(2)-192.168.208.1] DEBUG sun.rmi.transport.tcp [] - RMI TCP Connection(2)-192.168.208.1: (port 53077) op = 82
2026-09-23 10:11:38.925 [RMI TCP Connection(2)-192.168.208.1] DEBUG sun.rmi.transport.tcp [] - RMI TCP Connection(2)-192.168.208.1: (port 53077) op = 80
2026-09-23 10:11:38.925 [RMI TCP Connection(2)-192.168.208.1] DEBUG sun.rmi.loader [] - RMI TCP Connection(2)-192.168.208.1: name = "javax.management.ObjectName", codebase = ""
2026-09-23 10:11:38.925 [RMI TCP Connection(2)-192.168.208.1] DEBUG javax.management.remote.rmi [] - connectionId=rmi://192.168.208.1  1, name=java.lang:type=Memory, attribute=HeapMemoryUsage
2026-09-23 10:11:38.926 [RMI TCP Connection(2)-192.168.208.1] DEBUG sun.rmi.transport.tcp [] - RMI TCP Connection(2)-192.168.208.1: (port 53077) op = 82
2026-09-23 10:11:38.926 [RMI TCP Connection(2)-192.168.208.1] DEBUG sun.rmi.transport.tcp [] - RMI TCP Connection(2)-192.168.208.1: (port 53077) op = 80
2026-09-23 10:11:38.926 [RMI TCP Connection(2)-192.168.208.1] DEBUG sun.rmi.loader [] - RMI TCP Connection(2)-192.168.208.1: name = "javax.management.ObjectName", codebase = ""
2026-09-23 10:11:38.926 [RMI TCP Connection(2)-192.168.208.1] DEBUG javax.management.remote.rmi [] - connectionId=rmi://192.168.208.1  1, name=java.lang:type=Memory, attribute=HeapMemoryUsage
2026-09-23 10:11:39.928 [RMI TCP Connection(2)-192.168.208.1] DEBUG sun.rmi.transport.tcp [] - RMI TCP Connection(2)-192.168.208.1: (port 53077) op = 82
2026-09-23 10:11:39.928 [RMI TCP Connection(2)-192.168.208.1] DEBUG sun.rmi.transport.tcp [] - RMI TCP Connection(2)-192.168.208.1: (port 53077) op = 80
2026-09-23 10:11:39.928 [RMI TCP Connection(2)-192.168.208.1] DEBUG sun.rmi.loader [] - RMI TCP Connection(2)-192.168.208.1: name = "javax.management.ObjectName", codebase = ""
2026-09-23 10:11:39.928 [RMI TCP Connection(2)-192.168.208.1] DEBUG javax.management.remote.rmi [] - connectionId=rmi://192.168.208.1  1, name=java.lang:type=OperatingSystem, attribute=ProcessCpuLoad
2026-09-23 10:11:39.947 [RMI TCP Connection(2)-192.168.208.1] DEBUG sun.rmi.transport.tcp [] - RMI TCP Connection(2)-192.168.208.1: (port 53077) op = 82
2026-09-23 10:11:39.947 [RMI TCP Connection(2)-192.168.208.1] DEBUG sun.rmi.transport.tcp [] - RMI TCP Connection(2)-192.168.208.1: (port 53077) op = 80
2026-09-23 10:11:39.949 [RMI TCP Connection(2)-192.168.208.1] DEBUG sun.rmi.loader [] - RMI TCP Connection(2)-192.168.208.1: name = "javax.management.ObjectName", codebase = ""
2026-09-23 10:11:39.949 [RMI TCP Connection(2)-192.168.208.1] DEBUG javax.management.remote.rmi [] - connectionId=rmi://192.168.208.1  1, name=java.lang:type=Memory, attribute=HeapMemoryUsage
2026-09-23 10:11:39.950 [RMI TCP Connection(2)-192.168.208.1] DEBUG sun.rmi.transport.tcp [] - RMI TCP Connection(2)-192.168.208.1: (port 53077) op = 82
2026-09-23 10:11:39.950 [RMI TCP Connection(2)-192.168.208.1] DEBUG sun.rmi.transport.tcp [] - RMI TCP Connection(2)-192.168.208.1: (port 53077) op = 80
2026-09-23 10:11:39.950 [RMI TCP Connection(2)-192.168.208.1] DEBUG sun.rmi.loader [] - RMI TCP Connection(2)-192.168.208.1: name = "javax.management.ObjectName", codebase = ""
2026-09-23 10:11:39.950 [RMI TCP Connection(2)-192.168.208.1] DEBUG javax.management.remote.rmi [] - connectionId=rmi://192.168.208.1  1, name=java.lang:type=Memory, attribute=HeapMemoryUsage
2026-09-23 10:11:40.952 [RMI TCP Connection(2)-192.168.208.1] DEBUG sun.rmi.transport.tcp [] - RMI TCP Connection(2)-192.168.208.1: (port 53077) op = 82
2026-09-23 10:11:40.952 [RMI TCP Connection(2)-192.168.208.1] DEBUG sun.rmi.transport.tcp [] - RMI TCP Connection(2)-192.168.208.1: (port 53077) op = 80
2026-09-23 10:11:40.952 [RMI TCP Connection(2)-192.168.208.1] DEBUG sun.rmi.loader [] - RMI TCP Connection(2)-192.168.208.1: name = "javax.management.ObjectName", codebase = ""
2026-09-23 10:11:40.952 [RMI TCP Connection(2)-192.168.208.1] DEBUG javax.management.remote.rmi [] - connectionId=rmi://192.168.208.1  1, name=java.lang:type=OperatingSystem, attribute=ProcessCpuLoad
2026-09-23 10:11:40.973 [RMI TCP Connection(2)-192.168.208.1] DEBUG sun.rmi.transport.tcp [] - RMI TCP Connection(2)-192.168.208.1: (port 53077) op = 82
2026-09-23 10:11:40.973 [RMI TCP Connection(2)-192.168.208.1] DEBUG sun.rmi.transport.tcp [] - RMI TCP Connection(2)-192.168.208.1: (port 53077) op = 80
2026-09-23 10:11:40.973 [RMI TCP Connection(2)-192.168.208.1] DEBUG sun.rmi.loader [] - RMI TCP Connection(2)-192.168.208.1: name = "javax.management.ObjectName", codebase = ""
2026-09-23 10:11:40.973 [RMI TCP Connection(2)-192.168.208.1] DEBUG javax.management.remote.rmi [] - connectionId=rmi://192.168.208.1  1, name=java.lang:type=Memory, attribute=HeapMemoryUsage
2026-09-23 10:11:40.974 [RMI TCP Connection(2)-192.168.208.1] DEBUG sun.rmi.transport.tcp [] - RMI TCP Connection(2)-192.168.208.1: (port 53077) op = 82
2026-09-23 10:11:40.974 [RMI TCP Connection(2)-192.168.208.1] DEBUG sun.rmi.transport.tcp [] - RMI TCP Connection(2)-192.168.208.1: (port 53077) op = 80
2026-09-23 10:11:40.974 [RMI TCP Connection(2)-192.168.208.1] DEBUG sun.rmi.loader [] - RMI TCP Connection(2)-192.168.208.1: name = "javax.management.ObjectName", codebase = ""
2026-09-23 10:11:40.974 [RMI TCP Connection(2)-192.168.208.1] DEBUG javax.management.remote.rmi [] - connectionId=rmi://192.168.208.1  1, name=java.lang:type=Memory, attribute=HeapMemoryUsage
2026-09-23 10:11:41.976 [RMI TCP Connection(2)-192.168.208.1] DEBUG sun.rmi.transport.tcp [] - RMI TCP Connection(2)-192.168.208.1: (port 53077) op = 82
2026-09-23 10:11:41.976 [RMI TCP Connection(2)-192.168.208.1] DEBUG sun.rmi.transport.tcp [] - RMI TCP Connection(2)-192.168.208.1: (port 53077) op = 80
2026-09-23 10:11:41.976 [RMI TCP Connection(2)-192.168.208.1] DEBUG sun.rmi.loader [] - RMI TCP Connection(2)-192.168.208.1: name = "javax.management.ObjectName", codebase = ""
2026-09-23 10:11:41.976 [RMI TCP Connection(2)-192.168.208.1] DEBUG javax.management.remote.rmi [] - connectionId=rmi://192.168.208.1  1, name=java.lang:type=OperatingSystem, attribute=ProcessCpuLoad
2026-09-23 10:11:42.000 [RMI TCP Connection(2)-192.168.208.1] DEBUG sun.rmi.transport.tcp [] - RMI TCP Connection(2)-192.168.208.1: (port 53077) op = 82
2026-09-23 10:11:42.000 [RMI TCP Connection(2)-192.168.208.1] DEBUG sun.rmi.transport.tcp [] - RMI TCP Connection(2)-192.168.208.1: (port 53077) op = 80
2026-09-23 10:11:42.000 [RMI TCP Connection(2)-192.168.208.1] DEBUG sun.rmi.loader [] - RMI TCP Connection(2)-192.168.208.1: name = "javax.management.ObjectName", codebase = ""
2026-09-23 10:11:42.000 [RMI TCP Connection(2)-192.168.208.1] DEBUG javax.management.remote.rmi [] - connectionId=rmi://192.168.208.1  1, name=java.lang:type=Memory, attribute=HeapMemoryUsage
2026-09-23 10:11:42.000 [RMI TCP Connection(2)-192.168.208.1] DEBUG sun.rmi.transport.tcp [] - RMI TCP Connection(2)-192.168.208.1: (port 53077) op = 82
2026-09-23 10:11:42.001 [RMI TCP Connection(2)-192.168.208.1] DEBUG sun.rmi.transport.tcp [] - RMI TCP Connection(2)-192.168.208.1: (port 53077) op = 80
2026-09-23 10:11:42.001 [RMI TCP Connection(2)-192.168.208.1] DEBUG sun.rmi.loader [] - RMI TCP Connection(2)-192.168.208.1: name = "javax.management.ObjectName", codebase = ""
2026-09-23 10:11:42.001 [RMI TCP Connection(2)-192.168.208.1] DEBUG javax.management.remote.rmi [] - connectionId=rmi://192.168.208.1  1, name=java.lang:type=Memory, attribute=HeapMemoryUsage
2026-09-23 10:11:43.003 [RMI TCP Connection(2)-192.168.208.1] DEBUG sun.rmi.transport.tcp [] - RMI TCP Connection(2)-192.168.208.1: (port 53077) op = 82
2026-09-23 10:11:43.003 [RMI TCP Connection(2)-192.168.208.1] DEBUG sun.rmi.transport.tcp [] - RMI TCP Connection(2)-192.168.208.1: (port 53077) op = 80
2026-09-23 10:11:43.003 [RMI TCP Connection(2)-192.168.208.1] DEBUG sun.rmi.loader [] - RMI TCP Connection(2)-192.168.208.1: name = "javax.management.ObjectName", codebase = ""
2026-09-23 10:11:43.003 [RMI TCP Connection(2)-192.168.208.1] DEBUG javax.management.remote.rmi [] - connectionId=rmi://192.168.208.1  1, name=java.lang:type=OperatingSystem, attribute=ProcessCpuLoad
2026-09-23 10:11:43.025 [RMI TCP Connection(2)-192.168.208.1] DEBUG sun.rmi.transport.tcp [] - RMI TCP Connection(2)-192.168.208.1: (port 53077) op = 82
2026-09-23 10:11:43.025 [RMI TCP Connection(2)-192.168.208.1] DEBUG sun.rmi.transport.tcp [] - RMI TCP Connection(2)-192.168.208.1: (port 53077) op = 80
2026-09-23 10:11:43.025 [RMI TCP Connection(2)-192.168.208.1] DEBUG sun.rmi.loader [] - RMI TCP Connection(2)-192.168.208.1: name = "javax.management.ObjectName", codebase = ""
2026-09-23 10:11:43.026 [RMI TCP Connection(2)-192.168.208.1] DEBUG javax.management.remote.rmi [] - connectionId=rmi://192.168.208.1  1, name=java.lang:type=Memory, attribute=HeapMemoryUsage
2026-09-23 10:11:43.026 [RMI TCP Connection(2)-192.168.208.1] DEBUG sun.rmi.transport.tcp [] - RMI TCP Connection(2)-192.168.208.1: (port 53077) op = 82
2026-09-23 10:11:43.026 [RMI TCP Connection(2)-192.168.208.1] DEBUG sun.rmi.transport.tcp [] - RMI TCP Connection(2)-192.168.208.1: (port 53077) op = 80
2026-09-23 10:11:43.026 [RMI TCP Connection(2)-192.168.208.1] DEBUG sun.rmi.loader [] - RMI TCP Connection(2)-192.168.208.1: name = "javax.management.ObjectName", codebase = ""
2026-09-23 10:11:43.026 [RMI TCP Connection(2)-192.168.208.1] DEBUG javax.management.remote.rmi [] - connectionId=rmi://192.168.208.1  1, name=java.lang:type=Memory, attribute=HeapMemoryUsage
2026-09-23 10:11:44.027 [RMI TCP Connection(2)-192.168.208.1] DEBUG sun.rmi.transport.tcp [] - RMI TCP Connection(2)-192.168.208.1: (port 53077) op = 82
2026-09-23 10:11:44.027 [RMI TCP Connection(2)-192.168.208.1] DEBUG sun.rmi.transport.tcp [] - RMI TCP Connection(2)-192.168.208.1: (port 53077) op = 80
2026-09-23 10:11:44.027 [RMI TCP Connection(2)-192.168.208.1] DEBUG sun.rmi.loader [] - RMI TCP Connection(2)-192.168.208.1: name = "javax.management.ObjectName", codebase = ""
2026-09-23 10:11:44.027 [RMI TCP Connection(2)-192.168.208.1] DEBUG javax.management.remote.rmi [] - connectionId=rmi://192.168.208.1  1, name=java.lang:type=OperatingSystem, attribute=ProcessCpuLoad
2026-09-23 10:11:44.050 [RMI TCP Connection(2)-192.168.208.1] DEBUG sun.rmi.transport.tcp [] - RMI TCP Connection(2)-192.168.208.1: (port 53077) op = 82
2026-09-23 10:11:44.050 [RMI TCP Connection(2)-192.168.208.1] DEBUG sun.rmi.transport.tcp [] - RMI TCP Connection(2)-192.168.208.1: (port 53077) op = 80
2026-09-23 10:11:44.050 [RMI TCP Connection(2)-192.168.208.1] DEBUG sun.rmi.loader [] - RMI TCP Connection(2)-192.168.208.1: name = "javax.management.ObjectName", codebase = ""
2026-09-23 10:11:44.050 [RMI TCP Connection(2)-192.168.208.1] DEBUG javax.management.remote.rmi [] - connectionId=rmi://192.168.208.1  1, name=java.lang:type=Memory, attribute=HeapMemoryUsage
2026-09-23 10:11:44.052 [RMI TCP Connection(2)-192.168.208.1] DEBUG sun.rmi.transport.tcp [] - RMI TCP Connection(2)-192.168.208.1: (port 53077) op = 82
2026-09-23 10:11:44.052 [RMI TCP Connection(2)-192.168.208.1] DEBUG sun.rmi.transport.tcp [] - RMI TCP Connection(2)-192.168.208.1: (port 53077) op = 80
2026-09-23 10:11:44.052 [RMI TCP Connection(2)-192.168.208.1] DEBUG sun.rmi.loader [] - RMI TCP Connection(2)-192.168.208.1: name = "javax.management.ObjectName", codebase = ""
2026-09-23 10:11:44.052 [RMI TCP Connection(2)-192.168.208.1] DEBUG javax.management.remote.rmi [] - connectionId=rmi://192.168.208.1  1, name=java.lang:type=Memory, attribute=HeapMemoryUsage
2026-09-23 10:11:45.053 [RMI TCP Connection(2)-192.168.208.1] DEBUG sun.rmi.transport.tcp [] - RMI TCP Connection(2)-192.168.208.1: (port 53077) op = 82
2026-09-23 10:11:45.053 [RMI TCP Connection(2)-192.168.208.1] DEBUG sun.rmi.transport.tcp [] - RMI TCP Connection(2)-192.168.208.1: (port 53077) op = 80
2026-09-23 10:11:45.053 [RMI TCP Connection(2)-192.168.208.1] DEBUG sun.rmi.loader [] - RMI TCP Connection(2)-192.168.208.1: name = "javax.management.ObjectName", codebase = ""
2026-09-23 10:11:45.053 [RMI TCP Connection(2)-192.168.208.1] DEBUG javax.management.remote.rmi [] - connectionId=rmi://192.168.208.1  1, name=java.lang:type=OperatingSystem, attribute=ProcessCpuLoad
2026-09-23 10:11:45.074 [RMI TCP Connection(2)-192.168.208.1] DEBUG sun.rmi.transport.tcp [] - RMI TCP Connection(2)-192.168.208.1: (port 53077) op = 82
2026-09-23 10:11:45.074 [RMI TCP Connection(2)-192.168.208.1] DEBUG sun.rmi.transport.tcp [] - RMI TCP Connection(2)-192.168.208.1: (port 53077) op = 80
2026-09-23 10:11:45.074 [RMI TCP Connection(2)-192.168.208.1] DEBUG sun.rmi.loader [] - RMI TCP Connection(2)-192.168.208.1: name = "javax.management.ObjectName", codebase = ""
2026-09-23 10:11:45.074 [RMI TCP Connection(2)-192.168.208.1] DEBUG javax.management.remote.rmi [] - connectionId=rmi://192.168.208.1  1, name=java.lang:type=Memory, attribute=HeapMemoryUsage
2026-09-23 10:11:45.074 [RMI TCP Connection(2)-192.168.208.1] DEBUG sun.rmi.transport.tcp [] - RMI TCP Connection(2)-192.168.208.1: (port 53077) op = 82
2026-09-23 10:11:45.074 [RMI TCP Connection(2)-192.168.208.1] DEBUG sun.rmi.transport.tcp [] - RMI TCP Connection(2)-192.168.208.1: (port 53077) op = 80
2026-09-23 10:11:45.076 [RMI TCP Connection(2)-192.168.208.1] DEBUG sun.rmi.loader [] - RMI TCP Connection(2)-192.168.208.1: name = "javax.management.ObjectName", codebase = ""
2026-09-23 10:11:45.076 [RMI TCP Connection(2)-192.168.208.1] DEBUG javax.management.remote.rmi [] - connectionId=rmi://192.168.208.1  1, name=java.lang:type=Memory, attribute=HeapMemoryUsage
2026-09-23 10:11:46.077 [RMI TCP Connection(2)-192.168.208.1] DEBUG sun.rmi.transport.tcp [] - RMI TCP Connection(2)-192.168.208.1: (port 53077) op = 82
2026-09-23 10:11:46.077 [RMI TCP Connection(2)-192.168.208.1] DEBUG sun.rmi.transport.tcp [] - RMI TCP Connection(2)-192.168.208.1: (port 53077) op = 80
2026-09-23 10:11:46.077 [RMI TCP Connection(2)-192.168.208.1] DEBUG sun.rmi.loader [] - RMI TCP Connection(2)-192.168.208.1: name = "javax.management.ObjectName", codebase = ""
2026-09-23 10:11:46.077 [RMI TCP Connection(2)-192.168.208.1] DEBUG javax.management.remote.rmi [] - connectionId=rmi://192.168.208.1  1, name=java.lang:type=OperatingSystem, attribute=ProcessCpuLoad
2026-09-23 10:11:46.100 [RMI TCP Connection(2)-192.168.208.1] DEBUG sun.rmi.transport.tcp [] - RMI TCP Connection(2)-192.168.208.1: (port 53077) op = 82
2026-09-23 10:11:46.100 [RMI TCP Connection(2)-192.168.208.1] DEBUG sun.rmi.transport.tcp [] - RMI TCP Connection(2)-192.168.208.1: (port 53077) op = 80
2026-09-23 10:11:46.100 [RMI TCP Connection(2)-192.168.208.1] DEBUG sun.rmi.loader [] - RMI TCP Connection(2)-192.168.208.1: name = "javax.management.ObjectName", codebase = ""
2026-09-23 10:11:46.100 [RMI TCP Connection(2)-192.168.208.1] DEBUG javax.management.remote.rmi [] - connectionId=rmi://192.168.208.1  1, name=java.lang:type=Memory, attribute=HeapMemoryUsage
2026-09-23 10:11:46.100 [RMI TCP Connection(2)-192.168.208.1] DEBUG sun.rmi.transport.tcp [] - RMI TCP Connection(2)-192.168.208.1: (port 53077) op = 82
2026-09-23 10:11:46.101 [RMI TCP Connection(2)-192.168.208.1] DEBUG sun.rmi.transport.tcp [] - RMI TCP Connection(2)-192.168.208.1: (port 53077) op = 80
2026-09-23 10:11:46.101 [RMI TCP Connection(2)-192.168.208.1] DEBUG sun.rmi.loader [] - RMI TCP Connection(2)-192.168.208.1: name = "javax.management.ObjectName", codebase = ""
2026-09-23 10:11:46.101 [RMI TCP Connection(2)-192.168.208.1] DEBUG javax.management.remote.rmi [] - connectionId=rmi://192.168.208.1  1, name=java.lang:type=Memory, attribute=HeapMemoryUsage
2026-09-23 10:11:47.103 [RMI TCP Connection(2)-192.168.208.1] DEBUG sun.rmi.transport.tcp [] - RMI TCP Connection(2)-192.168.208.1: (port 53077) op = 82
2026-09-23 10:11:47.103 [RMI TCP Connection(2)-192.168.208.1] DEBUG sun.rmi.transport.tcp [] - RMI TCP Connection(2)-192.168.208.1: (port 53077) op = 80
2026-09-23 10:11:47.103 [RMI TCP Connection(2)-192.168.208.1] DEBUG sun.rmi.loader [] - RMI TCP Connection(2)-192.168.208.1: name = "javax.management.ObjectName", codebase = ""
2026-09-23 10:11:47.103 [RMI TCP Connection(2)-192.168.208.1] DEBUG javax.management.remote.rmi [] - connectionId=rmi://192.168.208.1  1, name=java.lang:type=OperatingSystem, attribute=ProcessCpuLoad
2026-09-23 10:11:47.127 [RMI TCP Connection(2)-192.168.208.1] DEBUG sun.rmi.transport.tcp [] - RMI TCP Connection(2)-192.168.208.1: (port 53077) op = 82
2026-09-23 10:11:47.129 [RMI TCP Connection(2)-192.168.208.1] DEBUG sun.rmi.transport.tcp [] - RMI TCP Connection(2)-192.168.208.1: (port 53077) op = 80
2026-09-23 10:11:47.129 [RMI TCP Connection(2)-192.168.208.1] DEBUG sun.rmi.loader [] - RMI TCP Connection(2)-192.168.208.1: name = "javax.management.ObjectName", codebase = ""
2026-09-23 10:11:47.129 [RMI TCP Connection(2)-192.168.208.1] DEBUG javax.management.remote.rmi [] - connectionId=rmi://192.168.208.1  1, name=java.lang:type=Memory, attribute=HeapMemoryUsage
2026-09-23 10:11:47.129 [RMI TCP Connection(2)-192.168.208.1] DEBUG sun.rmi.transport.tcp [] - RMI TCP Connection(2)-192.168.208.1: (port 53077) op = 80
2026-09-23 10:11:47.129 [RMI TCP Connection(2)-192.168.208.1] DEBUG sun.rmi.loader [] - RMI TCP Connection(2)-192.168.208.1: name = "javax.management.ObjectName", codebase = ""
2026-09-23 10:11:47.129 [RMI TCP Connection(2)-192.168.208.1] DEBUG javax.management.remote.rmi [] - connectionId=rmi://192.168.208.1  1, name=java.lang:type=Memory, attribute=HeapMemoryUsage
2026-09-23 10:11:48.130 [RMI TCP Connection(2)-192.168.208.1] DEBUG sun.rmi.transport.tcp [] - RMI TCP Connection(2)-192.168.208.1: (port 53077) op = 82
2026-09-23 10:11:48.130 [RMI TCP Connection(2)-192.168.208.1] DEBUG sun.rmi.transport.tcp [] - RMI TCP Connection(2)-192.168.208.1: (port 53077) op = 80
2026-09-23 10:11:48.130 [RMI TCP Connection(2)-192.168.208.1] DEBUG sun.rmi.loader [] - RMI TCP Connection(2)-192.168.208.1: name = "javax.management.ObjectName", codebase = ""
2026-09-23 10:11:48.130 [RMI TCP Connection(2)-192.168.208.1] DEBUG javax.management.remote.rmi [] - connectionId=rmi://192.168.208.1  1, name=java.lang:type=OperatingSystem, attribute=ProcessCpuLoad
2026-09-23 10:11:48.153 [RMI TCP Connection(2)-192.168.208.1] DEBUG sun.rmi.transport.tcp [] - RMI TCP Connection(2)-192.168.208.1: (port 53077) op = 82
2026-09-23 10:11:48.153 [RMI TCP Connection(2)-192.168.208.1] DEBUG sun.rmi.transport.tcp [] - RMI TCP Connection(2)-192.168.208.1: (port 53077) op = 80
2026-09-23 10:11:48.153 [RMI TCP Connection(2)-192.168.208.1] DEBUG sun.rmi.loader [] - RMI TCP Connection(2)-192.168.208.1: name = "javax.management.ObjectName", codebase = ""
2026-09-23 10:11:48.153 [RMI TCP Connection(2)-192.168.208.1] DEBUG javax.management.remote.rmi [] - connectionId=rmi://192.168.208.1  1, name=java.lang:type=Memory, attribute=HeapMemoryUsage
2026-09-23 10:11:48.154 [RMI TCP Connection(2)-192.168.208.1] DEBUG sun.rmi.transport.tcp [] - RMI TCP Connection(2)-192.168.208.1: (port 53077) op = 82
2026-09-23 10:11:48.154 [RMI TCP Connection(2)-192.168.208.1] DEBUG sun.rmi.transport.tcp [] - RMI TCP Connection(2)-192.168.208.1: (port 53077) op = 80
2026-09-23 10:11:48.154 [RMI TCP Connection(2)-192.168.208.1] DEBUG sun.rmi.loader [] - RMI TCP Connection(2)-192.168.208.1: name = "javax.management.ObjectName", codebase = ""
2026-09-23 10:11:48.154 [RMI TCP Connection(2)-192.168.208.1] DEBUG javax.management.remote.rmi [] - connectionId=rmi://192.168.208.1  1, name=java.lang:type=Memory, attribute=HeapMemoryUsage
2026-09-23 10:11:49.156 [RMI TCP Connection(2)-192.168.208.1] DEBUG sun.rmi.transport.tcp [] - RMI TCP Connection(2)-192.168.208.1: (port 53077) op = 82
2026-09-23 10:11:49.156 [RMI TCP Connection(2)-192.168.208.1] DEBUG sun.rmi.transport.tcp [] - RMI TCP Connection(2)-192.168.208.1: (port 53077) op = 80
2026-09-23 10:11:49.156 [RMI TCP Connection(2)-192.168.208.1] DEBUG sun.rmi.loader [] - RMI TCP Connection(2)-192.168.208.1: name = "javax.management.ObjectName", codebase = ""
2026-09-23 10:11:49.156 [RMI TCP Connection(2)-192.168.208.1] DEBUG javax.management.remote.rmi [] - connectionId=rmi://192.168.208.1  1, name=java.lang:type=OperatingSystem, attribute=ProcessCpuLoad
2026-09-23 10:11:49.177 [RMI TCP Connection(2)-192.168.208.1] DEBUG sun.rmi.transport.tcp [] - RMI TCP Connection(2)-192.168.208.1: (port 53077) op = 82
2026-09-23 10:11:49.177 [RMI TCP Connection(2)-192.168.208.1] DEBUG sun.rmi.transport.tcp [] - RMI TCP Connection(2)-192.168.208.1: (port 53077) op = 80
2026-09-23 10:11:49.177 [RMI TCP Connection(2)-192.168.208.1] DEBUG sun.rmi.loader [] - RMI TCP Connection(2)-192.168.208.1: name = "javax.management.ObjectName", codebase = ""
2026-09-23 10:11:49.177 [RMI TCP Connection(2)-192.168.208.1] DEBUG javax.management.remote.rmi [] - connectionId=rmi://192.168.208.1  1, name=java.lang:type=Memory, attribute=HeapMemoryUsage
2026-09-23 10:11:49.179 [RMI TCP Connection(2)-192.168.208.1] DEBUG sun.rmi.transport.tcp [] - RMI TCP Connection(2)-192.168.208.1: (port 53077) op = 82
2026-09-23 10:11:49.179 [RMI TCP Connection(2)-192.168.208.1] DEBUG sun.rmi.transport.tcp [] - RMI TCP Connection(2)-192.168.208.1: (port 53077) op = 80
2026-09-23 10:11:49.179 [RMI TCP Connection(2)-192.168.208.1] DEBUG sun.rmi.loader [] - RMI TCP Connection(2)-192.168.208.1: name = "javax.management.ObjectName", codebase = ""
2026-09-23 10:11:49.179 [RMI TCP Connection(2)-192.168.208.1] DEBUG javax.management.remote.rmi [] - connectionId=rmi://192.168.208.1  1, name=java.lang:type=Memory, attribute=HeapMemoryUsage
2026-09-23 10:11:50.181 [RMI TCP Connection(2)-192.168.208.1] DEBUG sun.rmi.transport.tcp [] - RMI TCP Connection(2)-192.168.208.1: (port 53077) op = 82
2026-09-23 10:11:50.181 [RMI TCP Connection(2)-192.168.208.1] DEBUG sun.rmi.transport.tcp [] - RMI TCP Connection(2)-192.168.208.1: (port 53077) op = 80
2026-09-23 10:11:50.181 [RMI TCP Connection(2)-192.168.208.1] DEBUG sun.rmi.loader [] - RMI TCP Connection(2)-192.168.208.1: name = "javax.management.ObjectName", codebase = ""
2026-09-23 10:11:50.181 [RMI TCP Connection(2)-192.168.208.1] DEBUG javax.management.remote.rmi [] - connectionId=rmi://192.168.208.1  1, name=java.lang:type=OperatingSystem, attribute=ProcessCpuLoad
2026-09-23 10:11:50.204 [RMI TCP Connection(2)-192.168.208.1] DEBUG sun.rmi.transport.tcp [] - RMI TCP Connection(2)-192.168.208.1: (port 53077) op = 82
2026-09-23 10:11:50.205 [RMI TCP Connection(2)-192.168.208.1] DEBUG sun.rmi.transport.tcp [] - RMI TCP Connection(2)-192.168.208.1: (port 53077) op = 80
2026-09-23 10:11:50.205 [RMI TCP Connection(2)-192.168.208.1] DEBUG sun.rmi.loader [] - RMI TCP Connection(2)-192.168.208.1: name = "javax.management.ObjectName", codebase = ""
2026-09-23 10:11:50.205 [RMI TCP Connection(2)-192.168.208.1] DEBUG javax.management.remote.rmi [] - connectionId=rmi://192.168.208.1  1, name=java.lang:type=Memory, attribute=HeapMemoryUsage
2026-09-23 10:11:50.205 [RMI TCP Connection(2)-192.168.208.1] DEBUG sun.rmi.transport.tcp [] - RMI TCP Connection(2)-192.168.208.1: (port 53077) op = 82
2026-09-23 10:11:50.205 [RMI TCP Connection(2)-192.168.208.1] DEBUG sun.rmi.transport.tcp [] - RMI TCP Connection(2)-192.168.208.1: (port 53077) op = 80
2026-09-23 10:11:50.205 [RMI TCP Connection(2)-192.168.208.1] DEBUG sun.rmi.loader [] - RMI TCP Connection(2)-192.168.208.1: name = "javax.management.ObjectName", codebase = ""
2026-09-23 10:11:50.206 [RMI TCP Connection(2)-192.168.208.1] DEBUG javax.management.remote.rmi [] - connectionId=rmi://192.168.208.1  1, name=java.lang:type=Memory, attribute=HeapMemoryUsage
2026-09-23 10:11:51.207 [RMI TCP Connection(2)-192.168.208.1] DEBUG sun.rmi.transport.tcp [] - RMI TCP Connection(2)-192.168.208.1: (port 53077) op = 82
2026-09-23 10:11:51.207 [RMI TCP Connection(2)-192.168.208.1] DEBUG sun.rmi.transport.tcp [] - RMI TCP Connection(2)-192.168.208.1: (port 53077) op = 80
2026-09-23 10:11:51.207 [RMI TCP Connection(2)-192.168.208.1] DEBUG sun.rmi.loader [] - RMI TCP Connection(2)-192.168.208.1: name = "javax.management.ObjectName", codebase = ""
2026-09-23 10:11:51.207 [RMI TCP Connection(2)-192.168.208.1] DEBUG javax.management.remote.rmi [] - connectionId=rmi://192.168.208.1  1, name=java.lang:type=OperatingSystem, attribute=ProcessCpuLoad
2026-09-23 10:11:51.227 [RMI TCP Connection(2)-192.168.208.1] DEBUG sun.rmi.transport.tcp [] - RMI TCP Connection(2)-192.168.208.1: (port 53077) op = 82
2026-09-23 10:11:51.227 [RMI TCP Connection(2)-192.168.208.1] DEBUG sun.rmi.transport.tcp [] - RMI TCP Connection(2)-192.168.208.1: (port 53077) op = 80
2026-09-23 10:11:51.229 [RMI TCP Connection(2)-192.168.208.1] DEBUG sun.rmi.loader [] - RMI TCP Connection(2)-192.168.208.1: name = "javax.management.ObjectName", codebase = ""
2026-09-23 10:11:51.229 [RMI TCP Connection(2)-192.168.208.1] DEBUG javax.management.remote.rmi [] - connectionId=rmi://192.168.208.1  1, name=java.lang:type=Memory, attribute=HeapMemoryUsage
2026-09-23 10:11:51.230 [RMI TCP Connection(2)-192.168.208.1] DEBUG sun.rmi.transport.tcp [] - RMI TCP Connection(2)-192.168.208.1: (port 53077) op = 82
2026-09-23 10:11:51.230 [RMI TCP Connection(2)-192.168.208.1] DEBUG sun.rmi.transport.tcp [] - RMI TCP Connection(2)-192.168.208.1: (port 53077) op = 80
2026-09-23 10:11:51.230 [RMI TCP Connection(2)-192.168.208.1] DEBUG sun.rmi.loader [] - RMI TCP Connection(2)-192.168.208.1: name = "javax.management.ObjectName", codebase = ""
2026-09-23 10:11:51.230 [RMI TCP Connection(2)-192.168.208.1] DEBUG javax.management.remote.rmi [] - connectionId=rmi://192.168.208.1  1, name=java.lang:type=Memory, attribute=HeapMemoryUsage
2026-09-23 10:11:52.230 [RMI TCP Connection(2)-192.168.208.1] DEBUG sun.rmi.transport.tcp [] - RMI TCP Connection(2)-192.168.208.1: (port 53077) op = 82
2026-09-23 10:11:52.230 [RMI TCP Connection(2)-192.168.208.1] DEBUG sun.rmi.transport.tcp [] - RMI TCP Connection(2)-192.168.208.1: (port 53077) op = 80
2026-09-23 10:11:52.230 [RMI TCP Connection(2)-192.168.208.1] DEBUG sun.rmi.loader [] - RMI TCP Connection(2)-192.168.208.1: name = "javax.management.ObjectName", codebase = ""
2026-09-23 10:11:52.231 [RMI TCP Connection(2)-192.168.208.1] DEBUG javax.management.remote.rmi [] - connectionId=rmi://192.168.208.1  1, name=java.lang:type=OperatingSystem, attribute=ProcessCpuLoad
2026-09-23 10:11:52.258 [RMI TCP Connection(2)-192.168.208.1] DEBUG sun.rmi.transport.tcp [] - RMI TCP Connection(2)-192.168.208.1: (port 53077) op = 82
2026-09-23 10:11:52.258 [RMI TCP Connection(2)-192.168.208.1] DEBUG sun.rmi.transport.tcp [] - RMI TCP Connection(2)-192.168.208.1: (port 53077) op = 80
2026-09-23 10:11:52.258 [RMI TCP Connection(2)-192.168.208.1] DEBUG sun.rmi.loader [] - RMI TCP Connection(2)-192.168.208.1: name = "javax.management.ObjectName", codebase = ""
2026-09-23 10:11:52.258 [RMI TCP Connection(2)-192.168.208.1] DEBUG javax.management.remote.rmi [] - connectionId=rmi://192.168.208.1  1, name=java.lang:type=Memory, attribute=HeapMemoryUsage
2026-09-23 10:11:52.259 [RMI TCP Connection(2)-192.168.208.1] DEBUG sun.rmi.transport.tcp [] - RMI TCP Connection(2)-192.168.208.1: (port 53077) op = 82
2026-09-23 10:11:52.259 [RMI TCP Connection(2)-192.168.208.1] DEBUG sun.rmi.transport.tcp [] - RMI TCP Connection(2)-192.168.208.1: (port 53077) op = 80
2026-09-23 10:11:52.259 [RMI TCP Connection(2)-192.168.208.1] DEBUG sun.rmi.loader [] - RMI TCP Connection(2)-192.168.208.1: name = "javax.management.ObjectName", codebase = ""
2026-09-23 10:11:52.259 [RMI TCP Connection(2)-192.168.208.1] DEBUG javax.management.remote.rmi [] - connectionId=rmi://192.168.208.1  1, name=java.lang:type=Memory, attribute=HeapMemoryUsage
2026-09-23 10:11:52.886 [SIGINT handler] DEBUG java.lang.Runtime [] - Runtime.exit() called with status: 130
java.lang.Throwable: Runtime.exit(130)
	at java.base/java.lang.Shutdown.logRuntimeExit(Shutdown.java:179)
	at java.base/java.lang.Shutdown.exit(Shutdown.java:160)
	at java.base/java.lang.Terminator$1.handle(Terminator.java:51)
	at java.base/jdk.internal.misc.Signal$1.run(Signal.java:218)
	at java.base/java.lang.Thread.run(Thread.java:1583)
2026-09-23 10:11:52.886 [SpringApplicationShutdownHook] DEBUG o.s.b.a.ApplicationAvailabilityBean [] - Application availability state ReadinessState changed from ACCEPTING_TRAFFIC to REFUSING_TRAFFIC
2026-09-23 10:11:52.886 [SpringApplicationShutdownHook] DEBUG o.s.b.w.s.s.c.AnnotationConfigServletWebServerApplicationContext [] - Closing org.springframework.boot.web.server.servlet.context.AnnotationConfigServletWebServerApplicationContext@356dfaae, started on Wed Sep 23 10:11:32 CST 2026
2026-09-23 10:11:52.887 [SpringApplicationShutdownHook] DEBUG o.s.c.s.DefaultLifecycleProcessor [] - Stopping beans in phase 2147482623
2026-09-23 10:11:52.887 [SpringApplicationShutdownHook] INFO  o.s.boot.tomcat.GracefulShutdown [] - Commencing graceful shutdown. Waiting for active requests to complete
2026-09-23 10:11:52.892 [tomcat-shutdown] INFO  o.s.boot.tomcat.GracefulShutdown [] - Graceful shutdown complete
2026-09-23 10:11:52.892 [SpringApplicationShutdownHook] DEBUG o.s.c.s.DefaultLifecycleProcessor [] - Stopping beans in phase 2147481599
2026-09-23 10:11:52.892 [tomcat-shutdown] DEBUG o.s.c.s.DefaultLifecycleProcessor [] - Bean 'webServerGracefulShutdown' completed its stop procedure
2026-09-23 10:11:52.892 [SpringApplicationShutdownHook] DEBUG o.s.c.s.DefaultLifecycleProcessor [] - Bean 'webServerStartStop' completed its stop procedure
2026-09-23 10:11:52.892 [SpringApplicationShutdownHook] DEBUG o.s.c.s.DefaultLifecycleProcessor [] - Stopping beans in phase 1073741823
2026-09-23 10:11:52.892 [SpringApplicationShutdownHook] DEBUG o.s.c.s.DefaultLifecycleProcessor [] - Bean 'applicationTaskExecutor' completed its stop procedure
2026-09-23 10:11:52.892 [SpringApplicationShutdownHook] DEBUG o.s.c.s.DefaultLifecycleProcessor [] - Stopping beans in phase -2147483647
2026-09-23 10:11:52.892 [SpringApplicationShutdownHook] DEBUG o.s.c.s.DefaultLifecycleProcessor [] - Bean 'springBootLoggingLifecycle' completed its stop procedure
2026-09-23 10:11:52.893 [SpringApplicationShutdownHook] DEBUG o.s.j.e.a.AnnotationMBeanExporter [] - Unregistering JMX-exposed beans on shutdown
2026-09-23 10:11:52.893 [SpringApplicationShutdownHook] DEBUG o.s.s.c.ThreadPoolTaskExecutor [] - Shutting down ExecutorService 'applicationTaskExecutor'
2026-09-23 10:11:54.407 [restartedMain] INFO  t.zff06.logging.LoggingApplication [] - Starting LoggingApplication using Java 21.0.12.1 with PID 34700 (D:\Tools\Projects\backend-learning\03-logging\target\classes started by zff06 in D:\Tools\Projects\backend-learning)
2026-09-23 10:11:54.409 [restartedMain] DEBUG t.zff06.logging.LoggingApplication [] - Running with Spring Boot v4.1.1, Spring v7.0.9
2026-09-23 10:11:54.409 [restartedMain] INFO  t.zff06.logging.LoggingApplication [] - The following 1 profile is active: "prod"
2026-09-23 10:11:54.433 [restartedMain] INFO  o.s.b.d.e.DevToolsPropertyDefaultsPostProcessor [] - Devtools property defaults active! Set 'spring.devtools.add-properties' to 'false' to disable
2026-09-23 10:11:54.433 [restartedMain] INFO  o.s.b.d.e.DevToolsPropertyDefaultsPostProcessor [] - For additional web related logging consider setting the 'logging.level.web' property to 'DEBUG'
2026-09-23 10:11:54.800 [restartedMain] INFO  o.s.boot.tomcat.TomcatWebServer [] - Tomcat initialized with port 8003 (http)
2026-09-23 10:11:54.808 [restartedMain] INFO  o.a.coyote.http11.Http11NioProtocol [] - Initializing ProtocolHandler ["http-nio-8003"]
2026-09-23 10:11:54.810 [restartedMain] INFO  o.a.catalina.core.StandardService [] - Starting service [Tomcat]
2026-09-23 10:11:54.810 [restartedMain] INFO  o.a.catalina.core.StandardEngine [] - Starting Servlet engine: [Apache Tomcat/11.0.24]
2026-09-23 10:11:54.832 [restartedMain] INFO  o.s.b.w.c.s.WebApplicationContextInitializer [] - Root WebApplicationContext: initialization completed in 399 ms
2026-09-23 10:11:54.994 [restartedMain] INFO  o.a.coyote.http11.Http11NioProtocol [] - Starting ProtocolHandler ["http-nio-8003"]
2026-09-23 10:11:55.005 [restartedMain] INFO  o.s.boot.tomcat.TomcatWebServer [] - Tomcat started on port 8003 (http) with context path '/'
2026-09-23 10:11:55.008 [restartedMain] INFO  t.zff06.logging.LoggingApplication [] - Started LoggingApplication in 0.892 seconds (process running for 1.259)
2026-09-23 10:15:50.483 [SpringApplicationShutdownHook] INFO  o.s.boot.tomcat.GracefulShutdown [] - Commencing graceful shutdown. Waiting for active requests to complete
2026-09-23 10:15:50.487 [tomcat-shutdown] INFO  o.s.boot.tomcat.GracefulShutdown [] - Graceful shutdown complete
